200	https://irsa.ipac.caltech.edu/data/SPITZER/S4G/galaxies/NGC3346/P4/NGC3346.phot.1_nonan.fits.gz
200	https://irsa.ipac.caltech.edu/data/SPITZER/S4G/galaxies/NGC3338/P4/NGC3338.phot.1_nonan.fits.gz
200	https://irsa.ipac.caltech.edu/data/SPITZER/S4G/galaxies/NGC3365/P4/NGC3365.phot.1_nonan.fits.gz
200	https://irsa.ipac.caltech.edu/data/SPITZER/S4G/galaxies/NGC5746/P4/NGC5746.phot.1_nonan.fits.gz
200	https://irsa.ipac.caltech.edu/data/SPITZER/S4G/galaxies/NGC3361/P4/NGC3361.phot.1_nonan.fits.gz
200	https://irsa.ipac.caltech.edu/data/SPITZER/S4G/galaxies/NGC3351/P4/NGC3351.phot.1_nonan.fits.gz
200	https://irsa.ipac.caltech.edu/data/SPITZER/S4G/galaxies/NGC3329/P4/NGC3329.phot.1_nonan.fits.gz
200	https://irsa.ipac.caltech.edu/data/SPITZER/S4G/galaxies/NGC3364/P4/NGC3364.phot.1_nonan.fits.gz
200	https://irsa.ipac.caltech.edu/data/SPITZER/S4G/galaxies/NGC3359/P4/NGC3359.phot.1_nonan.fits.gz
200	https://irsa.ipac.caltech.edu/data/SPITZER/S4G/galaxies/NGC3368/P4/NGC3368.phot.1_nonan.fits.gz
200	https://irsa.ipac.caltech.edu/data/SPITZER/S4G/galaxies/NGC3344/P4/NGC3344.phot.1_nonan.fits.gz
200	https://irsa.ipac.caltech.edu/data/SPITZER/S4G/galaxies/NGC3370/P4/NGC3370.phot.1_nonan.fits.gz
200	https://irsa.ipac.caltech.edu/data/SPITZER/S4G/galaxies/NGC3353/P4/NGC3353.phot.1_nonan.fits.gz
200	https://irsa.ipac.caltech.edu/data/SPITZER/S4G/galaxies/NGC3321/P4/NGC3321.phot.1_nonan.fits.gz
200	https://irsa.ipac.caltech.edu/data/SPITZER/S4G/galaxies/NGC5744/P4/NGC5744.phot.1_nonan.fits.gz
200	https://irsa.ipac.caltech.edu/data/SPITZER/S4G/galaxies/NGC5750/P4/NGC5750.phot.1_nonan.fits.gz
200	https://irsa.ipac.caltech.edu/data/SPITZER/S4G/galaxies/NGC5756/P4/NGC5756.phot.1_nonan.fits.gz
200	https://irsa.ipac.caltech.edu/data/SPITZER/S4G/galaxies/NGC5762/P4/NGC5762.phot.1_nonan.fits.gz
200	https://irsa.ipac.caltech.edu/data/SPITZER/S4G/galaxies/NGC5757/P4/NGC5757.phot.1_nonan.fits.gz
200	https://irsa.ipac.caltech.edu/data/SPITZER/S4G/galaxies/NGC5768/P4/NGC5768.phot.1_nonan.fits.gz
200	https://irsa.ipac.caltech.edu/data/SPITZER/S4G/galaxies/NGC5774/P4/NGC5774.phot.1_nonan.fits.gz
200	https://irsa.ipac.caltech.edu/data/SPITZER/S4G/galaxies/NGC5770/P4/NGC5770.phot.1_nonan.fits.gz
200	https://irsa.ipac.caltech.edu/data/SPITZER/S4G/galaxies/NGC5775/P4/NGC5775.phot.1_nonan.fits.gz
200	https://irsa.ipac.caltech.edu/data/SPITZER/S4G/galaxies/NGC5781/P4/NGC5781.phot.1_nonan.fits.gz
200	https://irsa.ipac.caltech.edu/data/SPITZER/S4G/galaxies/NGC5777/P4/NGC5777.phot.1_nonan.fits.gz
200	https://irsa.ipac.caltech.edu/data/SPITZER/S4G/galaxies/NGC5783/P4/NGC5783.phot.1_nonan.fits.gz
200	https://irsa.ipac.caltech.edu/data/SPITZER/S4G/galaxies/PGC043679/P4/PGC043679.phot.1_nonan.fits.gz
200	https://irsa.ipac.caltech.edu/data/SPITZER/S4G/galaxies/PGC044157/P4/PGC044157.phot.1_nonan.fits.gz
200	https://irsa.ipac.caltech.edu/data/SPITZER/S4G/galaxies/PGC043970/P4/PGC043970.phot.1_nonan.fits.gz
200	https://irsa.ipac.caltech.edu/data/SPITZER/S4G/galaxies/PGC043851/P4/PGC043851.phot.1_nonan.fits.gz
200	https://irsa.ipac.caltech.edu/data/SPITZER/S4G/galaxies/PGC044278/P4/PGC044278.phot.1_nonan.fits.gz
200	https://irsa.ipac.caltech.edu/data/SPITZER/S4G/galaxies/PGC044358/P4/PGC044358.phot.1_nonan.fits.gz
404	https://irsa.ipac.caltech.edu/data/SPITZER/S4G/galaxies/NGC5343/P4/NGC5343.phot.1_nonan.fits.gz
404	https://irsa.ipac.caltech.edu/data/SPITZER/S4G/galaxies/NGC1373/P4/NGC1373.phot.1_nonan.fits.gz
404	https://irsa.ipac.caltech.edu/data/SPITZER/S4G/galaxies/NGC5322/P4/NGC5322.phot.1_nonan.fits.gz
404	https://irsa.ipac.caltech.edu/data/SPITZER/S4G/galaxies/NGC5358/P4/NGC5358.phot.1_nonan.fits.gz
404	https://irsa.ipac.caltech.edu/data/SPITZER/S4G/galaxies/NGC5439/P4/NGC5439.phot.1_nonan.fits.gz
404	https://irsa.ipac.caltech.edu/data/SPITZER/S4G/galaxies/NGC5379/P4/NGC5379.phot.1_nonan.fits.gz
404	https://irsa.ipac.caltech.edu/data/SPITZER/S4G/galaxies/NGC5389/P4/NGC5389.phot.1_nonan.fits.gz
200	https://irsa.ipac.caltech.edu/data/SPITZER/S4G/galaxies/PGC044532/P4/PGC044532.phot.1_nonan.fits.gz
200	https://irsa.ipac.caltech.edu/data/SPITZER/S4G/galaxies/PGC044954/P4/PGC044954.phot.1_nonan.fits.gz
200	https://irsa.ipac.caltech.edu/data/SPITZER/S4G/galaxies/PGC044506/P4/PGC044506.phot.1_nonan.fits.gz
200	https://irsa.ipac.caltech.edu/data/SPITZER/S4G/galaxies/PGC044952/P4/PGC044952.phot.1_nonan.fits.gz
200	https://irsa.ipac.caltech.edu/data/SPITZER/S4G/galaxies/NGC4141/P4/NGC4141.phot.1_nonan.fits.gz
200	https://irsa.ipac.caltech.edu/data/SPITZER/S4G/galaxies/NGC4144/P4/NGC4144.phot.1_nonan.fits.gz
200	https://irsa.ipac.caltech.edu/data/SPITZER/S4G/galaxies/NGC4142/P4/NGC4142.phot.1_nonan.fits.gz
200	https://irsa.ipac.caltech.edu/data/SPITZER/S4G/galaxies/NGC4145/P4/NGC4145.phot.1_nonan.fits.gz
200	https://irsa.ipac.caltech.edu/data/SPITZER/S4G/galaxies/NGC4151/P4/NGC4151.phot.1_nonan.fits.gz
200	https://irsa.ipac.caltech.edu/data/SPITZER/S4G/galaxies/NGC4152/P4/NGC4152.phot.1_nonan.fits.gz
200	https://irsa.ipac.caltech.edu/data/SPITZER/S4G/galaxies/NGC4157/P4/NGC4157.phot.1_nonan.fits.gz
200	https://irsa.ipac.caltech.edu/data/SPITZER/S4G/galaxies/NGC4158/P4/NGC4158.phot.1_nonan.fits.gz
200	https://irsa.ipac.caltech.edu/data/SPITZER/S4G/galaxies/NGC4159/P4/NGC4159.phot.1_nonan.fits.gz
200	https://irsa.ipac.caltech.edu/data/SPITZER/S4G/galaxies/NGC4162/P4/NGC4162.phot.1_nonan.fits.gz
200	https://irsa.ipac.caltech.edu/data/SPITZER/S4G/galaxies/NGC4163/P4/NGC4163.phot.1_nonan.fits.gz
200	https://irsa.ipac.caltech.edu/data/SPITZER/S4G/galaxies/NGC4165/P4/NGC4165.phot.1_nonan.fits.gz
200	https://irsa.ipac.caltech.edu/data/SPITZER/S4G/galaxies/NGC4173/P4/NGC4173.phot.1_nonan.fits.gz
200	https://irsa.ipac.caltech.edu/data/SPITZER/S4G/galaxies/NGC3522/P4/NGC3522.phot.1_nonan.fits.gz
200	https://irsa.ipac.caltech.edu/data/SPITZER/S4G/galaxies/NGC3526/P4/NGC3526.phot.1_nonan.fits.gz
200	https://irsa.ipac.caltech.edu/data/SPITZER/S4G/galaxies/NGC3547/P4/NGC3547.phot.1_nonan.fits.gz
200	https://irsa.ipac.caltech.edu/data/SPITZER/S4G/galaxies/NGC3583/P4/NGC3583.phot.1_nonan.fits.gz
200	https://irsa.ipac.caltech.edu/data/SPITZER/S4G/galaxies/NGC3592/P4/NGC3592.phot.1_nonan.fits.gz
200	https://irsa.ipac.caltech.edu/data/SPITZER/S4G/galaxies/NGC3589/P4/NGC3589.phot.1_nonan.fits.gz
200	https://irsa.ipac.caltech.edu/data/SPITZER/S4G/galaxies/NGC3549/P4/NGC3549.phot.1_nonan.fits.gz
200	https://irsa.ipac.caltech.edu/data/SPITZER/S4G/galaxies/NGC3593/P4/NGC3593.phot.1_nonan.fits.gz
200	https://irsa.ipac.caltech.edu/data/SPITZER/S4G/galaxies/NGC3596/P4/NGC3596.phot.1_nonan.fits.gz
200	https://irsa.ipac.caltech.edu/data/SPITZER/S4G/galaxies/NGC3599/P4/NGC3599.phot.1_nonan.fits.gz
200	https://irsa.ipac.caltech.edu/data/SPITZER/S4G/galaxies/NGC3600/P4/NGC3600.phot.1_nonan.fits.gz
200	https://irsa.ipac.caltech.edu/data/SPITZER/S4G/galaxies/NGC3608/P4/NGC3608.phot.1_nonan.fits.gz
200	https://irsa.ipac.caltech.edu/data/SPITZER/S4G/galaxies/UGC05423/P4/UGC05423.phot.1_nonan.fits.gz
200	https://irsa.ipac.caltech.edu/data/SPITZER/S4G/galaxies/UGC05427/P4/UGC05427.phot.1_nonan.fits.gz
404	https://irsa.ipac.caltech.edu/data/SPITZER/S4G/galaxies/ESO301-011/P4/ESO301-011.phot.1_nonan.fits.gz
200	https://irsa.ipac.caltech.edu/data/SPITZER/S4G/galaxies/PGC045958/P4/PGC045958.phot.1_nonan.fits.gz
200	https://irsa.ipac.caltech.edu/data/SPITZER/S4G/galaxies/PGC047846/P4/PGC047846.phot.1_nonan.fits.gz
200	https://irsa.ipac.caltech.edu/data/SPITZER/S4G/galaxies/PGC046261/P4/PGC046261.phot.1_nonan.fits.gz
200	https://irsa.ipac.caltech.edu/data/SPITZER/S4G/galaxies/NGC3619/P4/NGC3619.phot.1_nonan.fits.gz
200	https://irsa.ipac.caltech.edu/data/SPITZER/S4G/galaxies/NGC3622/P4/NGC3622.phot.1_nonan.fits.gz
200	https://irsa.ipac.caltech.edu/data/SPITZER/S4G/galaxies/NGC3623/P4/NGC3623.phot.1_nonan.fits.gz
200	https://irsa.ipac.caltech.edu/data/SPITZER/S4G/galaxies/NGC3625/P4/NGC3625.phot.1_nonan.fits.gz
404	https://irsa.ipac.caltech.edu/data/SPITZER/S4G/galaxies/PGC043526/P4/PGC043526.phot.1_nonan.fits.gz
404	https://irsa.ipac.caltech.edu/data/SPITZER/S4G/galaxies/PGC043690/P4/PGC043690.phot.1_nonan.fits.gz
200	https://irsa.ipac.caltech.edu/data/SPITZER/S4G/galaxies/NGC3626/P4/NGC3626.phot.1_nonan.fits.gz
200	https://irsa.ipac.caltech.edu/data/SPITZER/S4G/galaxies/NGC3627/P4/NGC3627.phot.1_nonan.fits.gz
200	https://irsa.ipac.caltech.edu/data/SPITZER/S4G/galaxies/NGC3631/P4/NGC3631.phot.1_nonan.fits.gz
200	https://irsa.ipac.caltech.edu/data/SPITZER/S4G/galaxies/NGC3633/P4/NGC3633.phot.1_nonan.fits.gz
200	https://irsa.ipac.caltech.edu/data/SPITZER/S4G/galaxies/NGC4299/P4/NGC4299.phot.1_nonan.fits.gz
200	https://irsa.ipac.caltech.edu/data/SPITZER/S4G/galaxies/NGC4396/P4/NGC4396.phot.1_nonan.fits.gz
200	https://irsa.ipac.caltech.edu/data/SPITZER/S4G/galaxies/NGC4406/P4/NGC4406.phot.1_nonan.fits.gz
200	https://irsa.ipac.caltech.edu/data/SPITZER/S4G/galaxies/NGC4409/P4/NGC4409.phot.1_nonan.fits.gz
200	https://irsa.ipac.caltech.edu/data/SPITZER/S4G/galaxies/NGC4411A/P4/NGC4411A.phot.1_nonan.fits.gz
200	https://irsa.ipac.caltech.edu/data/SPITZER/S4G/galaxies/NGC4413/P4/NGC4413.phot.1_nonan.fits.gz
200	https://irsa.ipac.caltech.edu/data/SPITZER/S4G/galaxies/NGC4321/P4/NGC4321.phot.1_nonan.fits.gz
404	https://irsa.ipac.caltech.edu/data/SPITZER/S4G/galaxies/IC4197/P4/IC4197.phot.1_nonan.fits.gz
404	https://irsa.ipac.caltech.edu/data/SPITZER/S4G/galaxies/IC3773/P4/IC3773.phot.1_nonan.fits.gz
404	https://irsa.ipac.caltech.edu/data/SPITZER/S4G/galaxies/IC3658/P4/IC3658.phot.1_nonan.fits.gz
404	https://irsa.ipac.caltech.edu/data/SPITZER/S4G/galaxies/IC3735/P4/IC3735.phot.1_nonan.fits.gz
404	https://irsa.ipac.caltech.edu/data/SPITZER/S4G/galaxies/IC4180/P4/IC4180.phot.1_nonan.fits.gz
404	https://irsa.ipac.caltech.edu/data/SPITZER/S4G/galaxies/IC4310/P4/IC4310.phot.1_nonan.fits.gz
200	https://irsa.ipac.caltech.edu/data/SPITZER/S4G/galaxies/NGC5084/P4/NGC5084.phot.1_nonan.fits.gz
200	https://irsa.ipac.caltech.edu/data/SPITZER/S4G/galaxies/NGC5079/P4/NGC5079.phot.1_nonan.fits.gz
200	https://irsa.ipac.caltech.edu/data/SPITZER/S4G/galaxies/NGC5085/P4/NGC5085.phot.1_nonan.fits.gz
200	https://irsa.ipac.caltech.edu/data/SPITZER/S4G/galaxies/NGC5088/P4/NGC5088.phot.1_nonan.fits.gz
200	https://irsa.ipac.caltech.edu/data/SPITZER/S4G/galaxies/NGC5105/P4/NGC5105.phot.1_nonan.fits.gz
200	https://irsa.ipac.caltech.edu/data/SPITZER/S4G/galaxies/NGC5101/P4/NGC5101.phot.1_nonan.fits.gz
200	https://irsa.ipac.caltech.edu/data/SPITZER/S4G/galaxies/NGC5107/P4/NGC5107.phot.1_nonan.fits.gz
200	https://irsa.ipac.caltech.edu/data/SPITZER/S4G/galaxies/NGC5103/P4/NGC5103.phot.1_nonan.fits.gz
200	https://irsa.ipac.caltech.edu/data/SPITZER/S4G/galaxies/NGC5112/P4/NGC5112.phot.1_nonan.fits.gz
200	https://irsa.ipac.caltech.edu/data/SPITZER/S4G/galaxies/NGC5109/P4/NGC5109.phot.1_nonan.fits.gz
200	https://irsa.ipac.caltech.edu/data/SPITZER/S4G/galaxies/NGC5122/P4/NGC5122.phot.1_nonan.fits.gz
200	https://irsa.ipac.caltech.edu/data/SPITZER/S4G/galaxies/NGC5117/P4/NGC5117.phot.1_nonan.fits.gz
200	https://irsa.ipac.caltech.edu/data/SPITZER/S4G/galaxies/NGC5116/P4/NGC5116.phot.1_nonan.fits.gz
200	https://irsa.ipac.caltech.edu/data/SPITZER/S4G/galaxies/NGC4880/P4/NGC4880.phot.1_nonan.fits.gz
200	https://irsa.ipac.caltech.edu/data/SPITZER/S4G/galaxies/NGC4856/P4/NGC4856.phot.1_nonan.fits.gz
200	https://irsa.ipac.caltech.edu/data/SPITZER/S4G/galaxies/NGC4897/P4/NGC4897.phot.1_nonan.fits.gz
200	https://irsa.ipac.caltech.edu/data/SPITZER/S4G/galaxies/NGC4899/P4/NGC4899.phot.1_nonan.fits.gz
200	https://irsa.ipac.caltech.edu/data/SPITZER/S4G/galaxies/NGC4900/P4/NGC4900.phot.1_nonan.fits.gz
200	https://irsa.ipac.caltech.edu/data/SPITZER/S4G/galaxies/NGC4866/P4/NGC4866.phot.1_nonan.fits.gz
200	https://irsa.ipac.caltech.edu/data/SPITZER/S4G/galaxies/NGC4920/P4/NGC4920.phot.1_nonan.fits.gz
200	https://irsa.ipac.caltech.edu/data/SPITZER/S4G/galaxies/NGC4904/P4/NGC4904.phot.1_nonan.fits.gz
200	https://irsa.ipac.caltech.edu/data/SPITZER/S4G/galaxies/NGC4902/P4/NGC4902.phot.1_nonan.fits.gz
200	https://irsa.ipac.caltech.edu/data/SPITZER/S4G/galaxies/NGC4928/P4/NGC4928.phot.1_nonan.fits.gz
200	https://irsa.ipac.caltech.edu/data/SPITZER/S4G/galaxies/NGC5879/P4/NGC5879.phot.1_nonan.fits.gz
200	https://irsa.ipac.caltech.edu/data/SPITZER/S4G/galaxies/NGC4941/P4/NGC4941.phot.1_nonan.fits.gz
200	https://irsa.ipac.caltech.edu/data/SPITZER/S4G/galaxies/NGC5878/P4/NGC5878.phot.1_nonan.fits.gz
200	https://irsa.ipac.caltech.edu/data/SPITZER/S4G/galaxies/NGC5885/P4/NGC5885.phot.1_nonan.fits.gz
200	https://irsa.ipac.caltech.edu/data/SPITZER/S4G/galaxies/ESO510-059/P4/ESO510-059.phot.1_nonan.fits.gz
200	https://irsa.ipac.caltech.edu/data/SPITZER/S4G/galaxies/ESO510-058/P4/ESO510-058.phot.1_nonan.fits.gz
200	https://irsa.ipac.caltech.edu/data/SPITZER/S4G/galaxies/ESO532-014/P4/ESO532-014.phot.1_nonan.fits.gz
200	https://irsa.ipac.caltech.edu/data/SPITZER/S4G/galaxies/ESO532-022/P4/ESO532-022.phot.1_nonan.fits.gz
200	https://irsa.ipac.caltech.edu/data/SPITZER/S4G/galaxies/ESO533-004/P4/ESO533-004.phot.1_nonan.fits.gz
200	https://irsa.ipac.caltech.edu/data/SPITZER/S4G/galaxies/ESO532-032/P4/ESO532-032.phot.1_nonan.fits.gz
200	https://irsa.ipac.caltech.edu/data/SPITZER/S4G/galaxies/ESO533-028/P4/ESO533-028.phot.1_nonan.fits.gz
200	https://irsa.ipac.caltech.edu/data/SPITZER/S4G/galaxies/ESO540-016/P4/ESO540-016.phot.1_nonan.fits.gz
200	https://irsa.ipac.caltech.edu/data/SPITZER/S4G/galaxies/ESO536-003/P4/ESO536-003.phot.1_nonan.fits.gz
200	https://irsa.ipac.caltech.edu/data/SPITZER/S4G/galaxies/ESO540-031/P4/ESO540-031.phot.1_nonan.fits.gz
200	https://irsa.ipac.caltech.edu/data/SPITZER/S4G/galaxies/ESO539-007/P4/ESO539-007.phot.1_nonan.fits.gz
404	https://irsa.ipac.caltech.edu/data/SPITZER/S4G/galaxies/IC5013/P4/IC5013.phot.1_nonan.fits.gz
404	https://irsa.ipac.caltech.edu/data/SPITZER/S4G/galaxies/IC4943/P4/IC4943.phot.1_nonan.fits.gz
404	https://irsa.ipac.caltech.edu/data/SPITZER/S4G/galaxies/IC5131/P4/IC5131.phot.1_nonan.fits.gz
404	https://irsa.ipac.caltech.edu/data/SPITZER/S4G/galaxies/IC5181/P4/IC5181.phot.1_nonan.fits.gz
404	https://irsa.ipac.caltech.edu/data/SPITZER/S4G/galaxies/IC5267B/P4/IC5267B.phot.1_nonan.fits.gz
404	https://irsa.ipac.caltech.edu/data/SPITZER/S4G/galaxies/NGC4720/P4/NGC4720.phot.1_nonan.fits.gz
404	https://irsa.ipac.caltech.edu/data/SPITZER/S4G/galaxies/NGC4742/P4/NGC4742.phot.1_nonan.fits.gz
404	https://irsa.ipac.caltech.edu/data/SPITZER/S4G/galaxies/NGC4784/P4/NGC4784.phot.1_nonan.fits.gz
200	https://irsa.ipac.caltech.edu/data/SPITZER/S4G/galaxies/ESO541-005/P4/ESO541-005.phot.1_nonan.fits.gz
200	https://irsa.ipac.caltech.edu/data/SPITZER/S4G/galaxies/ESO541-004/P4/ESO541-004.phot.1_nonan.fits.gz
200	https://irsa.ipac.caltech.edu/data/SPITZER/S4G/galaxies/NGC4707/P4/NGC4707.phot.1_nonan.fits.gz
200	https://irsa.ipac.caltech.edu/data/SPITZER/S4G/galaxies/NGC4723/P4/NGC4723.phot.1_nonan.fits.gz
200	https://irsa.ipac.caltech.edu/data/SPITZER/S4G/galaxies/NGC4722/P4/NGC4722.phot.1_nonan.fits.gz
200	https://irsa.ipac.caltech.edu/data/SPITZER/S4G/galaxies/NGC4713/P4/NGC4713.phot.1_nonan.fits.gz
200	https://irsa.ipac.caltech.edu/data/SPITZER/S4G/galaxies/NGC4710/P4/NGC4710.phot.1_nonan.fits.gz
200	https://irsa.ipac.caltech.edu/data/SPITZER/S4G/galaxies/NGC4733/P4/NGC4733.phot.1_nonan.fits.gz
200	https://irsa.ipac.caltech.edu/data/SPITZER/S4G/galaxies/NGC4725/P4/NGC4725.phot.1_nonan.fits.gz
200	https://irsa.ipac.caltech.edu/data/SPITZER/S4G/galaxies/NGC4746/P4/NGC4746.phot.1_nonan.fits.gz
200	https://irsa.ipac.caltech.edu/data/SPITZER/S4G/galaxies/NGC4731/P4/NGC4731.phot.1_nonan.fits.gz
200	https://irsa.ipac.caltech.edu/data/SPITZER/S4G/galaxies/NGC3683A/P4/NGC3683A.phot.1_nonan.fits.gz
200	https://irsa.ipac.caltech.edu/data/SPITZER/S4G/galaxies/NGC4736/P4/NGC4736.phot.1_nonan.fits.gz
200	https://irsa.ipac.caltech.edu/data/SPITZER/S4G/galaxies/NGC3683/P4/NGC3683.phot.1_nonan.fits.gz
200	https://irsa.ipac.caltech.edu/data/SPITZER/S4G/galaxies/NGC3686/P4/NGC3686.phot.1_nonan.fits.gz
200	https://irsa.ipac.caltech.edu/data/SPITZER/S4G/galaxies/NGC3684/P4/NGC3684.phot.1_nonan.fits.gz
200	https://irsa.ipac.caltech.edu/data/SPITZER/S4G/galaxies/NGC3687/P4/NGC3687.phot.1_nonan.fits.gz
200	https://irsa.ipac.caltech.edu/data/SPITZER/S4G/galaxies/NGC3689/P4/NGC3689.phot.1_nonan.fits.gz
200	https://irsa.ipac.caltech.edu/data/SPITZER/S4G/galaxies/NGC3701/P4/NGC3701.phot.1_nonan.fits.gz
200	https://irsa.ipac.caltech.edu/data/SPITZER/S4G/galaxies/NGC3692/P4/NGC3692.phot.1_nonan.fits.gz
200	https://irsa.ipac.caltech.edu/data/SPITZER/S4G/galaxies/NGC3712/P4/NGC3712.phot.1_nonan.fits.gz
200	https://irsa.ipac.caltech.edu/data/SPITZER/S4G/galaxies/NGC3691/P4/NGC3691.phot.1_nonan.fits.gz
200	https://irsa.ipac.caltech.edu/data/SPITZER/S4G/galaxies/NGC4370/P4/NGC4370.phot.1_nonan.fits.gz
404	https://irsa.ipac.caltech.edu/data/SPITZER/S4G/galaxies/UGC07178/P4/UGC07178.phot.1_nonan.fits.gz
404	https://irsa.ipac.caltech.edu/data/SPITZER/S4G/galaxies/UGC07179/P4/UGC07179.phot.1_nonan.fits.gz
404	https://irsa.ipac.caltech.edu/data/SPITZER/S4G/galaxies/UGC07238/P4/UGC07238.phot.1_nonan.fits.gz
404	https://irsa.ipac.caltech.edu/data/SPITZER/S4G/galaxies/UGC07346/P4/UGC07346.phot.1_nonan.fits.gz
200	https://irsa.ipac.caltech.edu/data/SPITZER/S4G/galaxies/NGC4369/P4/NGC4369.phot.1_nonan.fits.gz
200	https://irsa.ipac.caltech.edu/data/SPITZER/S4G/galaxies/NGC3715/P4/NGC3715.phot.1_nonan.fits.gz
404	https://irsa.ipac.caltech.edu/data/SPITZER/S4G/galaxies/NGC2679/P4/NGC2679.phot.1_nonan.fits.gz
404	https://irsa.ipac.caltech.edu/data/SPITZER/S4G/galaxies/NGC2778/P4/NGC2778.phot.1_nonan.fits.gz
404	https://irsa.ipac.caltech.edu/data/SPITZER/S4G/galaxies/NGC2950/P4/NGC2950.phot.1_nonan.fits.gz
404	https://irsa.ipac.caltech.edu/data/SPITZER/S4G/galaxies/NGC3030/P4/NGC3030.phot.1_nonan.fits.gz
404	https://irsa.ipac.caltech.edu/data/SPITZER/S4G/galaxies/NGC2853/P4/NGC2853.phot.1_nonan.fits.gz
404	https://irsa.ipac.caltech.edu/data/SPITZER/S4G/galaxies/NGC3156/P4/NGC3156.phot.1_nonan.fits.gz
404	https://irsa.ipac.caltech.edu/data/SPITZER/S4G/galaxies/NGC3226/P4/NGC3226.phot.1_nonan.fits.gz
404	https://irsa.ipac.caltech.edu/data/SPITZER/S4G/galaxies/NGC3292/P4/NGC3292.phot.1_nonan.fits.gz
404	https://irsa.ipac.caltech.edu/data/SPITZER/S4G/galaxies/NGC3348/P4/NGC3348.phot.1_nonan.fits.gz
404	https://irsa.ipac.caltech.edu/data/SPITZER/S4G/galaxies/NGC3375/P4/NGC3375.phot.1_nonan.fits.gz
200	https://irsa.ipac.caltech.edu/data/SPITZER/S4G/galaxies/NGC3705/P4/NGC3705.phot.1_nonan.fits.gz
200	https://irsa.ipac.caltech.edu/data/SPITZER/S4G/galaxies/NGC3027/P4/NGC3027.phot.1_nonan.fits.gz
200	https://irsa.ipac.caltech.edu/data/SPITZER/S4G/galaxies/NGC3032/P4/NGC3032.phot.1_nonan.fits.gz
200	https://irsa.ipac.caltech.edu/data/SPITZER/S4G/galaxies/NGC3043/P4/NGC3043.phot.1_nonan.fits.gz
200	https://irsa.ipac.caltech.edu/data/SPITZER/S4G/galaxies/NGC3041/P4/NGC3041.phot.1_nonan.fits.gz
200	https://irsa.ipac.caltech.edu/data/SPITZER/S4G/galaxies/NGC3049/P4/NGC3049.phot.1_nonan.fits.gz
200	https://irsa.ipac.caltech.edu/data/SPITZER/S4G/galaxies/NGC3031/P4/NGC3031.phot.1_nonan.fits.gz
200	https://irsa.ipac.caltech.edu/data/SPITZER/S4G/galaxies/NGC3034/P4/NGC3034.phot.1_nonan.fits.gz
200	https://irsa.ipac.caltech.edu/data/SPITZER/S4G/galaxies/NGC3057/P4/NGC3057.phot.1_nonan.fits.gz
200	https://irsa.ipac.caltech.edu/data/SPITZER/S4G/galaxies/NGC3044/P4/NGC3044.phot.1_nonan.fits.gz
200	https://irsa.ipac.caltech.edu/data/SPITZER/S4G/galaxies/NGC3055/P4/NGC3055.phot.1_nonan.fits.gz
200	https://irsa.ipac.caltech.edu/data/SPITZER/S4G/galaxies/NGC3906/P4/NGC3906.phot.1_nonan.fits.gz
200	https://irsa.ipac.caltech.edu/data/SPITZER/S4G/galaxies/NGC3913/P4/NGC3913.phot.1_nonan.fits.gz
200	https://irsa.ipac.caltech.edu/data/SPITZER/S4G/galaxies/NGC5691/P4/NGC5691.phot.1_nonan.fits.gz
200	https://irsa.ipac.caltech.edu/data/SPITZER/S4G/galaxies/NGC3904/P4/NGC3904.phot.1_nonan.fits.gz
200	https://irsa.ipac.caltech.edu/data/SPITZER/S4G/galaxies/NGC5693/P4/NGC5693.phot.1_nonan.fits.gz
200	https://irsa.ipac.caltech.edu/data/SPITZER/S4G/galaxies/NGC3912/P4/NGC3912.phot.1_nonan.fits.gz
200	https://irsa.ipac.caltech.edu/data/SPITZER/S4G/galaxies/NGC5707/P4/NGC5707.phot.1_nonan.fits.gz
200	https://irsa.ipac.caltech.edu/data/SPITZER/S4G/galaxies/NGC5701/P4/NGC5701.phot.1_nonan.fits.gz
200	https://irsa.ipac.caltech.edu/data/SPITZER/S4G/galaxies/NGC5708/P4/NGC5708.phot.1_nonan.fits.gz
200	https://irsa.ipac.caltech.edu/data/SPITZER/S4G/galaxies/NGC5713/P4/NGC5713.phot.1_nonan.fits.gz
200	https://irsa.ipac.caltech.edu/data/SPITZER/S4G/galaxies/NGC5719/P4/NGC5719.phot.1_nonan.fits.gz
200	https://irsa.ipac.caltech.edu/data/SPITZER/S4G/galaxies/NGC5714/P4/NGC5714.phot.1_nonan.fits.gz
200	https://irsa.ipac.caltech.edu/data/SPITZER/S4G/galaxies/NGC5729/P4/NGC5729.phot.1_nonan.fits.gz
200	https://irsa.ipac.caltech.edu/data/SPITZER/S4G/galaxies/NGC5728/P4/NGC5728.phot.1_nonan.fits.gz
200	https://irsa.ipac.caltech.edu/data/SPITZER/S4G/galaxies/NGC5730/P4/NGC5730.phot.1_nonan.fits.gz
200	https://irsa.ipac.caltech.edu/data/SPITZER/S4G/galaxies/NGC5740/P4/NGC5740.phot.1_nonan.fits.gz
200	https://irsa.ipac.caltech.edu/data/SPITZER/S4G/galaxies/NGC5731/P4/NGC5731.phot.1_nonan.fits.gz
200	https://irsa.ipac.caltech.edu/data/SPITZER/S4G/galaxies/NGC4374/P4/NGC4374.phot.1_nonan.fits.gz
200	https://irsa.ipac.caltech.edu/data/SPITZER/S4G/galaxies/NGC4378/P4/NGC4378.phot.1_nonan.fits.gz
200	https://irsa.ipac.caltech.edu/data/SPITZER/S4G/galaxies/NGC4380/P4/NGC4380.phot.1_nonan.fits.gz
200	https://irsa.ipac.caltech.edu/data/SPITZER/S4G/galaxies/NGC4384/P4/NGC4384.phot.1_nonan.fits.gz
200	https://irsa.ipac.caltech.edu/data/SPITZER/S4G/galaxies/NGC4371/P4/NGC4371.phot.1_nonan.fits.gz
200	https://irsa.ipac.caltech.edu/data/SPITZER/S4G/galaxies/NGC4376/P4/NGC4376.phot.1_nonan.fits.gz
200	https://irsa.ipac.caltech.edu/data/SPITZER/S4G/galaxies/NGC4385/P4/NGC4385.phot.1_nonan.fits.gz
200	https://irsa.ipac.caltech.edu/data/SPITZER/S4G/galaxies/NGC4389/P4/NGC4389.phot.1_nonan.fits.gz
200	https://irsa.ipac.caltech.edu/data/SPITZER/S4G/galaxies/NGC4383/P4/NGC4383.phot.1_nonan.fits.gz
200	https://irsa.ipac.caltech.edu/data/SPITZER/S4G/galaxies/NGC4390/P4/NGC4390.phot.1_nonan.fits.gz
404	https://irsa.ipac.caltech.edu/data/SPITZER/S4G/galaxies/NGC3377/P4/NGC3377.phot.1_nonan.fits.gz
200	https://irsa.ipac.caltech.edu/data/SPITZER/S4G/galaxies/NGC5012/P4/NGC5012.phot.1_nonan.fits.gz
404	https://irsa.ipac.caltech.edu/data/SPITZER/S4G/galaxies/NGC3379/P4/NGC3379.phot.1_nonan.fits.gz
404	https://irsa.ipac.caltech.edu/data/SPITZER/S4G/galaxies/NGC3412/P4/NGC3412.phot.1_nonan.fits.gz
404	https://irsa.ipac.caltech.edu/data/SPITZER/S4G/galaxies/NGC3458/P4/NGC3458.phot.1_nonan.fits.gz
404	https://irsa.ipac.caltech.edu/data/SPITZER/S4G/galaxies/NGC7351/P4/NGC7351.phot.1_nonan.fits.gz
200	https://irsa.ipac.caltech.edu/data/SPITZER/S4G/galaxies/NGC5014/P4/NGC5014.phot.1_nonan.fits.gz
404	https://irsa.ipac.caltech.edu/data/SPITZER/S4G/galaxies/NGC7404/P4/NGC7404.phot.1_nonan.fits.gz
404	https://irsa.ipac.caltech.edu/data/SPITZER/S4G/galaxies/NGC7507/P4/NGC7507.phot.1_nonan.fits.gz
404	https://irsa.ipac.caltech.edu/data/SPITZER/S4G/galaxies/NGC7454/P4/NGC7454.phot.1_nonan.fits.gz
404	https://irsa.ipac.caltech.edu/data/SPITZER/S4G/galaxies/NGC7484/P4/NGC7484.phot.1_nonan.fits.gz
404	https://irsa.ipac.caltech.edu/data/SPITZER/S4G/galaxies/PGC006637/P4/PGC006637.phot.1_nonan.fits.gz
200	https://irsa.ipac.caltech.edu/data/SPITZER/S4G/galaxies/NGC4388/P4/NGC4388.phot.1_nonan.fits.gz
404	https://irsa.ipac.caltech.edu/data/SPITZER/S4G/galaxies/PGC013058/P4/PGC013058.phot.1_nonan.fits.gz
404	https://irsa.ipac.caltech.edu/data/SPITZER/S4G/galaxies/NGC7632/P4/NGC7632.phot.1_nonan.fits.gz
404	https://irsa.ipac.caltech.edu/data/SPITZER/S4G/galaxies/NGC7710/P4/NGC7710.phot.1_nonan.fits.gz
404	https://irsa.ipac.caltech.edu/data/SPITZER/S4G/galaxies/PGC007045/P4/PGC007045.phot.1_nonan.fits.gz
200	https://irsa.ipac.caltech.edu/data/SPITZER/S4G/galaxies/NGC3928/P4/NGC3928.phot.1_nonan.fits.gz
200	https://irsa.ipac.caltech.edu/data/SPITZER/S4G/galaxies/NGC3922/P4/NGC3922.phot.1_nonan.fits.gz
200	https://irsa.ipac.caltech.edu/data/SPITZER/S4G/galaxies/NGC3930/P4/NGC3930.phot.1_nonan.fits.gz
200	https://irsa.ipac.caltech.edu/data/SPITZER/S4G/galaxies/NGC3931/P4/NGC3931.phot.1_nonan.fits.gz
200	https://irsa.ipac.caltech.edu/data/SPITZER/S4G/galaxies/NGC3917/P4/NGC3917.phot.1_nonan.fits.gz
200	https://irsa.ipac.caltech.edu/data/SPITZER/S4G/galaxies/NGC3936/P4/NGC3936.phot.1_nonan.fits.gz
200	https://irsa.ipac.caltech.edu/data/SPITZER/S4G/galaxies/NGC3938/P4/NGC3938.phot.1_nonan.fits.gz
200	https://irsa.ipac.caltech.edu/data/SPITZER/S4G/galaxies/NGC3941/P4/NGC3941.phot.1_nonan.fits.gz
200	https://irsa.ipac.caltech.edu/data/SPITZER/S4G/galaxies/NGC3949/P4/NGC3949.phot.1_nonan.fits.gz
200	https://irsa.ipac.caltech.edu/data/SPITZER/S4G/galaxies/NGC4490/P4/NGC4490.phot.1_nonan.fits.gz
200	https://irsa.ipac.caltech.edu/data/SPITZER/S4G/galaxies/NGC4491/P4/NGC4491.phot.1_nonan.fits.gz
200	https://irsa.ipac.caltech.edu/data/SPITZER/S4G/galaxies/NGC4488/P4/NGC4488.phot.1_nonan.fits.gz
200	https://irsa.ipac.caltech.edu/data/SPITZER/S4G/galaxies/NGC4489/P4/NGC4489.phot.1_nonan.fits.gz
200	https://irsa.ipac.caltech.edu/data/SPITZER/S4G/galaxies/NGC3485/P4/NGC3485.phot.1_nonan.fits.gz
200	https://irsa.ipac.caltech.edu/data/SPITZER/S4G/galaxies/NGC3486/P4/NGC3486.phot.1_nonan.fits.gz
200	https://irsa.ipac.caltech.edu/data/SPITZER/S4G/galaxies/NGC3488/P4/NGC3488.phot.1_nonan.fits.gz
200	https://irsa.ipac.caltech.edu/data/SPITZER/S4G/galaxies/NGC3501/P4/NGC3501.phot.1_nonan.fits.gz
200	https://irsa.ipac.caltech.edu/data/SPITZER/S4G/galaxies/NGC3489/P4/NGC3489.phot.1_nonan.fits.gz
200	https://irsa.ipac.caltech.edu/data/SPITZER/S4G/galaxies/NGC3495/P4/NGC3495.phot.1_nonan.fits.gz
200	https://irsa.ipac.caltech.edu/data/SPITZER/S4G/galaxies/NGC3504/P4/NGC3504.phot.1_nonan.fits.gz
200	https://irsa.ipac.caltech.edu/data/SPITZER/S4G/galaxies/NGC3510/P4/NGC3510.phot.1_nonan.fits.gz
200	https://irsa.ipac.caltech.edu/data/SPITZER/S4G/galaxies/NGC3507/P4/NGC3507.phot.1_nonan.fits.gz
200	https://irsa.ipac.caltech.edu/data/SPITZER/S4G/galaxies/NGC3512/P4/NGC3512.phot.1_nonan.fits.gz
200	https://irsa.ipac.caltech.edu/data/SPITZER/S4G/galaxies/NGC3511/P4/NGC3511.phot.1_nonan.fits.gz
200	https://irsa.ipac.caltech.edu/data/SPITZER/S4G/galaxies/NGC3513/P4/NGC3513.phot.1_nonan.fits.gz
200	https://irsa.ipac.caltech.edu/data/SPITZER/S4G/galaxies/NGC4238/P4/NGC4238.phot.1_nonan.fits.gz
200	https://irsa.ipac.caltech.edu/data/SPITZER/S4G/galaxies/NGC3521/P4/NGC3521.phot.1_nonan.fits.gz
200	https://irsa.ipac.caltech.edu/data/SPITZER/S4G/galaxies/NGC5016/P4/NGC5016.phot.1_nonan.fits.gz
200	https://irsa.ipac.caltech.edu/data/SPITZER/S4G/galaxies/NGC5023/P4/NGC5023.phot.1_nonan.fits.gz
200	https://irsa.ipac.caltech.edu/data/SPITZER/S4G/galaxies/NGC5018/P4/NGC5018.phot.1_nonan.fits.gz
200	https://irsa.ipac.caltech.edu/data/SPITZER/S4G/galaxies/NGC5022/P4/NGC5022.phot.1_nonan.fits.gz
200	https://irsa.ipac.caltech.edu/data/SPITZER/S4G/galaxies/NGC5033/P4/NGC5033.phot.1_nonan.fits.gz
200	https://irsa.ipac.caltech.edu/data/SPITZER/S4G/galaxies/NGC5042/P4/NGC5042.phot.1_nonan.fits.gz
200	https://irsa.ipac.caltech.edu/data/SPITZER/S4G/galaxies/NGC5054/P4/NGC5054.phot.1_nonan.fits.gz
200	https://irsa.ipac.caltech.edu/data/SPITZER/S4G/galaxies/NGC5055/P4/NGC5055.phot.1_nonan.fits.gz
200	https://irsa.ipac.caltech.edu/data/SPITZER/S4G/galaxies/NGC5078/P4/NGC5078.phot.1_nonan.fits.gz
200	https://irsa.ipac.caltech.edu/data/SPITZER/S4G/galaxies/NGC5970/P4/NGC5970.phot.1_nonan.fits.gz
404	https://irsa.ipac.caltech.edu/data/SPITZER/S4G/galaxies/PGC013084/P4/PGC013084.phot.1_nonan.fits.gz
404	https://irsa.ipac.caltech.edu/data/SPITZER/S4G/galaxies/PGC013097/P4/PGC013097.phot.1_nonan.fits.gz
404	https://irsa.ipac.caltech.edu/data/SPITZER/S4G/galaxies/PGC013146/P4/PGC013146.phot.1_nonan.fits.gz
404	https://irsa.ipac.caltech.edu/data/SPITZER/S4G/galaxies/IC3647/P4/IC3647.phot.1_nonan.fits.gz
200	https://irsa.ipac.caltech.edu/data/SPITZER/S4G/galaxies/NGC5068/P4/NGC5068.phot.1_nonan.fits.gz
404	https://irsa.ipac.caltech.edu/data/SPITZER/S4G/galaxies/IC3720/P4/IC3720.phot.1_nonan.fits.gz
404	https://irsa.ipac.caltech.edu/data/SPITZER/S4G/galaxies/IC4249/P4/IC4249.phot.1_nonan.fits.gz
404	https://irsa.ipac.caltech.edu/data/SPITZER/S4G/galaxies/IC4323/P4/IC4323.phot.1_nonan.fits.gz
404	https://irsa.ipac.caltech.edu/data/SPITZER/S4G/galaxies/IC4336/P4/IC4336.phot.1_nonan.fits.gz
200	https://irsa.ipac.caltech.edu/data/SPITZER/S4G/galaxies/NGC5073/P4/NGC5073.phot.1_nonan.fits.gz
404	https://irsa.ipac.caltech.edu/data/SPITZER/S4G/galaxies/IC4946/P4/IC4946.phot.1_nonan.fits.gz
404	https://irsa.ipac.caltech.edu/data/SPITZER/S4G/galaxies/IC5028/P4/IC5028.phot.1_nonan.fits.gz
404	https://irsa.ipac.caltech.edu/data/SPITZER/S4G/galaxies/IC5224/P4/IC5224.phot.1_nonan.fits.gz
404	https://irsa.ipac.caltech.edu/data/SPITZER/S4G/galaxies/IC5267A/P4/IC5267A.phot.1_nonan.fits.gz
404	https://irsa.ipac.caltech.edu/data/SPITZER/S4G/galaxies/NGC0172/P4/NGC0172.phot.1_nonan.fits.gz
404	https://irsa.ipac.caltech.edu/data/SPITZER/S4G/galaxies/IC5162/P4/IC5162.phot.1_nonan.fits.gz
200	https://irsa.ipac.caltech.edu/data/SPITZER/S4G/galaxies/NGC5981/P4/NGC5981.phot.1_nonan.fits.gz
200	https://irsa.ipac.caltech.edu/data/SPITZER/S4G/galaxies/NGC4494/P4/NGC4494.phot.1_nonan.fits.gz
200	https://irsa.ipac.caltech.edu/data/SPITZER/S4G/galaxies/NGC4496A/P4/NGC4496A.phot.1_nonan.fits.gz
200	https://irsa.ipac.caltech.edu/data/SPITZER/S4G/galaxies/NGC4492/P4/NGC4492.phot.1_nonan.fits.gz
200	https://irsa.ipac.caltech.edu/data/SPITZER/S4G/galaxies/NGC4498/P4/NGC4498.phot.1_nonan.fits.gz
200	https://irsa.ipac.caltech.edu/data/SPITZER/S4G/galaxies/NGC4502/P4/NGC4502.phot.1_nonan.fits.gz
200	https://irsa.ipac.caltech.edu/data/SPITZER/S4G/galaxies/NGC4504/P4/NGC4504.phot.1_nonan.fits.gz
200	https://irsa.ipac.caltech.edu/data/SPITZER/S4G/galaxies/NGC4501/P4/NGC4501.phot.1_nonan.fits.gz
200	https://irsa.ipac.caltech.edu/data/SPITZER/S4G/galaxies/NGC4503/P4/NGC4503.phot.1_nonan.fits.gz
200	https://irsa.ipac.caltech.edu/data/SPITZER/S4G/galaxies/NGC4506/P4/NGC4506.phot.1_nonan.fits.gz
200	https://irsa.ipac.caltech.edu/data/SPITZER/S4G/galaxies/NGC5304/P4/NGC5304.phot.1_nonan.fits.gz
200	https://irsa.ipac.caltech.edu/data/SPITZER/S4G/galaxies/NGC5311/P4/NGC5311.phot.1_nonan.fits.gz
200	https://irsa.ipac.caltech.edu/data/SPITZER/S4G/galaxies/NGC5301/P4/NGC5301.phot.1_nonan.fits.gz
200	https://irsa.ipac.caltech.edu/data/SPITZER/S4G/galaxies/NGC5313/P4/NGC5313.phot.1_nonan.fits.gz
200	https://irsa.ipac.caltech.edu/data/SPITZER/S4G/galaxies/NGC5320/P4/NGC5320.phot.1_nonan.fits.gz
200	https://irsa.ipac.caltech.edu/data/SPITZER/S4G/galaxies/NGC4242/P4/NGC4242.phot.1_nonan.fits.gz
200	https://irsa.ipac.caltech.edu/data/SPITZER/S4G/galaxies/NGC4245/P4/NGC4245.phot.1_nonan.fits.gz
200	https://irsa.ipac.caltech.edu/data/SPITZER/S4G/galaxies/NGC4248/P4/NGC4248.phot.1_nonan.fits.gz
200	https://irsa.ipac.caltech.edu/data/SPITZER/S4G/galaxies/NGC4250/P4/NGC4250.phot.1_nonan.fits.gz
200	https://irsa.ipac.caltech.edu/data/SPITZER/S4G/galaxies/NGC4252/P4/NGC4252.phot.1_nonan.fits.gz
200	https://irsa.ipac.caltech.edu/data/SPITZER/S4G/galaxies/NGC4244/P4/NGC4244.phot.1_nonan.fits.gz
200	https://irsa.ipac.caltech.edu/data/SPITZER/S4G/galaxies/NGC4254/P4/NGC4254.phot.1_nonan.fits.gz
200	https://irsa.ipac.caltech.edu/data/SPITZER/S4G/galaxies/NGC4262/P4/NGC4262.phot.1_nonan.fits.gz
200	https://irsa.ipac.caltech.edu/data/SPITZER/S4G/galaxies/NGC4260/P4/NGC4260.phot.1_nonan.fits.gz
200	https://irsa.ipac.caltech.edu/data/SPITZER/S4G/galaxies/NGC4267/P4/NGC4267.phot.1_nonan.fits.gz
200	https://irsa.ipac.caltech.edu/data/SPITZER/S4G/galaxies/NGC4256/P4/NGC4256.phot.1_nonan.fits.gz
200	https://irsa.ipac.caltech.edu/data/SPITZER/S4G/galaxies/NGC4258/P4/NGC4258.phot.1_nonan.fits.gz
200	https://irsa.ipac.caltech.edu/data/SPITZER/S4G/galaxies/NGC4747/P4/NGC4747.phot.1_nonan.fits.gz
200	https://irsa.ipac.caltech.edu/data/SPITZER/S4G/galaxies/NGC5984/P4/NGC5984.phot.1_nonan.fits.gz
200	https://irsa.ipac.caltech.edu/data/SPITZER/S4G/galaxies/NGC6010/P4/NGC6010.phot.1_nonan.fits.gz
200	https://irsa.ipac.caltech.edu/data/SPITZER/S4G/galaxies/NGC6012/P4/NGC6012.phot.1_nonan.fits.gz
200	https://irsa.ipac.caltech.edu/data/SPITZER/S4G/galaxies/NGC6014/P4/NGC6014.phot.1_nonan.fits.gz
200	https://irsa.ipac.caltech.edu/data/SPITZER/S4G/galaxies/NGC5985/P4/NGC5985.phot.1_nonan.fits.gz
200	https://irsa.ipac.caltech.edu/data/SPITZER/S4G/galaxies/NGC6063/P4/NGC6063.phot.1_nonan.fits.gz
200	https://irsa.ipac.caltech.edu/data/SPITZER/S4G/galaxies/NGC6106/P4/NGC6106.phot.1_nonan.fits.gz
200	https://irsa.ipac.caltech.edu/data/SPITZER/S4G/galaxies/NGC6140/P4/NGC6140.phot.1_nonan.fits.gz
200	https://irsa.ipac.caltech.edu/data/SPITZER/S4G/galaxies/NGC6015/P4/NGC6015.phot.1_nonan.fits.gz
200	https://irsa.ipac.caltech.edu/data/SPITZER/S4G/galaxies/NGC6118/P4/NGC6118.phot.1_nonan.fits.gz
200	https://irsa.ipac.caltech.edu/data/SPITZER/S4G/galaxies/NGC3726/P4/NGC3726.phot.1_nonan.fits.gz
404	https://irsa.ipac.caltech.edu/data/SPITZER/S4G/galaxies/NGC0586/P4/NGC0586.phot.1_nonan.fits.gz
200	https://irsa.ipac.caltech.edu/data/SPITZER/S4G/galaxies/NGC6070/P4/NGC6070.phot.1_nonan.fits.gz
404	https://irsa.ipac.caltech.edu/data/SPITZER/S4G/galaxies/NGC0853/P4/NGC0853.phot.1_nonan.fits.gz
404	https://irsa.ipac.caltech.edu/data/SPITZER/S4G/galaxies/NGC1189/P4/NGC1189.phot.1_nonan.fits.gz
404	https://irsa.ipac.caltech.edu/data/SPITZER/S4G/galaxies/UGC07370/P4/UGC07370.phot.1_nonan.fits.gz
404	https://irsa.ipac.caltech.edu/data/SPITZER/S4G/galaxies/UGC07392/P4/UGC07392.phot.1_nonan.fits.gz
404	https://irsa.ipac.caltech.edu/data/SPITZER/S4G/galaxies/UGC07411/P4/UGC07411.phot.1_nonan.fits.gz
404	https://irsa.ipac.caltech.edu/data/SPITZER/S4G/galaxies/UGC07422/P4/UGC07422.phot.1_nonan.fits.gz
404	https://irsa.ipac.caltech.edu/data/SPITZER/S4G/galaxies/UGC07438/P4/UGC07438.phot.1_nonan.fits.gz
404	https://irsa.ipac.caltech.edu/data/SPITZER/S4G/galaxies/UGC07636/P4/UGC07636.phot.1_nonan.fits.gz
404	https://irsa.ipac.caltech.edu/data/SPITZER/S4G/galaxies/UGC07688/P4/UGC07688.phot.1_nonan.fits.gz
404	https://irsa.ipac.caltech.edu/data/SPITZER/S4G/galaxies/UGC07710/P4/UGC07710.phot.1_nonan.fits.gz
404	https://irsa.ipac.caltech.edu/data/SPITZER/S4G/galaxies/UGC07841/P4/UGC07841.phot.1_nonan.fits.gz
200	https://irsa.ipac.caltech.edu/data/SPITZER/S4G/galaxies/NGC3729/P4/NGC3729.phot.1_nonan.fits.gz
404	https://irsa.ipac.caltech.edu/data/SPITZER/S4G/galaxies/UGC07857/P4/UGC07857.phot.1_nonan.fits.gz
200	https://irsa.ipac.caltech.edu/data/SPITZER/S4G/galaxies/NGC5334/P4/NGC5334.phot.1_nonan.fits.gz
200	https://irsa.ipac.caltech.edu/data/SPITZER/S4G/galaxies/NGC3718/P4/NGC3718.phot.1_nonan.fits.gz
200	https://irsa.ipac.caltech.edu/data/SPITZER/S4G/galaxies/NGC5336/P4/NGC5336.phot.1_nonan.fits.gz
200	https://irsa.ipac.caltech.edu/data/SPITZER/S4G/galaxies/NGC5326/P4/NGC5326.phot.1_nonan.fits.gz
200	https://irsa.ipac.caltech.edu/data/SPITZER/S4G/galaxies/NGC5337/P4/NGC5337.phot.1_nonan.fits.gz
200	https://irsa.ipac.caltech.edu/data/SPITZER/S4G/galaxies/NGC5346/P4/NGC5346.phot.1_nonan.fits.gz
200	https://irsa.ipac.caltech.edu/data/SPITZER/S4G/galaxies/NGC5339/P4/NGC5339.phot.1_nonan.fits.gz
200	https://irsa.ipac.caltech.edu/data/SPITZER/S4G/galaxies/NGC5347/P4/NGC5347.phot.1_nonan.fits.gz
200	https://irsa.ipac.caltech.edu/data/SPITZER/S4G/galaxies/NGC5338/P4/NGC5338.phot.1_nonan.fits.gz
200	https://irsa.ipac.caltech.edu/data/SPITZER/S4G/galaxies/NGC3061/P4/NGC3061.phot.1_nonan.fits.gz
200	https://irsa.ipac.caltech.edu/data/SPITZER/S4G/galaxies/NGC3065/P4/NGC3065.phot.1_nonan.fits.gz
200	https://irsa.ipac.caltech.edu/data/SPITZER/S4G/galaxies/NGC3067/P4/NGC3067.phot.1_nonan.fits.gz
200	https://irsa.ipac.caltech.edu/data/SPITZER/S4G/galaxies/NGC3073/P4/NGC3073.phot.1_nonan.fits.gz
200	https://irsa.ipac.caltech.edu/data/SPITZER/S4G/galaxies/NGC3733/P4/NGC3733.phot.1_nonan.fits.gz
200	https://irsa.ipac.caltech.edu/data/SPITZER/S4G/galaxies/NGC3066/P4/NGC3066.phot.1_nonan.fits.gz
200	https://irsa.ipac.caltech.edu/data/SPITZER/S4G/galaxies/NGC3730/P4/NGC3730.phot.1_nonan.fits.gz
200	https://irsa.ipac.caltech.edu/data/SPITZER/S4G/galaxies/NGC3735/P4/NGC3735.phot.1_nonan.fits.gz
200	https://irsa.ipac.caltech.edu/data/SPITZER/S4G/galaxies/NGC3755/P4/NGC3755.phot.1_nonan.fits.gz
200	https://irsa.ipac.caltech.edu/data/SPITZER/S4G/galaxies/NGC3738/P4/NGC3738.phot.1_nonan.fits.gz
200	https://irsa.ipac.caltech.edu/data/SPITZER/S4G/galaxies/NGC3752/P4/NGC3752.phot.1_nonan.fits.gz
200	https://irsa.ipac.caltech.edu/data/SPITZER/S4G/galaxies/NGC3756/P4/NGC3756.phot.1_nonan.fits.gz
200	https://irsa.ipac.caltech.edu/data/SPITZER/S4G/galaxies/NGC3757/P4/NGC3757.phot.1_nonan.fits.gz
200	https://irsa.ipac.caltech.edu/data/SPITZER/S4G/galaxies/NGC3769/P4/NGC3769.phot.1_nonan.fits.gz
200	https://irsa.ipac.caltech.edu/data/SPITZER/S4G/galaxies/PGC070657/P4/PGC070657.phot.1_nonan.fits.gz
404	https://irsa.ipac.caltech.edu/data/SPITZER/S4G/galaxies/UGC07945/P4/UGC07945.phot.1_nonan.fits.gz
404	https://irsa.ipac.caltech.edu/data/SPITZER/S4G/galaxies/UGC08032/P4/UGC08032.phot.1_nonan.fits.gz
404	https://irsa.ipac.caltech.edu/data/SPITZER/S4G/galaxies/UGC08059/P4/UGC08059.phot.1_nonan.fits.gz
404	https://irsa.ipac.caltech.edu/data/SPITZER/S4G/galaxies/UGC08101/P4/UGC08101.phot.1_nonan.fits.gz
404	https://irsa.ipac.caltech.edu/data/SPITZER/S4G/galaxies/NGC3516/P4/NGC3516.phot.1_nonan.fits.gz
404	https://irsa.ipac.caltech.edu/data/SPITZER/S4G/galaxies/NGC3585/P4/NGC3585.phot.1_nonan.fits.gz
404	https://irsa.ipac.caltech.edu/data/SPITZER/S4G/galaxies/NGC3595/P4/NGC3595.phot.1_nonan.fits.gz
200	https://irsa.ipac.caltech.edu/data/SPITZER/S4G/galaxies/NGC3773/P4/NGC3773.phot.1_nonan.fits.gz
404	https://irsa.ipac.caltech.edu/data/SPITZER/S4G/galaxies/NGC3605/P4/NGC3605.phot.1_nonan.fits.gz
404	https://irsa.ipac.caltech.edu/data/SPITZER/S4G/galaxies/NGC3607/P4/NGC3607.phot.1_nonan.fits.gz
404	https://irsa.ipac.caltech.edu/data/SPITZER/S4G/galaxies/NGC3610/P4/NGC3610.phot.1_nonan.fits.gz
404	https://irsa.ipac.caltech.edu/data/SPITZER/S4G/galaxies/NGC3613/P4/NGC3613.phot.1_nonan.fits.gz
200	https://irsa.ipac.caltech.edu/data/SPITZER/S4G/galaxies/PGC072006/P4/PGC072006.phot.1_nonan.fits.gz
404	https://irsa.ipac.caltech.edu/data/SPITZER/S4G/galaxies/NGC3617/P4/NGC3617.phot.1_nonan.fits.gz
404	https://irsa.ipac.caltech.edu/data/SPITZER/S4G/galaxies/NGC3630/P4/NGC3630.phot.1_nonan.fits.gz
404	https://irsa.ipac.caltech.edu/data/SPITZER/S4G/galaxies/NGC3636/P4/NGC3636.phot.1_nonan.fits.gz
200	https://irsa.ipac.caltech.edu/data/SPITZER/S4G/galaxies/PGC071479/P4/PGC071479.phot.1_nonan.fits.gz
200	https://irsa.ipac.caltech.edu/data/SPITZER/S4G/galaxies/NGC3098/P4/NGC3098.phot.1_nonan.fits.gz
200	https://irsa.ipac.caltech.edu/data/SPITZER/S4G/galaxies/NGC3094/P4/NGC3094.phot.1_nonan.fits.gz
200	https://irsa.ipac.caltech.edu/data/SPITZER/S4G/galaxies/NGC3104/P4/NGC3104.phot.1_nonan.fits.gz
200	https://irsa.ipac.caltech.edu/data/SPITZER/S4G/galaxies/NGC3077/P4/NGC3077.phot.1_nonan.fits.gz
200	https://irsa.ipac.caltech.edu/data/SPITZER/S4G/galaxies/NGC3079/P4/NGC3079.phot.1_nonan.fits.gz
200	https://irsa.ipac.caltech.edu/data/SPITZER/S4G/galaxies/NGC3118/P4/NGC3118.phot.1_nonan.fits.gz
200	https://irsa.ipac.caltech.edu/data/SPITZER/S4G/galaxies/NGC3115/P4/NGC3115.phot.1_nonan.fits.gz
200	https://irsa.ipac.caltech.edu/data/SPITZER/S4G/galaxies/UGC05575/P4/UGC05575.phot.1_nonan.fits.gz
200	https://irsa.ipac.caltech.edu/data/SPITZER/S4G/galaxies/UGC05633/P4/UGC05633.phot.1_nonan.fits.gz
200	https://irsa.ipac.caltech.edu/data/SPITZER/S4G/galaxies/NGC3147/P4/NGC3147.phot.1_nonan.fits.gz
200	https://irsa.ipac.caltech.edu/data/SPITZER/S4G/galaxies/UGC05642/P4/UGC05642.phot.1_nonan.fits.gz
200	https://irsa.ipac.caltech.edu/data/SPITZER/S4G/galaxies/UGC05672/P4/UGC05672.phot.1_nonan.fits.gz
200	https://irsa.ipac.caltech.edu/data/SPITZER/S4G/galaxies/UGC05646/P4/UGC05646.phot.1_nonan.fits.gz
200	https://irsa.ipac.caltech.edu/data/SPITZER/S4G/galaxies/UGC05612/P4/UGC05612.phot.1_nonan.fits.gz
200	https://irsa.ipac.caltech.edu/data/SPITZER/S4G/galaxies/NGC4754/P4/NGC4754.phot.1_nonan.fits.gz
200	https://irsa.ipac.caltech.edu/data/SPITZER/S4G/galaxies/NGC4749/P4/NGC4749.phot.1_nonan.fits.gz
200	https://irsa.ipac.caltech.edu/data/SPITZER/S4G/galaxies/NGC4762/P4/NGC4762.phot.1_nonan.fits.gz
200	https://irsa.ipac.caltech.edu/data/SPITZER/S4G/galaxies/NGC4750/P4/NGC4750.phot.1_nonan.fits.gz
200	https://irsa.ipac.caltech.edu/data/SPITZER/S4G/galaxies/NGC4758/P4/NGC4758.phot.1_nonan.fits.gz
200	https://irsa.ipac.caltech.edu/data/SPITZER/S4G/galaxies/NGC4771/P4/NGC4771.phot.1_nonan.fits.gz
200	https://irsa.ipac.caltech.edu/data/SPITZER/S4G/galaxies/NGC4753/P4/NGC4753.phot.1_nonan.fits.gz
200	https://irsa.ipac.caltech.edu/data/SPITZER/S4G/galaxies/NGC4765/P4/NGC4765.phot.1_nonan.fits.gz
200	https://irsa.ipac.caltech.edu/data/SPITZER/S4G/galaxies/NGC4772/P4/NGC4772.phot.1_nonan.fits.gz
404	https://irsa.ipac.caltech.edu/data/SPITZER/S4G/galaxies/NGC7172/P4/NGC7172.phot.1_nonan.fits.gz
200	https://irsa.ipac.caltech.edu/data/SPITZER/S4G/galaxies/NGC4775/P4/NGC4775.phot.1_nonan.fits.gz
404	https://irsa.ipac.caltech.edu/data/SPITZER/S4G/galaxies/NGC7174/P4/NGC7174.phot.1_nonan.fits.gz
200	https://irsa.ipac.caltech.edu/data/SPITZER/S4G/galaxies/PGC090540/P4/PGC090540.phot.1_nonan.fits.gz
200	https://irsa.ipac.caltech.edu/data/SPITZER/S4G/galaxies/PGC072252/P4/PGC072252.phot.1_nonan.fits.gz
200	https://irsa.ipac.caltech.edu/data/SPITZER/S4G/galaxies/NGC4779/P4/NGC4779.phot.1_nonan.fits.gz
200	https://irsa.ipac.caltech.edu/data/SPITZER/S4G/galaxies/NGC4781/P4/NGC4781.phot.1_nonan.fits.gz
200	https://irsa.ipac.caltech.edu/data/SPITZER/S4G/galaxies/PGC090553/P4/PGC090553.phot.1_nonan.fits.gz
200	https://irsa.ipac.caltech.edu/data/SPITZER/S4G/galaxies/PGC090694/P4/PGC090694.phot.1_nonan.fits.gz
200	https://irsa.ipac.caltech.edu/data/SPITZER/S4G/galaxies/PGC091215/P4/PGC091215.phot.1_nonan.fits.gz
200	https://irsa.ipac.caltech.edu/data/SPITZER/S4G/galaxies/PGC091228/P4/PGC091228.phot.1_nonan.fits.gz
200	https://irsa.ipac.caltech.edu/data/SPITZER/S4G/galaxies/PGC091413/P4/PGC091413.phot.1_nonan.fits.gz
200	https://irsa.ipac.caltech.edu/data/SPITZER/S4G/galaxies/PGC091408/P4/PGC091408.phot.1_nonan.fits.gz
200	https://irsa.ipac.caltech.edu/data/SPITZER/S4G/galaxies/UGC06194/P4/UGC06194.phot.1_nonan.fits.gz
200	https://irsa.ipac.caltech.edu/data/SPITZER/S4G/galaxies/UGC06249/P4/UGC06249.phot.1_nonan.fits.gz
200	https://irsa.ipac.caltech.edu/data/SPITZER/S4G/galaxies/PGC1059326/P4/PGC1059326.phot.1_nonan.fits.gz
404	https://irsa.ipac.caltech.edu/data/SPITZER/S4G/galaxies/NGC4587/P4/NGC4587.phot.1_nonan.fits.gz
404	https://irsa.ipac.caltech.edu/data/SPITZER/S4G/galaxies/NGC4589/P4/NGC4589.phot.1_nonan.fits.gz
404	https://irsa.ipac.caltech.edu/data/SPITZER/S4G/galaxies/NGC4598/P4/NGC4598.phot.1_nonan.fits.gz
200	https://irsa.ipac.caltech.edu/data/SPITZER/S4G/galaxies/UGC06271/P4/UGC06271.phot.1_nonan.fits.gz
404	https://irsa.ipac.caltech.edu/data/SPITZER/S4G/galaxies/NGC4600/P4/NGC4600.phot.1_nonan.fits.gz
404	https://irsa.ipac.caltech.edu/data/SPITZER/S4G/galaxies/NGC4608/P4/NGC4608.phot.1_nonan.fits.gz
404	https://irsa.ipac.caltech.edu/data/SPITZER/S4G/galaxies/NGC4612/P4/NGC4612.phot.1_nonan.fits.gz
404	https://irsa.ipac.caltech.edu/data/SPITZER/S4G/galaxies/ESO240-012/P4/ESO240-012.phot.1_nonan.fits.gz
404	https://irsa.ipac.caltech.edu/data/SPITZER/S4G/galaxies/NGC4620/P4/NGC4620.phot.1_nonan.fits.gz
404	https://irsa.ipac.caltech.edu/data/SPITZER/S4G/galaxies/ESO241-006/P4/ESO241-006.phot.1_nonan.fits.gz
404	https://irsa.ipac.caltech.edu/data/SPITZER/S4G/galaxies/ESO251-012/P4/ESO251-012.phot.1_nonan.fits.gz
200	https://irsa.ipac.caltech.edu/data/SPITZER/S4G/galaxies/PGC1063216/P4/PGC1063216.phot.1_nonan.fits.gz
404	https://irsa.ipac.caltech.edu/data/SPITZER/S4G/galaxies/ESO284-047/P4/ESO284-047.phot.1_nonan.fits.gz
404	https://irsa.ipac.caltech.edu/data/SPITZER/S4G/galaxies/ESO252-007/P4/ESO252-007.phot.1_nonan.fits.gz
404	https://irsa.ipac.caltech.edu/data/SPITZER/S4G/galaxies/ESO284-049/P4/ESO284-049.phot.1_nonan.fits.gz
404	https://irsa.ipac.caltech.edu/data/SPITZER/S4G/galaxies/ESO286-063/P4/ESO286-063.phot.1_nonan.fits.gz
200	https://irsa.ipac.caltech.edu/data/SPITZER/S4G/galaxies/UGC06296/P4/UGC06296.phot.1_nonan.fits.gz
200	https://irsa.ipac.caltech.edu/data/SPITZER/S4G/galaxies/UGC05677/P4/UGC05677.phot.1_nonan.fits.gz
200	https://irsa.ipac.caltech.edu/data/SPITZER/S4G/galaxies/UGC05676/P4/UGC05676.phot.1_nonan.fits.gz
200	https://irsa.ipac.caltech.edu/data/SPITZER/S4G/galaxies/UGC05695/P4/UGC05695.phot.1_nonan.fits.gz
200	https://irsa.ipac.caltech.edu/data/SPITZER/S4G/galaxies/UGC05688/P4/UGC05688.phot.1_nonan.fits.gz
200	https://irsa.ipac.caltech.edu/data/SPITZER/S4G/galaxies/UGC05707/P4/UGC05707.phot.1_nonan.fits.gz
200	https://irsa.ipac.caltech.edu/data/SPITZER/S4G/galaxies/UGC05689/P4/UGC05689.phot.1_nonan.fits.gz
200	https://irsa.ipac.caltech.edu/data/SPITZER/S4G/galaxies/UGC08508/P4/UGC08508.phot.1_nonan.fits.gz
200	https://irsa.ipac.caltech.edu/data/SPITZER/S4G/galaxies/UGC05708/P4/UGC05708.phot.1_nonan.fits.gz
200	https://irsa.ipac.caltech.edu/data/SPITZER/S4G/galaxies/UGC08489/P4/UGC08489.phot.1_nonan.fits.gz
200	https://irsa.ipac.caltech.edu/data/SPITZER/S4G/galaxies/UGC08516/P4/UGC08516.phot.1_nonan.fits.gz
200	https://irsa.ipac.caltech.edu/data/SPITZER/S4G/galaxies/UGC08507/P4/UGC08507.phot.1_nonan.fits.gz
404	https://irsa.ipac.caltech.edu/data/SPITZER/S4G/galaxies/NGC7199/P4/NGC7199.phot.1_nonan.fits.gz
404	https://irsa.ipac.caltech.edu/data/SPITZER/S4G/galaxies/NGC7232/P4/NGC7232.phot.1_nonan.fits.gz
404	https://irsa.ipac.caltech.edu/data/SPITZER/S4G/galaxies/NGC7232A/P4/NGC7232A.phot.1_nonan.fits.gz
404	https://irsa.ipac.caltech.edu/data/SPITZER/S4G/galaxies/NGC7232B/P4/NGC7232B.phot.1_nonan.fits.gz
404	https://irsa.ipac.caltech.edu/data/SPITZER/S4G/galaxies/NGC7259/P4/NGC7259.phot.1_nonan.fits.gz
404	https://irsa.ipac.caltech.edu/data/SPITZER/S4G/galaxies/NGC7233/P4/NGC7233.phot.1_nonan.fits.gz
404	https://irsa.ipac.caltech.edu/data/SPITZER/S4G/galaxies/ESO548-068/P4/ESO548-068.phot.1_nonan.fits.gz
404	https://irsa.ipac.caltech.edu/data/SPITZER/S4G/galaxies/ESO548-076/P4/ESO548-076.phot.1_nonan.fits.gz
404	https://irsa.ipac.caltech.edu/data/SPITZER/S4G/galaxies/ESO572-007/P4/ESO572-007.phot.1_nonan.fits.gz
404	https://irsa.ipac.caltech.edu/data/SPITZER/S4G/galaxies/ESO572-023/P4/ESO572-023.phot.1_nonan.fits.gz
404	https://irsa.ipac.caltech.edu/data/SPITZER/S4G/galaxies/ESO572-025/P4/ESO572-025.phot.1_nonan.fits.gz
404	https://irsa.ipac.caltech.edu/data/SPITZER/S4G/galaxies/ESO576-030/P4/ESO576-030.phot.1_nonan.fits.gz
404	https://irsa.ipac.caltech.edu/data/SPITZER/S4G/galaxies/ESO576-031/P4/ESO576-031.phot.1_nonan.fits.gz
200	https://irsa.ipac.caltech.edu/data/SPITZER/S4G/galaxies/UGC08588/P4/UGC08588.phot.1_nonan.fits.gz
200	https://irsa.ipac.caltech.edu/data/SPITZER/S4G/galaxies/UGC06307/P4/UGC06307.phot.1_nonan.fits.gz
200	https://irsa.ipac.caltech.edu/data/SPITZER/S4G/galaxies/UGC08575/P4/UGC08575.phot.1_nonan.fits.gz
200	https://irsa.ipac.caltech.edu/data/SPITZER/S4G/galaxies/UGC06320/P4/UGC06320.phot.1_nonan.fits.gz
200	https://irsa.ipac.caltech.edu/data/SPITZER/S4G/galaxies/UGC06309/P4/UGC06309.phot.1_nonan.fits.gz
200	https://irsa.ipac.caltech.edu/data/SPITZER/S4G/galaxies/UGC06345/P4/UGC06345.phot.1_nonan.fits.gz
200	https://irsa.ipac.caltech.edu/data/SPITZER/S4G/galaxies/UGC06335/P4/UGC06335.phot.1_nonan.fits.gz
200	https://irsa.ipac.caltech.edu/data/SPITZER/S4G/galaxies/UGC06355/P4/UGC06355.phot.1_nonan.fits.gz
200	https://irsa.ipac.caltech.edu/data/SPITZER/S4G/galaxies/UGC06378/P4/UGC06378.phot.1_nonan.fits.gz
200	https://irsa.ipac.caltech.edu/data/SPITZER/S4G/galaxies/UGC06341/P4/UGC06341.phot.1_nonan.fits.gz
200	https://irsa.ipac.caltech.edu/data/SPITZER/S4G/galaxies/UGC06390/P4/UGC06390.phot.1_nonan.fits.gz
200	https://irsa.ipac.caltech.edu/data/SPITZER/S4G/galaxies/UGC09380/P4/UGC09380.phot.1_nonan.fits.gz
404	https://irsa.ipac.caltech.edu/data/SPITZER/S4G/galaxies/ESO287-055/P4/ESO287-055.phot.1_nonan.fits.gz
404	https://irsa.ipac.caltech.edu/data/SPITZER/S4G/galaxies/ESO288-005/P4/ESO288-005.phot.1_nonan.fits.gz
404	https://irsa.ipac.caltech.edu/data/SPITZER/S4G/galaxies/ESO288-025/P4/ESO288-025.phot.1_nonan.fits.gz
404	https://irsa.ipac.caltech.edu/data/SPITZER/S4G/galaxies/ESO288-045/P4/ESO288-045.phot.1_nonan.fits.gz
404	https://irsa.ipac.caltech.edu/data/SPITZER/S4G/galaxies/ESO288-049/P4/ESO288-049.phot.1_nonan.fits.gz
200	https://irsa.ipac.caltech.edu/data/SPITZER/S4G/galaxies/UGC09364/P4/UGC09364.phot.1_nonan.fits.gz
404	https://irsa.ipac.caltech.edu/data/SPITZER/S4G/galaxies/ESO289-005/P4/ESO289-005.phot.1_nonan.fits.gz
404	https://irsa.ipac.caltech.edu/data/SPITZER/S4G/galaxies/ESO289-011/P4/ESO289-011.phot.1_nonan.fits.gz
200	https://irsa.ipac.caltech.edu/data/SPITZER/S4G/galaxies/UGC09389/P4/UGC09389.phot.1_nonan.fits.gz
404	https://irsa.ipac.caltech.edu/data/SPITZER/S4G/galaxies/PGC036904/P4/PGC036904.phot.1_nonan.fits.gz
404	https://irsa.ipac.caltech.edu/data/SPITZER/S4G/galaxies/PGC037625/P4/PGC037625.phot.1_nonan.fits.gz
404	https://irsa.ipac.caltech.edu/data/SPITZER/S4G/galaxies/PGC039052/P4/PGC039052.phot.1_nonan.fits.gz
404	https://irsa.ipac.caltech.edu/data/SPITZER/S4G/galaxies/PGC039359/P4/PGC039359.phot.1_nonan.fits.gz
404	https://irsa.ipac.caltech.edu/data/SPITZER/S4G/galaxies/PGC039748/P4/PGC039748.phot.1_nonan.fits.gz
404	https://irsa.ipac.caltech.edu/data/SPITZER/S4G/galaxies/PGC037712/P4/PGC037712.phot.1_nonan.fits.gz
404	https://irsa.ipac.caltech.edu/data/SPITZER/S4G/galaxies/PGC040045/P4/PGC040045.phot.1_nonan.fits.gz
200	https://irsa.ipac.caltech.edu/data/SPITZER/S4G/galaxies/UGC08614/P4/UGC08614.phot.1_nonan.fits.gz
200	https://irsa.ipac.caltech.edu/data/SPITZER/S4G/galaxies/UGC09392/P4/UGC09392.phot.1_nonan.fits.gz
200	https://irsa.ipac.caltech.edu/data/SPITZER/S4G/galaxies/UGC08629/P4/UGC08629.phot.1_nonan.fits.gz
200	https://irsa.ipac.caltech.edu/data/SPITZER/S4G/galaxies/UGC08597/P4/UGC08597.phot.1_nonan.fits.gz
200	https://irsa.ipac.caltech.edu/data/SPITZER/S4G/galaxies/UGC08630/P4/UGC08630.phot.1_nonan.fits.gz
200	https://irsa.ipac.caltech.edu/data/SPITZER/S4G/galaxies/UGC08651/P4/UGC08651.phot.1_nonan.fits.gz
200	https://irsa.ipac.caltech.edu/data/SPITZER/S4G/galaxies/UGC08642/P4/UGC08642.phot.1_nonan.fits.gz
200	https://irsa.ipac.caltech.edu/data/SPITZER/S4G/galaxies/UGC08639/P4/UGC08639.phot.1_nonan.fits.gz
200	https://irsa.ipac.caltech.edu/data/SPITZER/S4G/galaxies/NGC7163/P4/NGC7163.phot.1_nonan.fits.gz
200	https://irsa.ipac.caltech.edu/data/SPITZER/S4G/galaxies/NGC7167/P4/NGC7167.phot.1_nonan.fits.gz
200	https://irsa.ipac.caltech.edu/data/SPITZER/S4G/galaxies/NGC7179/P4/NGC7179.phot.1_nonan.fits.gz
404	https://irsa.ipac.caltech.edu/data/SPITZER/S4G/galaxies/ESO576-076/P4/ESO576-076.phot.1_nonan.fits.gz
404	https://irsa.ipac.caltech.edu/data/SPITZER/S4G/galaxies/IC0114/P4/IC0114.phot.1_nonan.fits.gz
200	https://irsa.ipac.caltech.edu/data/SPITZER/S4G/galaxies/NGC7171/P4/NGC7171.phot.1_nonan.fits.gz
404	https://irsa.ipac.caltech.edu/data/SPITZER/S4G/galaxies/IC0225/P4/IC0225.phot.1_nonan.fits.gz
404	https://irsa.ipac.caltech.edu/data/SPITZER/S4G/galaxies/IC0271/P4/IC0271.phot.1_nonan.fits.gz
404	https://irsa.ipac.caltech.edu/data/SPITZER/S4G/galaxies/IC0276/P4/IC0276.phot.1_nonan.fits.gz
404	https://irsa.ipac.caltech.edu/data/SPITZER/S4G/galaxies/IC0343/P4/IC0343.phot.1_nonan.fits.gz
404	https://irsa.ipac.caltech.edu/data/SPITZER/S4G/galaxies/NGC4417/P4/NGC4417.phot.1_nonan.fits.gz
404	https://irsa.ipac.caltech.edu/data/SPITZER/S4G/galaxies/NGC4421/P4/NGC4421.phot.1_nonan.fits.gz
404	https://irsa.ipac.caltech.edu/data/SPITZER/S4G/galaxies/NGC4425/P4/NGC4425.phot.1_nonan.fits.gz
404	https://irsa.ipac.caltech.edu/data/SPITZER/S4G/galaxies/NGC4429/P4/NGC4429.phot.1_nonan.fits.gz
404	https://irsa.ipac.caltech.edu/data/SPITZER/S4G/galaxies/NGC4435/P4/NGC4435.phot.1_nonan.fits.gz
200	https://irsa.ipac.caltech.edu/data/SPITZER/S4G/galaxies/NGC7180/P4/NGC7180.phot.1_nonan.fits.gz
404	https://irsa.ipac.caltech.edu/data/SPITZER/S4G/galaxies/NGC4436/P4/NGC4436.phot.1_nonan.fits.gz
404	https://irsa.ipac.caltech.edu/data/SPITZER/S4G/galaxies/NGC4441/P4/NGC4441.phot.1_nonan.fits.gz
404	https://irsa.ipac.caltech.edu/data/SPITZER/S4G/galaxies/NGC4452/P4/NGC4452.phot.1_nonan.fits.gz
404	https://irsa.ipac.caltech.edu/data/SPITZER/S4G/galaxies/NGC1340/P4/NGC1340.phot.1_nonan.fits.gz
200	https://irsa.ipac.caltech.edu/data/SPITZER/S4G/galaxies/PGC044735/P4/PGC044735.phot.1_nonan.fits.gz
200	https://irsa.ipac.caltech.edu/data/SPITZER/S4G/galaxies/PGC044906/P4/PGC044906.phot.1_nonan.fits.gz
200	https://irsa.ipac.caltech.edu/data/SPITZER/S4G/galaxies/PGC044982/P4/PGC044982.phot.1_nonan.fits.gz
404	https://irsa.ipac.caltech.edu/data/SPITZER/S4G/galaxies/NGC1370/P4/NGC1370.phot.1_nonan.fits.gz
404	https://irsa.ipac.caltech.edu/data/SPITZER/S4G/galaxies/NGC1351/P4/NGC1351.phot.1_nonan.fits.gz
404	https://irsa.ipac.caltech.edu/data/SPITZER/S4G/galaxies/NGC1362/P4/NGC1362.phot.1_nonan.fits.gz
404	https://irsa.ipac.caltech.edu/data/SPITZER/S4G/galaxies/NGC1354/P4/NGC1354.phot.1_nonan.fits.gz
200	https://irsa.ipac.caltech.edu/data/SPITZER/S4G/galaxies/UGC05451/P4/UGC05451.phot.1_nonan.fits.gz
404	https://irsa.ipac.caltech.edu/data/SPITZER/S4G/galaxies/NGC5308/P4/NGC5308.phot.1_nonan.fits.gz
200	https://irsa.ipac.caltech.edu/data/SPITZER/S4G/galaxies/UGC05446/P4/UGC05446.phot.1_nonan.fits.gz
200	https://irsa.ipac.caltech.edu/data/SPITZER/S4G/galaxies/NGC3556/P4/NGC3556.phot.1_nonan.fits.gz
200	https://irsa.ipac.caltech.edu/data/SPITZER/S4G/galaxies/UGC05456/P4/UGC05456.phot.1_nonan.fits.gz
200	https://irsa.ipac.caltech.edu/data/SPITZER/S4G/galaxies/UGC05478/P4/UGC05478.phot.1_nonan.fits.gz
200	https://irsa.ipac.caltech.edu/data/SPITZER/S4G/galaxies/UGC05459/P4/UGC05459.phot.1_nonan.fits.gz
200	https://irsa.ipac.caltech.edu/data/SPITZER/S4G/galaxies/UGC05464/P4/UGC05464.phot.1_nonan.fits.gz
200	https://irsa.ipac.caltech.edu/data/SPITZER/S4G/galaxies/UGC05571/P4/UGC05571.phot.1_nonan.fits.gz
200	https://irsa.ipac.caltech.edu/data/SPITZER/S4G/galaxies/UGC05524/P4/UGC05524.phot.1_nonan.fits.gz
200	https://irsa.ipac.caltech.edu/data/SPITZER/S4G/galaxies/UGC05522/P4/UGC05522.phot.1_nonan.fits.gz
200	https://irsa.ipac.caltech.edu/data/SPITZER/S4G/galaxies/UGC05540/P4/UGC05540.phot.1_nonan.fits.gz
200	https://irsa.ipac.caltech.edu/data/SPITZER/S4G/galaxies/UGC05574/P4/UGC05574.phot.1_nonan.fits.gz
404	https://irsa.ipac.caltech.edu/data/SPITZER/S4G/galaxies/NGC5485/P4/NGC5485.phot.1_nonan.fits.gz
404	https://irsa.ipac.caltech.edu/data/SPITZER/S4G/galaxies/NGC5493/P4/NGC5493.phot.1_nonan.fits.gz
404	https://irsa.ipac.caltech.edu/data/SPITZER/S4G/galaxies/NGC5582/P4/NGC5582.phot.1_nonan.fits.gz
404	https://irsa.ipac.caltech.edu/data/SPITZER/S4G/galaxies/NGC5611/P4/NGC5611.phot.1_nonan.fits.gz
404	https://irsa.ipac.caltech.edu/data/SPITZER/S4G/galaxies/NGC5638/P4/NGC5638.phot.1_nonan.fits.gz
404	https://irsa.ipac.caltech.edu/data/SPITZER/S4G/galaxies/NGC5687/P4/NGC5687.phot.1_nonan.fits.gz
404	https://irsa.ipac.caltech.edu/data/SPITZER/S4G/galaxies/ESO462-028/P4/ESO462-028.phot.1_nonan.fits.gz
404	https://irsa.ipac.caltech.edu/data/SPITZER/S4G/galaxies/ESO466-043/P4/ESO466-043.phot.1_nonan.fits.gz
404	https://irsa.ipac.caltech.edu/data/SPITZER/S4G/galaxies/ESO468-006/P4/ESO468-006.phot.1_nonan.fits.gz
404	https://irsa.ipac.caltech.edu/data/SPITZER/S4G/galaxies/ESO462-032/P4/ESO462-032.phot.1_nonan.fits.gz
404	https://irsa.ipac.caltech.edu/data/SPITZER/S4G/galaxies/ESO466-025/P4/ESO466-025.phot.1_nonan.fits.gz
404	https://irsa.ipac.caltech.edu/data/SPITZER/S4G/galaxies/ESO480-017/P4/ESO480-017.phot.1_nonan.fits.gz
200	https://irsa.ipac.caltech.edu/data/SPITZER/S4G/galaxies/NGC4632/P4/NGC4632.phot.1_nonan.fits.gz
404	https://irsa.ipac.caltech.edu/data/SPITZER/S4G/galaxies/ESO468-008/P4/ESO468-008.phot.1_nonan.fits.gz
404	https://irsa.ipac.caltech.edu/data/SPITZER/S4G/galaxies/ESO477-005/P4/ESO477-005.phot.1_nonan.fits.gz
200	https://irsa.ipac.caltech.edu/data/SPITZER/S4G/galaxies/NGC4635/P4/NGC4635.phot.1_nonan.fits.gz
200	https://irsa.ipac.caltech.edu/data/SPITZER/S4G/galaxies/NGC4636/P4/NGC4636.phot.1_nonan.fits.gz
200	https://irsa.ipac.caltech.edu/data/SPITZER/S4G/galaxies/NGC4633/P4/NGC4633.phot.1_nonan.fits.gz
200	https://irsa.ipac.caltech.edu/data/SPITZER/S4G/galaxies/NGC4634/P4/NGC4634.phot.1_nonan.fits.gz
200	https://irsa.ipac.caltech.edu/data/SPITZER/S4G/galaxies/NGC4643/P4/NGC4643.phot.1_nonan.fits.gz
200	https://irsa.ipac.caltech.edu/data/SPITZER/S4G/galaxies/NGC4639/P4/NGC4639.phot.1_nonan.fits.gz
200	https://irsa.ipac.caltech.edu/data/SPITZER/S4G/galaxies/NGC4642/P4/NGC4642.phot.1_nonan.fits.gz
200	https://irsa.ipac.caltech.edu/data/SPITZER/S4G/galaxies/NGC4641/P4/NGC4641.phot.1_nonan.fits.gz
200	https://irsa.ipac.caltech.edu/data/SPITZER/S4G/galaxies/NGC4647/P4/NGC4647.phot.1_nonan.fits.gz
200	https://irsa.ipac.caltech.edu/data/SPITZER/S4G/galaxies/NGC4654/P4/NGC4654.phot.1_nonan.fits.gz
200	https://irsa.ipac.caltech.edu/data/SPITZER/S4G/galaxies/NGC4651/P4/NGC4651.phot.1_nonan.fits.gz
200	https://irsa.ipac.caltech.edu/data/SPITZER/S4G/galaxies/NGC4653/P4/NGC4653.phot.1_nonan.fits.gz
200	https://irsa.ipac.caltech.edu/data/SPITZER/S4G/galaxies/NGC5585/P4/NGC5585.phot.1_nonan.fits.gz
200	https://irsa.ipac.caltech.edu/data/SPITZER/S4G/galaxies/NGC4274/P4/NGC4274.phot.1_nonan.fits.gz
200	https://irsa.ipac.caltech.edu/data/SPITZER/S4G/galaxies/NGC4268/P4/NGC4268.phot.1_nonan.fits.gz
200	https://irsa.ipac.caltech.edu/data/SPITZER/S4G/galaxies/NGC4273/P4/NGC4273.phot.1_nonan.fits.gz
200	https://irsa.ipac.caltech.edu/data/SPITZER/S4G/galaxies/NGC4276/P4/NGC4276.phot.1_nonan.fits.gz
200	https://irsa.ipac.caltech.edu/data/SPITZER/S4G/galaxies/NGC4283/P4/NGC4283.phot.1_nonan.fits.gz
200	https://irsa.ipac.caltech.edu/data/SPITZER/S4G/galaxies/NGC4286/P4/NGC4286.phot.1_nonan.fits.gz
200	https://irsa.ipac.caltech.edu/data/SPITZER/S4G/galaxies/NGC4278/P4/NGC4278.phot.1_nonan.fits.gz
200	https://irsa.ipac.caltech.edu/data/SPITZER/S4G/galaxies/NGC4287/P4/NGC4287.phot.1_nonan.fits.gz
200	https://irsa.ipac.caltech.edu/data/SPITZER/S4G/galaxies/NGC4288/P4/NGC4288.phot.1_nonan.fits.gz
200	https://irsa.ipac.caltech.edu/data/SPITZER/S4G/galaxies/NGC4289/P4/NGC4289.phot.1_nonan.fits.gz
200	https://irsa.ipac.caltech.edu/data/SPITZER/S4G/galaxies/NGC4293/P4/NGC4293.phot.1_nonan.fits.gz
200	https://irsa.ipac.caltech.edu/data/SPITZER/S4G/galaxies/NGC4294/P4/NGC4294.phot.1_nonan.fits.gz
200	https://irsa.ipac.caltech.edu/data/SPITZER/S4G/galaxies/NGC4789A/P4/NGC4789A.phot.1_nonan.fits.gz
200	https://irsa.ipac.caltech.edu/data/SPITZER/S4G/galaxies/NGC4298/P4/NGC4298.phot.1_nonan.fits.gz
200	https://irsa.ipac.caltech.edu/data/SPITZER/S4G/galaxies/UGC08166/P4/UGC08166.phot.1_nonan.fits.gz
200	https://irsa.ipac.caltech.edu/data/SPITZER/S4G/galaxies/UGC08181/P4/UGC08181.phot.1_nonan.fits.gz
200	https://irsa.ipac.caltech.edu/data/SPITZER/S4G/galaxies/UGC08246/P4/UGC08246.phot.1_nonan.fits.gz
200	https://irsa.ipac.caltech.edu/data/SPITZER/S4G/galaxies/UGC08282/P4/UGC08282.phot.1_nonan.fits.gz
200	https://irsa.ipac.caltech.edu/data/SPITZER/S4G/galaxies/UGC08201/P4/UGC08201.phot.1_nonan.fits.gz
200	https://irsa.ipac.caltech.edu/data/SPITZER/S4G/galaxies/UGC08303/P4/UGC08303.phot.1_nonan.fits.gz
200	https://irsa.ipac.caltech.edu/data/SPITZER/S4G/galaxies/UGC08313/P4/UGC08313.phot.1_nonan.fits.gz
200	https://irsa.ipac.caltech.edu/data/SPITZER/S4G/galaxies/UGC08331/P4/UGC08331.phot.1_nonan.fits.gz
200	https://irsa.ipac.caltech.edu/data/SPITZER/S4G/galaxies/UGC08320/P4/UGC08320.phot.1_nonan.fits.gz
200	https://irsa.ipac.caltech.edu/data/SPITZER/S4G/galaxies/UGC08365/P4/UGC08365.phot.1_nonan.fits.gz
200	https://irsa.ipac.caltech.edu/data/SPITZER/S4G/galaxies/UGC08441/P4/UGC08441.phot.1_nonan.fits.gz
200	https://irsa.ipac.caltech.edu/data/SPITZER/S4G/galaxies/UGC08385/P4/UGC08385.phot.1_nonan.fits.gz
200	https://irsa.ipac.caltech.edu/data/SPITZER/S4G/galaxies/UGC08449/P4/UGC08449.phot.1_nonan.fits.gz
200	https://irsa.ipac.caltech.edu/data/SPITZER/S4G/galaxies/NGC7059/P4/NGC7059.phot.1_nonan.fits.gz
404	https://irsa.ipac.caltech.edu/data/SPITZER/S4G/galaxies/ESO482-036/P4/ESO482-036.phot.1_nonan.fits.gz
404	https://irsa.ipac.caltech.edu/data/SPITZER/S4G/galaxies/ESO482-017/P4/ESO482-017.phot.1_nonan.fits.gz
404	https://irsa.ipac.caltech.edu/data/SPITZER/S4G/galaxies/ESO482-049/P4/ESO482-049.phot.1_nonan.fits.gz
404	https://irsa.ipac.caltech.edu/data/SPITZER/S4G/galaxies/ESO503-008/P4/ESO503-008.phot.1_nonan.fits.gz
404	https://irsa.ipac.caltech.edu/data/SPITZER/S4G/galaxies/PGC282435/P4/PGC282435.phot.1_nonan.fits.gz
404	https://irsa.ipac.caltech.edu/data/SPITZER/S4G/galaxies/ESO504-030/P4/ESO504-030.phot.1_nonan.fits.gz
404	https://irsa.ipac.caltech.edu/data/SPITZER/S4G/galaxies/ESO505-005/P4/ESO505-005.phot.1_nonan.fits.gz
404	https://irsa.ipac.caltech.edu/data/SPITZER/S4G/galaxies/PGC3097691/P4/PGC3097691.phot.1_nonan.fits.gz
404	https://irsa.ipac.caltech.edu/data/SPITZER/S4G/galaxies/PGC3097702/P4/PGC3097702.phot.1_nonan.fits.gz
404	https://irsa.ipac.caltech.edu/data/SPITZER/S4G/galaxies/PGC891484/P4/PGC891484.phot.1_nonan.fits.gz
404	https://irsa.ipac.caltech.edu/data/SPITZER/S4G/galaxies/PGC725719/P4/PGC725719.phot.1_nonan.fits.gz
404	https://irsa.ipac.caltech.edu/data/SPITZER/S4G/galaxies/PGC896975/P4/PGC896975.phot.1_nonan.fits.gz
404	https://irsa.ipac.caltech.edu/data/SPITZER/S4G/galaxies/PGC938112/P4/PGC938112.phot.1_nonan.fits.gz
404	https://irsa.ipac.caltech.edu/data/SPITZER/S4G/galaxies/PGC924727/P4/PGC924727.phot.1_nonan.fits.gz
200	https://irsa.ipac.caltech.edu/data/SPITZER/S4G/galaxies/NGC5587/P4/NGC5587.phot.1_nonan.fits.gz
200	https://irsa.ipac.caltech.edu/data/SPITZER/S4G/galaxies/NGC5595/P4/NGC5595.phot.1_nonan.fits.gz
200	https://irsa.ipac.caltech.edu/data/SPITZER/S4G/galaxies/NGC5597/P4/NGC5597.phot.1_nonan.fits.gz
200	https://irsa.ipac.caltech.edu/data/SPITZER/S4G/galaxies/NGC5600/P4/NGC5600.phot.1_nonan.fits.gz
200	https://irsa.ipac.caltech.edu/data/SPITZER/S4G/galaxies/NGC5602/P4/NGC5602.phot.1_nonan.fits.gz
200	https://irsa.ipac.caltech.edu/data/SPITZER/S4G/galaxies/NGC5604/P4/NGC5604.phot.1_nonan.fits.gz
200	https://irsa.ipac.caltech.edu/data/SPITZER/S4G/galaxies/NGC5608/P4/NGC5608.phot.1_nonan.fits.gz
200	https://irsa.ipac.caltech.edu/data/SPITZER/S4G/galaxies/NGC5624/P4/NGC5624.phot.1_nonan.fits.gz
200	https://irsa.ipac.caltech.edu/data/SPITZER/S4G/galaxies/NGC5630/P4/NGC5630.phot.1_nonan.fits.gz
200	https://irsa.ipac.caltech.edu/data/SPITZER/S4G/galaxies/NGC5636/P4/NGC5636.phot.1_nonan.fits.gz
200	https://irsa.ipac.caltech.edu/data/SPITZER/S4G/galaxies/NGC3377A/P4/NGC3377A.phot.1_nonan.fits.gz
200	https://irsa.ipac.caltech.edu/data/SPITZER/S4G/galaxies/NGC4791/P4/NGC4791.phot.1_nonan.fits.gz
200	https://irsa.ipac.caltech.edu/data/SPITZER/S4G/galaxies/NGC4790/P4/NGC4790.phot.1_nonan.fits.gz
200	https://irsa.ipac.caltech.edu/data/SPITZER/S4G/galaxies/NGC4793/P4/NGC4793.phot.1_nonan.fits.gz
200	https://irsa.ipac.caltech.edu/data/SPITZER/S4G/galaxies/NGC4795/P4/NGC4795.phot.1_nonan.fits.gz
200	https://irsa.ipac.caltech.edu/data/SPITZER/S4G/galaxies/NGC5631/P4/NGC5631.phot.1_nonan.fits.gz
200	https://irsa.ipac.caltech.edu/data/SPITZER/S4G/galaxies/NGC5633/P4/NGC5633.phot.1_nonan.fits.gz
200	https://irsa.ipac.caltech.edu/data/SPITZER/S4G/galaxies/NGC4799/P4/NGC4799.phot.1_nonan.fits.gz
200	https://irsa.ipac.caltech.edu/data/SPITZER/S4G/galaxies/NGC4802/P4/NGC4802.phot.1_nonan.fits.gz
200	https://irsa.ipac.caltech.edu/data/SPITZER/S4G/galaxies/NGC4800/P4/NGC4800.phot.1_nonan.fits.gz
200	https://irsa.ipac.caltech.edu/data/SPITZER/S4G/galaxies/NGC4806/P4/NGC4806.phot.1_nonan.fits.gz
200	https://irsa.ipac.caltech.edu/data/SPITZER/S4G/galaxies/NGC4809/P4/NGC4809.phot.1_nonan.fits.gz
200	https://irsa.ipac.caltech.edu/data/SPITZER/S4G/galaxies/NGC4814/P4/NGC4814.phot.1_nonan.fits.gz
200	https://irsa.ipac.caltech.edu/data/SPITZER/S4G/galaxies/NGC4818/P4/NGC4818.phot.1_nonan.fits.gz
200	https://irsa.ipac.caltech.edu/data/SPITZER/S4G/galaxies/NGC5789/P4/NGC5789.phot.1_nonan.fits.gz
200	https://irsa.ipac.caltech.edu/data/SPITZER/S4G/galaxies/NGC7064/P4/NGC7064.phot.1_nonan.fits.gz
200	https://irsa.ipac.caltech.edu/data/SPITZER/S4G/galaxies/NGC7079/P4/NGC7079.phot.1_nonan.fits.gz
200	https://irsa.ipac.caltech.edu/data/SPITZER/S4G/galaxies/NGC7090/P4/NGC7090.phot.1_nonan.fits.gz
200	https://irsa.ipac.caltech.edu/data/SPITZER/S4G/galaxies/NGC4808/P4/NGC4808.phot.1_nonan.fits.gz
200	https://irsa.ipac.caltech.edu/data/SPITZER/S4G/galaxies/NGC7098/P4/NGC7098.phot.1_nonan.fits.gz
200	https://irsa.ipac.caltech.edu/data/SPITZER/S4G/galaxies/NGC7070/P4/NGC7070.phot.1_nonan.fits.gz
200	https://irsa.ipac.caltech.edu/data/SPITZER/S4G/galaxies/NGC7107/P4/NGC7107.phot.1_nonan.fits.gz
200	https://irsa.ipac.caltech.edu/data/SPITZER/S4G/galaxies/NGC7140/P4/NGC7140.phot.1_nonan.fits.gz
200	https://irsa.ipac.caltech.edu/data/SPITZER/S4G/galaxies/NGC7091/P4/NGC7091.phot.1_nonan.fits.gz
200	https://irsa.ipac.caltech.edu/data/SPITZER/S4G/galaxies/NGC7151/P4/NGC7151.phot.1_nonan.fits.gz
200	https://irsa.ipac.caltech.edu/data/SPITZER/S4G/galaxies/NGC7154/P4/NGC7154.phot.1_nonan.fits.gz
200	https://irsa.ipac.caltech.edu/data/SPITZER/S4G/galaxies/NGC7162/P4/NGC7162.phot.1_nonan.fits.gz
200	https://irsa.ipac.caltech.edu/data/SPITZER/S4G/galaxies/NGC7162A/P4/NGC7162A.phot.1_nonan.fits.gz
200	https://irsa.ipac.caltech.edu/data/SPITZER/S4G/galaxies/PGC045084/P4/PGC045084.phot.1_nonan.fits.gz
404	https://irsa.ipac.caltech.edu/data/SPITZER/S4G/galaxies/PGC952909/P4/PGC952909.phot.1_nonan.fits.gz
404	https://irsa.ipac.caltech.edu/data/SPITZER/S4G/galaxies/PGC975705/P4/PGC975705.phot.1_nonan.fits.gz
404	https://irsa.ipac.caltech.edu/data/SPITZER/S4G/galaxies/PGC974148/P4/PGC974148.phot.1_nonan.fits.gz
404	https://irsa.ipac.caltech.edu/data/SPITZER/S4G/galaxies/UGC00931/P4/UGC00931.phot.1_nonan.fits.gz
404	https://irsa.ipac.caltech.edu/data/SPITZER/S4G/galaxies/UGC00685/P4/UGC00685.phot.1_nonan.fits.gz
404	https://irsa.ipac.caltech.edu/data/SPITZER/S4G/galaxies/NGC1375/P4/NGC1375.phot.1_nonan.fits.gz
404	https://irsa.ipac.caltech.edu/data/SPITZER/S4G/galaxies/UGC01050/P4/UGC01050.phot.1_nonan.fits.gz
404	https://irsa.ipac.caltech.edu/data/SPITZER/S4G/galaxies/NGC1379/P4/NGC1379.phot.1_nonan.fits.gz
404	https://irsa.ipac.caltech.edu/data/SPITZER/S4G/galaxies/NGC1374/P4/NGC1374.phot.1_nonan.fits.gz
404	https://irsa.ipac.caltech.edu/data/SPITZER/S4G/galaxies/NGC1380A/P4/NGC1380A.phot.1_nonan.fits.gz
404	https://irsa.ipac.caltech.edu/data/SPITZER/S4G/galaxies/NGC1380B/P4/NGC1380B.phot.1_nonan.fits.gz
404	https://irsa.ipac.caltech.edu/data/SPITZER/S4G/galaxies/NGC1381/P4/NGC1381.phot.1_nonan.fits.gz
404	https://irsa.ipac.caltech.edu/data/SPITZER/S4G/galaxies/NGC1380/P4/NGC1380.phot.1_nonan.fits.gz
404	https://irsa.ipac.caltech.edu/data/SPITZER/S4G/galaxies/NGC1383/P4/NGC1383.phot.1_nonan.fits.gz
404	https://irsa.ipac.caltech.edu/data/SPITZER/S4G/galaxies/NGC1387/P4/NGC1387.phot.1_nonan.fits.gz
404	https://irsa.ipac.caltech.edu/data/SPITZER/S4G/galaxies/NGC1395/P4/NGC1395.phot.1_nonan.fits.gz
404	https://irsa.ipac.caltech.edu/data/SPITZER/S4G/galaxies/NGC1393/P4/NGC1393.phot.1_nonan.fits.gz
404	https://irsa.ipac.caltech.edu/data/SPITZER/S4G/galaxies/NGC5796/P4/NGC5796.phot.1_nonan.fits.gz
404	https://irsa.ipac.caltech.edu/data/SPITZER/S4G/galaxies/NGC5812/P4/NGC5812.phot.1_nonan.fits.gz
404	https://irsa.ipac.caltech.edu/data/SPITZER/S4G/galaxies/NGC1400/P4/NGC1400.phot.1_nonan.fits.gz
404	https://irsa.ipac.caltech.edu/data/SPITZER/S4G/galaxies/NGC5813/P4/NGC5813.phot.1_nonan.fits.gz
404	https://irsa.ipac.caltech.edu/data/SPITZER/S4G/galaxies/NGC1399/P4/NGC1399.phot.1_nonan.fits.gz
404	https://irsa.ipac.caltech.edu/data/SPITZER/S4G/galaxies/NGC5831/P4/NGC5831.phot.1_nonan.fits.gz
404	https://irsa.ipac.caltech.edu/data/SPITZER/S4G/galaxies/NGC5838/P4/NGC5838.phot.1_nonan.fits.gz
404	https://irsa.ipac.caltech.edu/data/SPITZER/S4G/galaxies/NGC5839/P4/NGC5839.phot.1_nonan.fits.gz
404	https://irsa.ipac.caltech.edu/data/SPITZER/S4G/galaxies/NGC5841/P4/NGC5841.phot.1_nonan.fits.gz
200	https://irsa.ipac.caltech.edu/data/SPITZER/S4G/galaxies/NGC3380/P4/NGC3380.phot.1_nonan.fits.gz
404	https://irsa.ipac.caltech.edu/data/SPITZER/S4G/galaxies/NGC5845/P4/NGC5845.phot.1_nonan.fits.gz
200	https://irsa.ipac.caltech.edu/data/SPITZER/S4G/galaxies/NGC3389/P4/NGC3389.phot.1_nonan.fits.gz
200	https://irsa.ipac.caltech.edu/data/SPITZER/S4G/galaxies/NGC3381/P4/NGC3381.phot.1_nonan.fits.gz
200	https://irsa.ipac.caltech.edu/data/SPITZER/S4G/galaxies/NGC3395/P4/NGC3395.phot.1_nonan.fits.gz
200	https://irsa.ipac.caltech.edu/data/SPITZER/S4G/galaxies/NGC3384/P4/NGC3384.phot.1_nonan.fits.gz
200	https://irsa.ipac.caltech.edu/data/SPITZER/S4G/galaxies/NGC3396/P4/NGC3396.phot.1_nonan.fits.gz
200	https://irsa.ipac.caltech.edu/data/SPITZER/S4G/galaxies/NGC3403/P4/NGC3403.phot.1_nonan.fits.gz
200	https://irsa.ipac.caltech.edu/data/SPITZER/S4G/galaxies/NGC3413/P4/NGC3413.phot.1_nonan.fits.gz
200	https://irsa.ipac.caltech.edu/data/SPITZER/S4G/galaxies/NGC3414/P4/NGC3414.phot.1_nonan.fits.gz
200	https://irsa.ipac.caltech.edu/data/SPITZER/S4G/galaxies/NGC3430/P4/NGC3430.phot.1_nonan.fits.gz
200	https://irsa.ipac.caltech.edu/data/SPITZER/S4G/galaxies/NGC3423/P4/NGC3423.phot.1_nonan.fits.gz
200	https://irsa.ipac.caltech.edu/data/SPITZER/S4G/galaxies/NGC3611/P4/NGC3611.phot.1_nonan.fits.gz
200	https://irsa.ipac.caltech.edu/data/SPITZER/S4G/galaxies/NGC5792/P4/NGC5792.phot.1_nonan.fits.gz
200	https://irsa.ipac.caltech.edu/data/SPITZER/S4G/galaxies/NGC5798/P4/NGC5798.phot.1_nonan.fits.gz
200	https://irsa.ipac.caltech.edu/data/SPITZER/S4G/galaxies/NGC3614/P4/NGC3614.phot.1_nonan.fits.gz
200	https://irsa.ipac.caltech.edu/data/SPITZER/S4G/galaxies/NGC5806/P4/NGC5806.phot.1_nonan.fits.gz
200	https://irsa.ipac.caltech.edu/data/SPITZER/S4G/galaxies/NGC5809/P4/NGC5809.phot.1_nonan.fits.gz
200	https://irsa.ipac.caltech.edu/data/SPITZER/S4G/galaxies/NGC5821/P4/NGC5821.phot.1_nonan.fits.gz
200	https://irsa.ipac.caltech.edu/data/SPITZER/S4G/galaxies/NGC5846/P4/NGC5846.phot.1_nonan.fits.gz
200	https://irsa.ipac.caltech.edu/data/SPITZER/S4G/galaxies/NGC5854/P4/NGC5854.phot.1_nonan.fits.gz
200	https://irsa.ipac.caltech.edu/data/SPITZER/S4G/galaxies/NGC5850/P4/NGC5850.phot.1_nonan.fits.gz
200	https://irsa.ipac.caltech.edu/data/SPITZER/S4G/galaxies/NGC3424/P4/NGC3424.phot.1_nonan.fits.gz
200	https://irsa.ipac.caltech.edu/data/SPITZER/S4G/galaxies/NGC5861/P4/NGC5861.phot.1_nonan.fits.gz
200	https://irsa.ipac.caltech.edu/data/SPITZER/S4G/galaxies/NGC5864/P4/NGC5864.phot.1_nonan.fits.gz
200	https://irsa.ipac.caltech.edu/data/SPITZER/S4G/galaxies/NGC5866B/P4/NGC5866B.phot.1_nonan.fits.gz
404	https://irsa.ipac.caltech.edu/data/SPITZER/S4G/galaxies/PGC045912/P4/PGC045912.phot.1_nonan.fits.gz
404	https://irsa.ipac.caltech.edu/data/SPITZER/S4G/galaxies/PGC045924/P4/PGC045924.phot.1_nonan.fits.gz
200	https://irsa.ipac.caltech.edu/data/SPITZER/S4G/galaxies/PGC045195/P4/PGC045195.phot.1_nonan.fits.gz
200	https://irsa.ipac.caltech.edu/data/SPITZER/S4G/galaxies/NGC5832/P4/NGC5832.phot.1_nonan.fits.gz
200	https://irsa.ipac.caltech.edu/data/SPITZER/S4G/galaxies/PGC045650/P4/PGC045650.phot.1_nonan.fits.gz
200	https://irsa.ipac.caltech.edu/data/SPITZER/S4G/galaxies/PGC045652/P4/PGC045652.phot.1_nonan.fits.gz
200	https://irsa.ipac.caltech.edu/data/SPITZER/S4G/galaxies/PGC045824/P4/PGC045824.phot.1_nonan.fits.gz
200	https://irsa.ipac.caltech.edu/data/SPITZER/S4G/galaxies/PGC046382/P4/PGC046382.phot.1_nonan.fits.gz
200	https://irsa.ipac.caltech.edu/data/SPITZER/S4G/galaxies/PGC045359/P4/PGC045359.phot.1_nonan.fits.gz
200	https://irsa.ipac.caltech.edu/data/SPITZER/S4G/galaxies/PGC047721/P4/PGC047721.phot.1_nonan.fits.gz
404	https://irsa.ipac.caltech.edu/data/SPITZER/S4G/galaxies/ESO297-020/P4/ESO297-020.phot.1_nonan.fits.gz
404	https://irsa.ipac.caltech.edu/data/SPITZER/S4G/galaxies/ESO299-011/P4/ESO299-011.phot.1_nonan.fits.gz
200	https://irsa.ipac.caltech.edu/data/SPITZER/S4G/galaxies/PGC045877/P4/PGC045877.phot.1_nonan.fits.gz
200	https://irsa.ipac.caltech.edu/data/SPITZER/S4G/galaxies/NGC3628/P4/NGC3628.phot.1_nonan.fits.gz
200	https://irsa.ipac.caltech.edu/data/SPITZER/S4G/galaxies/PGC045257/P4/PGC045257.phot.1_nonan.fits.gz
200	https://irsa.ipac.caltech.edu/data/SPITZER/S4G/galaxies/NGC3629/P4/NGC3629.phot.1_nonan.fits.gz
200	https://irsa.ipac.caltech.edu/data/SPITZER/S4G/galaxies/NGC3637/P4/NGC3637.phot.1_nonan.fits.gz
200	https://irsa.ipac.caltech.edu/data/SPITZER/S4G/galaxies/NGC4302/P4/NGC4302.phot.1_nonan.fits.gz
404	https://irsa.ipac.caltech.edu/data/SPITZER/S4G/galaxies/ESO306-013/P4/ESO306-013.phot.1_nonan.fits.gz
404	https://irsa.ipac.caltech.edu/data/SPITZER/S4G/galaxies/ESO340-012/P4/ESO340-012.phot.1_nonan.fits.gz
404	https://irsa.ipac.caltech.edu/data/SPITZER/S4G/galaxies/ESO340-019/P4/ESO340-019.phot.1_nonan.fits.gz
404	https://irsa.ipac.caltech.edu/data/SPITZER/S4G/galaxies/ESO340-021/P4/ESO340-021.phot.1_nonan.fits.gz
404	https://irsa.ipac.caltech.edu/data/SPITZER/S4G/galaxies/PGC043283/P4/PGC043283.phot.1_nonan.fits.gz
404	https://irsa.ipac.caltech.edu/data/SPITZER/S4G/galaxies/PGC043178/P4/PGC043178.phot.1_nonan.fits.gz
404	https://irsa.ipac.caltech.edu/data/SPITZER/S4G/galaxies/PGC042898/P4/PGC042898.phot.1_nonan.fits.gz
404	https://irsa.ipac.caltech.edu/data/SPITZER/S4G/galaxies/PGC043600/P4/PGC043600.phot.1_nonan.fits.gz
404	https://irsa.ipac.caltech.edu/data/SPITZER/S4G/galaxies/PGC043698/P4/PGC043698.phot.1_nonan.fits.gz
404	https://irsa.ipac.caltech.edu/data/SPITZER/S4G/galaxies/PGC042902/P4/PGC042902.phot.1_nonan.fits.gz
404	https://irsa.ipac.caltech.edu/data/SPITZER/S4G/galaxies/PGC044701/P4/PGC044701.phot.1_nonan.fits.gz
404	https://irsa.ipac.caltech.edu/data/SPITZER/S4G/galaxies/NGC5846A/P4/NGC5846A.phot.1_nonan.fits.gz
200	https://irsa.ipac.caltech.edu/data/SPITZER/S4G/galaxies/NGC4393/P4/NGC4393.phot.1_nonan.fits.gz
200	https://irsa.ipac.caltech.edu/data/SPITZER/S4G/galaxies/NGC4394/P4/NGC4394.phot.1_nonan.fits.gz
200	https://irsa.ipac.caltech.edu/data/SPITZER/S4G/galaxies/NGC4395/P4/NGC4395.phot.1_nonan.fits.gz
200	https://irsa.ipac.caltech.edu/data/SPITZER/S4G/galaxies/NGC4405/P4/NGC4405.phot.1_nonan.fits.gz
200	https://irsa.ipac.caltech.edu/data/SPITZER/S4G/galaxies/NGC4402/P4/NGC4402.phot.1_nonan.fits.gz
200	https://irsa.ipac.caltech.edu/data/SPITZER/S4G/galaxies/NGC4411B/P4/NGC4411B.phot.1_nonan.fits.gz
200	https://irsa.ipac.caltech.edu/data/SPITZER/S4G/galaxies/NGC4412/P4/NGC4412.phot.1_nonan.fits.gz
200	https://irsa.ipac.caltech.edu/data/SPITZER/S4G/galaxies/NGC4414/P4/NGC4414.phot.1_nonan.fits.gz
200	https://irsa.ipac.caltech.edu/data/SPITZER/S4G/galaxies/NGC4303/P4/NGC4303.phot.1_nonan.fits.gz
200	https://irsa.ipac.caltech.edu/data/SPITZER/S4G/galaxies/NGC4303A/P4/NGC4303A.phot.1_nonan.fits.gz
200	https://irsa.ipac.caltech.edu/data/SPITZER/S4G/galaxies/NGC4307/P4/NGC4307.phot.1_nonan.fits.gz
200	https://irsa.ipac.caltech.edu/data/SPITZER/S4G/galaxies/NGC4309/P4/NGC4309.phot.1_nonan.fits.gz
200	https://irsa.ipac.caltech.edu/data/SPITZER/S4G/galaxies/NGC4310/P4/NGC4310.phot.1_nonan.fits.gz
200	https://irsa.ipac.caltech.edu/data/SPITZER/S4G/galaxies/NGC4313/P4/NGC4313.phot.1_nonan.fits.gz
200	https://irsa.ipac.caltech.edu/data/SPITZER/S4G/galaxies/NGC4312/P4/NGC4312.phot.1_nonan.fits.gz
200	https://irsa.ipac.caltech.edu/data/SPITZER/S4G/galaxies/NGC4314/P4/NGC4314.phot.1_nonan.fits.gz
200	https://irsa.ipac.caltech.edu/data/SPITZER/S4G/galaxies/NGC4316/P4/NGC4316.phot.1_nonan.fits.gz
200	https://irsa.ipac.caltech.edu/data/SPITZER/S4G/galaxies/NGC4826/P4/NGC4826.phot.1_nonan.fits.gz
200	https://irsa.ipac.caltech.edu/data/SPITZER/S4G/galaxies/NGC4319/P4/NGC4319.phot.1_nonan.fits.gz
200	https://irsa.ipac.caltech.edu/data/SPITZER/S4G/galaxies/NGC4845/P4/NGC4845.phot.1_nonan.fits.gz
404	https://irsa.ipac.caltech.edu/data/SPITZER/S4G/galaxies/PGC046474/P4/PGC046474.phot.1_nonan.fits.gz
404	https://irsa.ipac.caltech.edu/data/SPITZER/S4G/galaxies/PGC046523/P4/PGC046523.phot.1_nonan.fits.gz
200	https://irsa.ipac.caltech.edu/data/SPITZER/S4G/galaxies/ESO508-007/P4/ESO508-007.phot.1_nonan.fits.gz
200	https://irsa.ipac.caltech.edu/data/SPITZER/S4G/galaxies/ESO508-015/P4/ESO508-015.phot.1_nonan.fits.gz
200	https://irsa.ipac.caltech.edu/data/SPITZER/S4G/galaxies/ESO508-011/P4/ESO508-011.phot.1_nonan.fits.gz
200	https://irsa.ipac.caltech.edu/data/SPITZER/S4G/galaxies/ESO508-024/P4/ESO508-024.phot.1_nonan.fits.gz
200	https://irsa.ipac.caltech.edu/data/SPITZER/S4G/galaxies/ESO508-019/P4/ESO508-019.phot.1_nonan.fits.gz
200	https://irsa.ipac.caltech.edu/data/SPITZER/S4G/galaxies/ESO508-030/P4/ESO508-030.phot.1_nonan.fits.gz
200	https://irsa.ipac.caltech.edu/data/SPITZER/S4G/galaxies/ESO508-034/P4/ESO508-034.phot.1_nonan.fits.gz
200	https://irsa.ipac.caltech.edu/data/SPITZER/S4G/galaxies/ESO509-026/P4/ESO509-026.phot.1_nonan.fits.gz
200	https://irsa.ipac.caltech.edu/data/SPITZER/S4G/galaxies/ESO508-051/P4/ESO508-051.phot.1_nonan.fits.gz
200	https://irsa.ipac.caltech.edu/data/SPITZER/S4G/galaxies/ESO509-074/P4/ESO509-074.phot.1_nonan.fits.gz
200	https://irsa.ipac.caltech.edu/data/SPITZER/S4G/galaxies/ESO510-026/P4/ESO510-026.phot.1_nonan.fits.gz
404	https://irsa.ipac.caltech.edu/data/SPITZER/S4G/galaxies/PGC044733/P4/PGC044733.phot.1_nonan.fits.gz
404	https://irsa.ipac.caltech.edu/data/SPITZER/S4G/galaxies/PGC044812/P4/PGC044812.phot.1_nonan.fits.gz
404	https://irsa.ipac.caltech.edu/data/SPITZER/S4G/galaxies/PGC044983/P4/PGC044983.phot.1_nonan.fits.gz
404	https://irsa.ipac.caltech.edu/data/SPITZER/S4G/galaxies/PGC045512/P4/PGC045512.phot.1_nonan.fits.gz
404	https://irsa.ipac.caltech.edu/data/SPITZER/S4G/galaxies/PGC045711/P4/PGC045711.phot.1_nonan.fits.gz
404	https://irsa.ipac.caltech.edu/data/SPITZER/S4G/galaxies/IC3612/P4/IC3612.phot.1_nonan.fits.gz
404	https://irsa.ipac.caltech.edu/data/SPITZER/S4G/galaxies/NGC4813/P4/NGC4813.phot.1_nonan.fits.gz
404	https://irsa.ipac.caltech.edu/data/SPITZER/S4G/galaxies/IC3637/P4/IC3637.phot.1_nonan.fits.gz
404	https://irsa.ipac.caltech.edu/data/SPITZER/S4G/galaxies/NGC4968/P4/NGC4968.phot.1_nonan.fits.gz
404	https://irsa.ipac.caltech.edu/data/SPITZER/S4G/galaxies/NGC4887/P4/NGC4887.phot.1_nonan.fits.gz
404	https://irsa.ipac.caltech.edu/data/SPITZER/S4G/galaxies/NGC4997/P4/NGC4997.phot.1_nonan.fits.gz
404	https://irsa.ipac.caltech.edu/data/SPITZER/S4G/galaxies/NGC4993/P4/NGC4993.phot.1_nonan.fits.gz
404	https://irsa.ipac.caltech.edu/data/SPITZER/S4G/galaxies/NGC5006/P4/NGC5006.phot.1_nonan.fits.gz
200	https://irsa.ipac.caltech.edu/data/SPITZER/S4G/galaxies/NGC6155/P4/NGC6155.phot.1_nonan.fits.gz
200	https://irsa.ipac.caltech.edu/data/SPITZER/S4G/galaxies/NGC6168/P4/NGC6168.phot.1_nonan.fits.gz
200	https://irsa.ipac.caltech.edu/data/SPITZER/S4G/galaxies/NGC6181/P4/NGC6181.phot.1_nonan.fits.gz
200	https://irsa.ipac.caltech.edu/data/SPITZER/S4G/galaxies/NGC6217/P4/NGC6217.phot.1_nonan.fits.gz
200	https://irsa.ipac.caltech.edu/data/SPITZER/S4G/galaxies/NGC6207/P4/NGC6207.phot.1_nonan.fits.gz
200	https://irsa.ipac.caltech.edu/data/SPITZER/S4G/galaxies/NGC6236/P4/NGC6236.phot.1_nonan.fits.gz
200	https://irsa.ipac.caltech.edu/data/SPITZER/S4G/galaxies/NGC6237/P4/NGC6237.phot.1_nonan.fits.gz
200	https://irsa.ipac.caltech.edu/data/SPITZER/S4G/galaxies/NGC6255/P4/NGC6255.phot.1_nonan.fits.gz
200	https://irsa.ipac.caltech.edu/data/SPITZER/S4G/galaxies/NGC6239/P4/NGC6239.phot.1_nonan.fits.gz
200	https://irsa.ipac.caltech.edu/data/SPITZER/S4G/galaxies/NGC6278/P4/NGC6278.phot.1_nonan.fits.gz
200	https://irsa.ipac.caltech.edu/data/SPITZER/S4G/galaxies/NGC6267/P4/NGC6267.phot.1_nonan.fits.gz
200	https://irsa.ipac.caltech.edu/data/SPITZER/S4G/galaxies/NGC6339/P4/NGC6339.phot.1_nonan.fits.gz
200	https://irsa.ipac.caltech.edu/data/SPITZER/S4G/galaxies/NGC6340/P4/NGC6340.phot.1_nonan.fits.gz
200	https://irsa.ipac.caltech.edu/data/SPITZER/S4G/galaxies/NGC5894/P4/NGC5894.phot.1_nonan.fits.gz
200	https://irsa.ipac.caltech.edu/data/SPITZER/S4G/galaxies/NGC5892/P4/NGC5892.phot.1_nonan.fits.gz
200	https://irsa.ipac.caltech.edu/data/SPITZER/S4G/galaxies/NGC5900/P4/NGC5900.phot.1_nonan.fits.gz
200	https://irsa.ipac.caltech.edu/data/SPITZER/S4G/galaxies/NGC5899/P4/NGC5899.phot.1_nonan.fits.gz
200	https://irsa.ipac.caltech.edu/data/SPITZER/S4G/galaxies/NGC5907/P4/NGC5907.phot.1_nonan.fits.gz
200	https://irsa.ipac.caltech.edu/data/SPITZER/S4G/galaxies/NGC5913/P4/NGC5913.phot.1_nonan.fits.gz
200	https://irsa.ipac.caltech.edu/data/SPITZER/S4G/galaxies/NGC5915/P4/NGC5915.phot.1_nonan.fits.gz
200	https://irsa.ipac.caltech.edu/data/SPITZER/S4G/galaxies/NGC5916/P4/NGC5916.phot.1_nonan.fits.gz
200	https://irsa.ipac.caltech.edu/data/SPITZER/S4G/galaxies/NGC5916A/P4/NGC5916A.phot.1_nonan.fits.gz
200	https://irsa.ipac.caltech.edu/data/SPITZER/S4G/galaxies/NGC5921/P4/NGC5921.phot.1_nonan.fits.gz
200	https://irsa.ipac.caltech.edu/data/SPITZER/S4G/galaxies/NGC3642/P4/NGC3642.phot.1_nonan.fits.gz
200	https://irsa.ipac.caltech.edu/data/SPITZER/S4G/galaxies/NGC3648/P4/NGC3648.phot.1_nonan.fits.gz
200	https://irsa.ipac.caltech.edu/data/SPITZER/S4G/galaxies/NGC3652/P4/NGC3652.phot.1_nonan.fits.gz
200	https://irsa.ipac.caltech.edu/data/SPITZER/S4G/galaxies/ESO544-027/P4/ESO544-027.phot.1_nonan.fits.gz
200	https://irsa.ipac.caltech.edu/data/SPITZER/S4G/galaxies/ESO544-030/P4/ESO544-030.phot.1_nonan.fits.gz
200	https://irsa.ipac.caltech.edu/data/SPITZER/S4G/galaxies/ESO545-002/P4/ESO545-002.phot.1_nonan.fits.gz
200	https://irsa.ipac.caltech.edu/data/SPITZER/S4G/galaxies/ESO545-003/P4/ESO545-003.phot.1_nonan.fits.gz
200	https://irsa.ipac.caltech.edu/data/SPITZER/S4G/galaxies/ESO545-005/P4/ESO545-005.phot.1_nonan.fits.gz
200	https://irsa.ipac.caltech.edu/data/SPITZER/S4G/galaxies/ESO545-016/P4/ESO545-016.phot.1_nonan.fits.gz
200	https://irsa.ipac.caltech.edu/data/SPITZER/S4G/galaxies/ESO546-034/P4/ESO546-034.phot.1_nonan.fits.gz
200	https://irsa.ipac.caltech.edu/data/SPITZER/S4G/galaxies/ESO547-012/P4/ESO547-012.phot.1_nonan.fits.gz
200	https://irsa.ipac.caltech.edu/data/SPITZER/S4G/galaxies/ESO547-005/P4/ESO547-005.phot.1_nonan.fits.gz
200	https://irsa.ipac.caltech.edu/data/SPITZER/S4G/galaxies/ESO548-005/P4/ESO548-005.phot.1_nonan.fits.gz
200	https://irsa.ipac.caltech.edu/data/SPITZER/S4G/galaxies/ESO547-020/P4/ESO547-020.phot.1_nonan.fits.gz
200	https://irsa.ipac.caltech.edu/data/SPITZER/S4G/galaxies/ESO548-009/P4/ESO548-009.phot.1_nonan.fits.gz
200	https://irsa.ipac.caltech.edu/data/SPITZER/S4G/galaxies/ESO548-016/P4/ESO548-016.phot.1_nonan.fits.gz
404	https://irsa.ipac.caltech.edu/data/SPITZER/S4G/galaxies/NGC5010/P4/NGC5010.phot.1_nonan.fits.gz
200	https://irsa.ipac.caltech.edu/data/SPITZER/S4G/galaxies/ESO548-021/P4/ESO548-021.phot.1_nonan.fits.gz
404	https://irsa.ipac.caltech.edu/data/SPITZER/S4G/galaxies/NGC5017/P4/NGC5017.phot.1_nonan.fits.gz
404	https://irsa.ipac.caltech.edu/data/SPITZER/S4G/galaxies/NGC5030/P4/NGC5030.phot.1_nonan.fits.gz
404	https://irsa.ipac.caltech.edu/data/SPITZER/S4G/galaxies/NGC5031/P4/NGC5031.phot.1_nonan.fits.gz
404	https://irsa.ipac.caltech.edu/data/SPITZER/S4G/galaxies/ESO345-002/P4/ESO345-002.phot.1_nonan.fits.gz
404	https://irsa.ipac.caltech.edu/data/SPITZER/S4G/galaxies/ESO345-050/P4/ESO345-050.phot.1_nonan.fits.gz
404	https://irsa.ipac.caltech.edu/data/SPITZER/S4G/galaxies/ESO346-018/P4/ESO346-018.phot.1_nonan.fits.gz
404	https://irsa.ipac.caltech.edu/data/SPITZER/S4G/galaxies/ESO347-020/P4/ESO347-020.phot.1_nonan.fits.gz
404	https://irsa.ipac.caltech.edu/data/SPITZER/S4G/galaxies/ESO347-002/P4/ESO347-002.phot.1_nonan.fits.gz
404	https://irsa.ipac.caltech.edu/data/SPITZER/S4G/galaxies/ESO349-039/P4/ESO349-039.phot.1_nonan.fits.gz
404	https://irsa.ipac.caltech.edu/data/SPITZER/S4G/galaxies/ESO352-036/P4/ESO352-036.phot.1_nonan.fits.gz
404	https://irsa.ipac.caltech.edu/data/SPITZER/S4G/galaxies/ESO356-026/P4/ESO356-026.phot.1_nonan.fits.gz
404	https://irsa.ipac.caltech.edu/data/SPITZER/S4G/galaxies/ESO359-013/P4/ESO359-013.phot.1_nonan.fits.gz
200	https://irsa.ipac.caltech.edu/data/SPITZER/S4G/galaxies/NGC3779/P4/NGC3779.phot.1_nonan.fits.gz
200	https://irsa.ipac.caltech.edu/data/SPITZER/S4G/galaxies/NGC3780/P4/NGC3780.phot.1_nonan.fits.gz
200	https://irsa.ipac.caltech.edu/data/SPITZER/S4G/galaxies/NGC3782/P4/NGC3782.phot.1_nonan.fits.gz
200	https://irsa.ipac.caltech.edu/data/SPITZER/S4G/galaxies/NGC3786/P4/NGC3786.phot.1_nonan.fits.gz
200	https://irsa.ipac.caltech.edu/data/SPITZER/S4G/galaxies/NGC3788/P4/NGC3788.phot.1_nonan.fits.gz
200	https://irsa.ipac.caltech.edu/data/SPITZER/S4G/galaxies/NGC3795/P4/NGC3795.phot.1_nonan.fits.gz
200	https://irsa.ipac.caltech.edu/data/SPITZER/S4G/galaxies/NGC3795A/P4/NGC3795A.phot.1_nonan.fits.gz
200	https://irsa.ipac.caltech.edu/data/SPITZER/S4G/galaxies/NGC3794/P4/NGC3794.phot.1_nonan.fits.gz
200	https://irsa.ipac.caltech.edu/data/SPITZER/S4G/galaxies/NGC3810/P4/NGC3810.phot.1_nonan.fits.gz
200	https://irsa.ipac.caltech.edu/data/SPITZER/S4G/galaxies/NGC3835/P4/NGC3835.phot.1_nonan.fits.gz
200	https://irsa.ipac.caltech.edu/data/SPITZER/S4G/galaxies/NGC3846A/P4/NGC3846A.phot.1_nonan.fits.gz
200	https://irsa.ipac.caltech.edu/data/SPITZER/S4G/galaxies/NGC3813/P4/NGC3813.phot.1_nonan.fits.gz
200	https://irsa.ipac.caltech.edu/data/SPITZER/S4G/galaxies/NGC3850/P4/NGC3850.phot.1_nonan.fits.gz
200	https://irsa.ipac.caltech.edu/data/SPITZER/S4G/galaxies/NGC4416/P4/NGC4416.phot.1_nonan.fits.gz
200	https://irsa.ipac.caltech.edu/data/SPITZER/S4G/galaxies/IC0101/P4/IC0101.phot.1_nonan.fits.gz
200	https://irsa.ipac.caltech.edu/data/SPITZER/S4G/galaxies/ESO548-023/P4/ESO548-023.phot.1_nonan.fits.gz
200	https://irsa.ipac.caltech.edu/data/SPITZER/S4G/galaxies/IC0163/P4/IC0163.phot.1_nonan.fits.gz
200	https://irsa.ipac.caltech.edu/data/SPITZER/S4G/galaxies/IC0167/P4/IC0167.phot.1_nonan.fits.gz
200	https://irsa.ipac.caltech.edu/data/SPITZER/S4G/galaxies/IC0217/P4/IC0217.phot.1_nonan.fits.gz
200	https://irsa.ipac.caltech.edu/data/SPITZER/S4G/galaxies/IC0210/P4/IC0210.phot.1_nonan.fits.gz
200	https://irsa.ipac.caltech.edu/data/SPITZER/S4G/galaxies/IC0223/P4/IC0223.phot.1_nonan.fits.gz
200	https://irsa.ipac.caltech.edu/data/SPITZER/S4G/galaxies/IC0335/P4/IC0335.phot.1_nonan.fits.gz
200	https://irsa.ipac.caltech.edu/data/SPITZER/S4G/galaxies/IC0529/P4/IC0529.phot.1_nonan.fits.gz
200	https://irsa.ipac.caltech.edu/data/SPITZER/S4G/galaxies/IC0600/P4/IC0600.phot.1_nonan.fits.gz
200	https://irsa.ipac.caltech.edu/data/SPITZER/S4G/galaxies/IC0610/P4/IC0610.phot.1_nonan.fits.gz
200	https://irsa.ipac.caltech.edu/data/SPITZER/S4G/galaxies/IC0718/P4/IC0718.phot.1_nonan.fits.gz
200	https://irsa.ipac.caltech.edu/data/SPITZER/S4G/galaxies/IC0749/P4/IC0749.phot.1_nonan.fits.gz
200	https://irsa.ipac.caltech.edu/data/SPITZER/S4G/galaxies/IC0719/P4/IC0719.phot.1_nonan.fits.gz
200	https://irsa.ipac.caltech.edu/data/SPITZER/S4G/galaxies/ESO569-014/P4/ESO569-014.phot.1_nonan.fits.gz
200	https://irsa.ipac.caltech.edu/data/SPITZER/S4G/galaxies/ESO570-019/P4/ESO570-019.phot.1_nonan.fits.gz
200	https://irsa.ipac.caltech.edu/data/SPITZER/S4G/galaxies/ESO572-012/P4/ESO572-012.phot.1_nonan.fits.gz
200	https://irsa.ipac.caltech.edu/data/SPITZER/S4G/galaxies/ESO572-018/P4/ESO572-018.phot.1_nonan.fits.gz
200	https://irsa.ipac.caltech.edu/data/SPITZER/S4G/galaxies/ESO572-022/P4/ESO572-022.phot.1_nonan.fits.gz
200	https://irsa.ipac.caltech.edu/data/SPITZER/S4G/galaxies/ESO572-024/P4/ESO572-024.phot.1_nonan.fits.gz
200	https://irsa.ipac.caltech.edu/data/SPITZER/S4G/galaxies/ESO572-034/P4/ESO572-034.phot.1_nonan.fits.gz
200	https://irsa.ipac.caltech.edu/data/SPITZER/S4G/galaxies/ESO572-030/P4/ESO572-030.phot.1_nonan.fits.gz
200	https://irsa.ipac.caltech.edu/data/SPITZER/S4G/galaxies/ESO572-049/P4/ESO572-049.phot.1_nonan.fits.gz
200	https://irsa.ipac.caltech.edu/data/SPITZER/S4G/galaxies/ESO573-003/P4/ESO573-003.phot.1_nonan.fits.gz
200	https://irsa.ipac.caltech.edu/data/SPITZER/S4G/galaxies/ESO576-001/P4/ESO576-001.phot.1_nonan.fits.gz
200	https://irsa.ipac.caltech.edu/data/SPITZER/S4G/galaxies/ESO575-061/P4/ESO575-061.phot.1_nonan.fits.gz
200	https://irsa.ipac.caltech.edu/data/SPITZER/S4G/galaxies/ESO576-003/P4/ESO576-003.phot.1_nonan.fits.gz
404	https://irsa.ipac.caltech.edu/data/SPITZER/S4G/galaxies/ESO400-023/P4/ESO400-023.phot.1_nonan.fits.gz
404	https://irsa.ipac.caltech.edu/data/SPITZER/S4G/galaxies/ESO400-026/P4/ESO400-026.phot.1_nonan.fits.gz
404	https://irsa.ipac.caltech.edu/data/SPITZER/S4G/galaxies/ESO400-027/P4/ESO400-027.phot.1_nonan.fits.gz
404	https://irsa.ipac.caltech.edu/data/SPITZER/S4G/galaxies/ESO404-028/P4/ESO404-028.phot.1_nonan.fits.gz
404	https://irsa.ipac.caltech.edu/data/SPITZER/S4G/galaxies/ESO404-039/P4/ESO404-039.phot.1_nonan.fits.gz
404	https://irsa.ipac.caltech.edu/data/SPITZER/S4G/galaxies/PGC046256/P4/PGC046256.phot.1_nonan.fits.gz
404	https://irsa.ipac.caltech.edu/data/SPITZER/S4G/galaxies/PGC045955/P4/PGC045955.phot.1_nonan.fits.gz
404	https://irsa.ipac.caltech.edu/data/SPITZER/S4G/galaxies/PGC046436/P4/PGC046436.phot.1_nonan.fits.gz
404	https://irsa.ipac.caltech.edu/data/SPITZER/S4G/galaxies/PGC046630/P4/PGC046630.phot.1_nonan.fits.gz
404	https://irsa.ipac.caltech.edu/data/SPITZER/S4G/galaxies/PGC050551/P4/PGC050551.phot.1_nonan.fits.gz
404	https://irsa.ipac.caltech.edu/data/SPITZER/S4G/galaxies/PGC049341/P4/PGC049341.phot.1_nonan.fits.gz
404	https://irsa.ipac.caltech.edu/data/SPITZER/S4G/galaxies/PGC050651/P4/PGC050651.phot.1_nonan.fits.gz
404	https://irsa.ipac.caltech.edu/data/SPITZER/S4G/galaxies/PGC051309/P4/PGC051309.phot.1_nonan.fits.gz
200	https://irsa.ipac.caltech.edu/data/SPITZER/S4G/galaxies/NGC3682/P4/NGC3682.phot.1_nonan.fits.gz
200	https://irsa.ipac.caltech.edu/data/SPITZER/S4G/galaxies/NGC4419/P4/NGC4419.phot.1_nonan.fits.gz
200	https://irsa.ipac.caltech.edu/data/SPITZER/S4G/galaxies/NGC4423/P4/NGC4423.phot.1_nonan.fits.gz
200	https://irsa.ipac.caltech.edu/data/SPITZER/S4G/galaxies/NGC4424/P4/NGC4424.phot.1_nonan.fits.gz
200	https://irsa.ipac.caltech.edu/data/SPITZER/S4G/galaxies/NGC4428/P4/NGC4428.phot.1_nonan.fits.gz
200	https://irsa.ipac.caltech.edu/data/SPITZER/S4G/galaxies/NGC4430/P4/NGC4430.phot.1_nonan.fits.gz
200	https://irsa.ipac.caltech.edu/data/SPITZER/S4G/galaxies/NGC4434/P4/NGC4434.phot.1_nonan.fits.gz
200	https://irsa.ipac.caltech.edu/data/SPITZER/S4G/galaxies/NGC4437/P4/NGC4437.phot.1_nonan.fits.gz
200	https://irsa.ipac.caltech.edu/data/SPITZER/S4G/galaxies/NGC4438/P4/NGC4438.phot.1_nonan.fits.gz
200	https://irsa.ipac.caltech.edu/data/SPITZER/S4G/galaxies/NGC4442/P4/NGC4442.phot.1_nonan.fits.gz
200	https://irsa.ipac.caltech.edu/data/SPITZER/S4G/galaxies/NGC4445/P4/NGC4445.phot.1_nonan.fits.gz
200	https://irsa.ipac.caltech.edu/data/SPITZER/S4G/galaxies/NGC4448/P4/NGC4448.phot.1_nonan.fits.gz
404	https://irsa.ipac.caltech.edu/data/SPITZER/S4G/galaxies/UGC07176/P4/UGC07176.phot.1_nonan.fits.gz
200	https://irsa.ipac.caltech.edu/data/SPITZER/S4G/galaxies/NGC4449/P4/NGC4449.phot.1_nonan.fits.gz
200	https://irsa.ipac.caltech.edu/data/SPITZER/S4G/galaxies/NGC3654/P4/NGC3654.phot.1_nonan.fits.gz
200	https://irsa.ipac.caltech.edu/data/SPITZER/S4G/galaxies/NGC3655/P4/NGC3655.phot.1_nonan.fits.gz
200	https://irsa.ipac.caltech.edu/data/SPITZER/S4G/galaxies/NGC3664/P4/NGC3664.phot.1_nonan.fits.gz
200	https://irsa.ipac.caltech.edu/data/SPITZER/S4G/galaxies/NGC3659/P4/NGC3659.phot.1_nonan.fits.gz
200	https://irsa.ipac.caltech.edu/data/SPITZER/S4G/galaxies/NGC3666/P4/NGC3666.phot.1_nonan.fits.gz
200	https://irsa.ipac.caltech.edu/data/SPITZER/S4G/galaxies/NGC3669/P4/NGC3669.phot.1_nonan.fits.gz
200	https://irsa.ipac.caltech.edu/data/SPITZER/S4G/galaxies/NGC3673/P4/NGC3673.phot.1_nonan.fits.gz
200	https://irsa.ipac.caltech.edu/data/SPITZER/S4G/galaxies/NGC3672/P4/NGC3672.phot.1_nonan.fits.gz
200	https://irsa.ipac.caltech.edu/data/SPITZER/S4G/galaxies/NGC3675/P4/NGC3675.phot.1_nonan.fits.gz
200	https://irsa.ipac.caltech.edu/data/SPITZER/S4G/galaxies/NGC3681/P4/NGC3681.phot.1_nonan.fits.gz
200	https://irsa.ipac.caltech.edu/data/SPITZER/S4G/galaxies/NGC3023/P4/NGC3023.phot.1_nonan.fits.gz
200	https://irsa.ipac.caltech.edu/data/SPITZER/S4G/galaxies/NGC3024/P4/NGC3024.phot.1_nonan.fits.gz
200	https://irsa.ipac.caltech.edu/data/SPITZER/S4G/galaxies/NGC3026/P4/NGC3026.phot.1_nonan.fits.gz
200	https://irsa.ipac.caltech.edu/data/SPITZER/S4G/galaxies/NGC4699/P4/NGC4699.phot.1_nonan.fits.gz
200	https://irsa.ipac.caltech.edu/data/SPITZER/S4G/galaxies/NGC4700/P4/NGC4700.phot.1_nonan.fits.gz
200	https://irsa.ipac.caltech.edu/data/SPITZER/S4G/galaxies/NGC4701/P4/NGC4701.phot.1_nonan.fits.gz
200	https://irsa.ipac.caltech.edu/data/SPITZER/S4G/galaxies/NGC7183/P4/NGC7183.phot.1_nonan.fits.gz
200	https://irsa.ipac.caltech.edu/data/SPITZER/S4G/galaxies/UGC09394/P4/UGC09394.phot.1_nonan.fits.gz
200	https://irsa.ipac.caltech.edu/data/SPITZER/S4G/galaxies/UGC09448/P4/UGC09448.phot.1_nonan.fits.gz
200	https://irsa.ipac.caltech.edu/data/SPITZER/S4G/galaxies/UGC09469/P4/UGC09469.phot.1_nonan.fits.gz
200	https://irsa.ipac.caltech.edu/data/SPITZER/S4G/galaxies/UGC09470/P4/UGC09470.phot.1_nonan.fits.gz
200	https://irsa.ipac.caltech.edu/data/SPITZER/S4G/galaxies/UGC09482/P4/UGC09482.phot.1_nonan.fits.gz
200	https://irsa.ipac.caltech.edu/data/SPITZER/S4G/galaxies/UGC09601/P4/UGC09601.phot.1_nonan.fits.gz
200	https://irsa.ipac.caltech.edu/data/SPITZER/S4G/galaxies/UGC09569/P4/UGC09569.phot.1_nonan.fits.gz
200	https://irsa.ipac.caltech.edu/data/SPITZER/S4G/galaxies/UGC09661/P4/UGC09661.phot.1_nonan.fits.gz
200	https://irsa.ipac.caltech.edu/data/SPITZER/S4G/galaxies/UGC09663/P4/UGC09663.phot.1_nonan.fits.gz
200	https://irsa.ipac.caltech.edu/data/SPITZER/S4G/galaxies/NGC7667/P4/NGC7667.phot.1_nonan.fits.gz
200	https://irsa.ipac.caltech.edu/data/SPITZER/S4G/galaxies/NGC7689/P4/NGC7689.phot.1_nonan.fits.gz
200	https://irsa.ipac.caltech.edu/data/SPITZER/S4G/galaxies/NGC7690/P4/NGC7690.phot.1_nonan.fits.gz
200	https://irsa.ipac.caltech.edu/data/SPITZER/S4G/galaxies/NGC7694/P4/NGC7694.phot.1_nonan.fits.gz
200	https://irsa.ipac.caltech.edu/data/SPITZER/S4G/galaxies/NGC7709/P4/NGC7709.phot.1_nonan.fits.gz
404	https://irsa.ipac.caltech.edu/data/SPITZER/S4G/galaxies/PGC040547/P4/PGC040547.phot.1_nonan.fits.gz
404	https://irsa.ipac.caltech.edu/data/SPITZER/S4G/galaxies/PGC040869/P4/PGC040869.phot.1_nonan.fits.gz
404	https://irsa.ipac.caltech.edu/data/SPITZER/S4G/galaxies/PGC040889/P4/PGC040889.phot.1_nonan.fits.gz
404	https://irsa.ipac.caltech.edu/data/SPITZER/S4G/galaxies/PGC041387/P4/PGC041387.phot.1_nonan.fits.gz
404	https://irsa.ipac.caltech.edu/data/SPITZER/S4G/galaxies/PGC041314/P4/PGC041314.phot.1_nonan.fits.gz
404	https://irsa.ipac.caltech.edu/data/SPITZER/S4G/galaxies/PGC041463/P4/PGC041463.phot.1_nonan.fits.gz
404	https://irsa.ipac.caltech.edu/data/SPITZER/S4G/galaxies/PGC041598/P4/PGC041598.phot.1_nonan.fits.gz
404	https://irsa.ipac.caltech.edu/data/SPITZER/S4G/galaxies/IC3167/P4/IC3167.phot.1_nonan.fits.gz
404	https://irsa.ipac.caltech.edu/data/SPITZER/S4G/galaxies/IC3292/P4/IC3292.phot.1_nonan.fits.gz
404	https://irsa.ipac.caltech.edu/data/SPITZER/S4G/galaxies/IC3305/P4/IC3305.phot.1_nonan.fits.gz
404	https://irsa.ipac.caltech.edu/data/SPITZER/S4G/galaxies/IC3313/P4/IC3313.phot.1_nonan.fits.gz
404	https://irsa.ipac.caltech.edu/data/SPITZER/S4G/galaxies/IC3331/P4/IC3331.phot.1_nonan.fits.gz
404	https://irsa.ipac.caltech.edu/data/SPITZER/S4G/galaxies/IC3358/P4/IC3358.phot.1_nonan.fits.gz
200	https://irsa.ipac.caltech.edu/data/SPITZER/S4G/galaxies/NGC7184/P4/NGC7184.phot.1_nonan.fits.gz
200	https://irsa.ipac.caltech.edu/data/SPITZER/S4G/galaxies/NGC7188/P4/NGC7188.phot.1_nonan.fits.gz
200	https://irsa.ipac.caltech.edu/data/SPITZER/S4G/galaxies/NGC7191/P4/NGC7191.phot.1_nonan.fits.gz
200	https://irsa.ipac.caltech.edu/data/SPITZER/S4G/galaxies/NGC7205/P4/NGC7205.phot.1_nonan.fits.gz
200	https://irsa.ipac.caltech.edu/data/SPITZER/S4G/galaxies/NGC7213/P4/NGC7213.phot.1_nonan.fits.gz
200	https://irsa.ipac.caltech.edu/data/SPITZER/S4G/galaxies/NGC7218/P4/NGC7218.phot.1_nonan.fits.gz
200	https://irsa.ipac.caltech.edu/data/SPITZER/S4G/galaxies/PGC048087/P4/PGC048087.phot.1_nonan.fits.gz
200	https://irsa.ipac.caltech.edu/data/SPITZER/S4G/galaxies/NGC7219/P4/NGC7219.phot.1_nonan.fits.gz
200	https://irsa.ipac.caltech.edu/data/SPITZER/S4G/galaxies/PGC048179/P4/PGC048179.phot.1_nonan.fits.gz
200	https://irsa.ipac.caltech.edu/data/SPITZER/S4G/galaxies/PGC049521/P4/PGC049521.phot.1_nonan.fits.gz
200	https://irsa.ipac.caltech.edu/data/SPITZER/S4G/galaxies/PGC050229/P4/PGC050229.phot.1_nonan.fits.gz
200	https://irsa.ipac.caltech.edu/data/SPITZER/S4G/galaxies/PGC051291/P4/PGC051291.phot.1_nonan.fits.gz
200	https://irsa.ipac.caltech.edu/data/SPITZER/S4G/galaxies/PGC051523/P4/PGC051523.phot.1_nonan.fits.gz
404	https://irsa.ipac.caltech.edu/data/SPITZER/S4G/galaxies/PGC052336/P4/PGC052336.phot.1_nonan.fits.gz
404	https://irsa.ipac.caltech.edu/data/SPITZER/S4G/galaxies/NGC4459/P4/NGC4459.phot.1_nonan.fits.gz
404	https://irsa.ipac.caltech.edu/data/SPITZER/S4G/galaxies/NGC4458/P4/NGC4458.phot.1_nonan.fits.gz
404	https://irsa.ipac.caltech.edu/data/SPITZER/S4G/galaxies/NGC4464/P4/NGC4464.phot.1_nonan.fits.gz
404	https://irsa.ipac.caltech.edu/data/SPITZER/S4G/galaxies/NGC4468/P4/NGC4468.phot.1_nonan.fits.gz
404	https://irsa.ipac.caltech.edu/data/SPITZER/S4G/galaxies/ESO085-065/P4/ESO085-065.phot.1_nonan.fits.gz
404	https://irsa.ipac.caltech.edu/data/SPITZER/S4G/galaxies/NGC4473/P4/NGC4473.phot.1_nonan.fits.gz
404	https://irsa.ipac.caltech.edu/data/SPITZER/S4G/galaxies/ESO108-023/P4/ESO108-023.phot.1_nonan.fits.gz
404	https://irsa.ipac.caltech.edu/data/SPITZER/S4G/galaxies/ESO114-032/P4/ESO114-032.phot.1_nonan.fits.gz
404	https://irsa.ipac.caltech.edu/data/SPITZER/S4G/galaxies/ESO119-059/P4/ESO119-059.phot.1_nonan.fits.gz
404	https://irsa.ipac.caltech.edu/data/SPITZER/S4G/galaxies/ESO119-005/P4/ESO119-005.phot.1_nonan.fits.gz
404	https://irsa.ipac.caltech.edu/data/SPITZER/S4G/galaxies/ESO149-013/P4/ESO149-013.phot.1_nonan.fits.gz
404	https://irsa.ipac.caltech.edu/data/SPITZER/S4G/galaxies/ESO151-019/P4/ESO151-019.phot.1_nonan.fits.gz
404	https://irsa.ipac.caltech.edu/data/SPITZER/S4G/galaxies/ESO153-019/P4/ESO153-019.phot.1_nonan.fits.gz
200	https://irsa.ipac.caltech.edu/data/SPITZER/S4G/galaxies/NGC7713/P4/NGC7713.phot.1_nonan.fits.gz
200	https://irsa.ipac.caltech.edu/data/SPITZER/S4G/galaxies/NGC7714/P4/NGC7714.phot.1_nonan.fits.gz
200	https://irsa.ipac.caltech.edu/data/SPITZER/S4G/galaxies/NGC7715/P4/NGC7715.phot.1_nonan.fits.gz
200	https://irsa.ipac.caltech.edu/data/SPITZER/S4G/galaxies/NGC7716/P4/NGC7716.phot.1_nonan.fits.gz
200	https://irsa.ipac.caltech.edu/data/SPITZER/S4G/galaxies/NGC7721/P4/NGC7721.phot.1_nonan.fits.gz
200	https://irsa.ipac.caltech.edu/data/SPITZER/S4G/galaxies/NGC7723/P4/NGC7723.phot.1_nonan.fits.gz
200	https://irsa.ipac.caltech.edu/data/SPITZER/S4G/galaxies/NGC7724/P4/NGC7724.phot.1_nonan.fits.gz
200	https://irsa.ipac.caltech.edu/data/SPITZER/S4G/galaxies/NGC7727/P4/NGC7727.phot.1_nonan.fits.gz
200	https://irsa.ipac.caltech.edu/data/SPITZER/S4G/galaxies/UGC00017/P4/UGC00017.phot.1_nonan.fits.gz
200	https://irsa.ipac.caltech.edu/data/SPITZER/S4G/galaxies/UGC00099/P4/UGC00099.phot.1_nonan.fits.gz
200	https://irsa.ipac.caltech.edu/data/SPITZER/S4G/galaxies/UGC00122/P4/UGC00122.phot.1_nonan.fits.gz
200	https://irsa.ipac.caltech.edu/data/SPITZER/S4G/galaxies/UGC00132/P4/UGC00132.phot.1_nonan.fits.gz
200	https://irsa.ipac.caltech.edu/data/SPITZER/S4G/galaxies/UGC00156/P4/UGC00156.phot.1_nonan.fits.gz
404	https://irsa.ipac.caltech.edu/data/SPITZER/S4G/galaxies/IC3381/P4/IC3381.phot.1_nonan.fits.gz
404	https://irsa.ipac.caltech.edu/data/SPITZER/S4G/galaxies/IC3393/P4/IC3393.phot.1_nonan.fits.gz
404	https://irsa.ipac.caltech.edu/data/SPITZER/S4G/galaxies/IC3413/P4/IC3413.phot.1_nonan.fits.gz
404	https://irsa.ipac.caltech.edu/data/SPITZER/S4G/galaxies/IC3435/P4/IC3435.phot.1_nonan.fits.gz
404	https://irsa.ipac.caltech.edu/data/SPITZER/S4G/galaxies/IC3468/P4/IC3468.phot.1_nonan.fits.gz
404	https://irsa.ipac.caltech.edu/data/SPITZER/S4G/galaxies/IC3499/P4/IC3499.phot.1_nonan.fits.gz
404	https://irsa.ipac.caltech.edu/data/SPITZER/S4G/galaxies/IC3509/P4/IC3509.phot.1_nonan.fits.gz
404	https://irsa.ipac.caltech.edu/data/SPITZER/S4G/galaxies/NGC4621/P4/NGC4621.phot.1_nonan.fits.gz
404	https://irsa.ipac.caltech.edu/data/SPITZER/S4G/galaxies/IC3586/P4/IC3586.phot.1_nonan.fits.gz
404	https://irsa.ipac.caltech.edu/data/SPITZER/S4G/galaxies/NGC4623/P4/NGC4623.phot.1_nonan.fits.gz
404	https://irsa.ipac.caltech.edu/data/SPITZER/S4G/galaxies/NGC4624/P4/NGC4624.phot.1_nonan.fits.gz
404	https://irsa.ipac.caltech.edu/data/SPITZER/S4G/galaxies/NGC4627/P4/NGC4627.phot.1_nonan.fits.gz
404	https://irsa.ipac.caltech.edu/data/SPITZER/S4G/galaxies/NGC4638/P4/NGC4638.phot.1_nonan.fits.gz
404	https://irsa.ipac.caltech.edu/data/SPITZER/S4G/galaxies/NGC4640/P4/NGC4640.phot.1_nonan.fits.gz
200	https://irsa.ipac.caltech.edu/data/SPITZER/S4G/galaxies/PGC052460/P4/PGC052460.phot.1_nonan.fits.gz
200	https://irsa.ipac.caltech.edu/data/SPITZER/S4G/galaxies/PGC052809/P4/PGC052809.phot.1_nonan.fits.gz
200	https://irsa.ipac.caltech.edu/data/SPITZER/S4G/galaxies/PGC052853/P4/PGC052853.phot.1_nonan.fits.gz
200	https://irsa.ipac.caltech.edu/data/SPITZER/S4G/galaxies/PGC052940/P4/PGC052940.phot.1_nonan.fits.gz
200	https://irsa.ipac.caltech.edu/data/SPITZER/S4G/galaxies/PGC052935/P4/PGC052935.phot.1_nonan.fits.gz
200	https://irsa.ipac.caltech.edu/data/SPITZER/S4G/galaxies/UGC05720/P4/UGC05720.phot.1_nonan.fits.gz
200	https://irsa.ipac.caltech.edu/data/SPITZER/S4G/galaxies/PGC053093/P4/PGC053093.phot.1_nonan.fits.gz
200	https://irsa.ipac.caltech.edu/data/SPITZER/S4G/galaxies/UGC05739/P4/UGC05739.phot.1_nonan.fits.gz
200	https://irsa.ipac.caltech.edu/data/SPITZER/S4G/galaxies/UGC05740/P4/UGC05740.phot.1_nonan.fits.gz
200	https://irsa.ipac.caltech.edu/data/SPITZER/S4G/galaxies/UGC05764/P4/UGC05764.phot.1_nonan.fits.gz
200	https://irsa.ipac.caltech.edu/data/SPITZER/S4G/galaxies/UGC05765/P4/UGC05765.phot.1_nonan.fits.gz
200	https://irsa.ipac.caltech.edu/data/SPITZER/S4G/galaxies/UGC05798/P4/UGC05798.phot.1_nonan.fits.gz
200	https://irsa.ipac.caltech.edu/data/SPITZER/S4G/galaxies/UGC05791/P4/UGC05791.phot.1_nonan.fits.gz
404	https://irsa.ipac.caltech.edu/data/SPITZER/S4G/galaxies/ESO158-003/P4/ESO158-003.phot.1_nonan.fits.gz
404	https://irsa.ipac.caltech.edu/data/SPITZER/S4G/galaxies/ESO157-044/P4/ESO157-044.phot.1_nonan.fits.gz
404	https://irsa.ipac.caltech.edu/data/SPITZER/S4G/galaxies/ESO158-015/P4/ESO158-015.phot.1_nonan.fits.gz
404	https://irsa.ipac.caltech.edu/data/SPITZER/S4G/galaxies/ESO186-062/P4/ESO186-062.phot.1_nonan.fits.gz
404	https://irsa.ipac.caltech.edu/data/SPITZER/S4G/galaxies/ESO190-011/P4/ESO190-011.phot.1_nonan.fits.gz
404	https://irsa.ipac.caltech.edu/data/SPITZER/S4G/galaxies/ESO189-023/P4/ESO189-023.phot.1_nonan.fits.gz
404	https://irsa.ipac.caltech.edu/data/SPITZER/S4G/galaxies/NGC7410/P4/NGC7410.phot.1_nonan.fits.gz
404	https://irsa.ipac.caltech.edu/data/SPITZER/S4G/galaxies/NGC7400/P4/NGC7400.phot.1_nonan.fits.gz
404	https://irsa.ipac.caltech.edu/data/SPITZER/S4G/galaxies/NGC7496A/P4/NGC7496A.phot.1_nonan.fits.gz
404	https://irsa.ipac.caltech.edu/data/SPITZER/S4G/galaxies/NGC7476/P4/NGC7476.phot.1_nonan.fits.gz
404	https://irsa.ipac.caltech.edu/data/SPITZER/S4G/galaxies/NGC7545/P4/NGC7545.phot.1_nonan.fits.gz
404	https://irsa.ipac.caltech.edu/data/SPITZER/S4G/galaxies/NGC7713A/P4/NGC7713A.phot.1_nonan.fits.gz
404	https://irsa.ipac.caltech.edu/data/SPITZER/S4G/galaxies/PGC001457/P4/PGC001457.phot.1_nonan.fits.gz
404	https://irsa.ipac.caltech.edu/data/SPITZER/S4G/galaxies/PGC002465/P4/PGC002465.phot.1_nonan.fits.gz
200	https://irsa.ipac.caltech.edu/data/SPITZER/S4G/galaxies/UGC00260/P4/UGC00260.phot.1_nonan.fits.gz
200	https://irsa.ipac.caltech.edu/data/SPITZER/S4G/galaxies/UGC00191/P4/UGC00191.phot.1_nonan.fits.gz
200	https://irsa.ipac.caltech.edu/data/SPITZER/S4G/galaxies/UGC00290/P4/UGC00290.phot.1_nonan.fits.gz
200	https://irsa.ipac.caltech.edu/data/SPITZER/S4G/galaxies/UGC00313/P4/UGC00313.phot.1_nonan.fits.gz
200	https://irsa.ipac.caltech.edu/data/SPITZER/S4G/galaxies/UGC00320/P4/UGC00320.phot.1_nonan.fits.gz
200	https://irsa.ipac.caltech.edu/data/SPITZER/S4G/galaxies/UGC00477/P4/UGC00477.phot.1_nonan.fits.gz
200	https://irsa.ipac.caltech.edu/data/SPITZER/S4G/galaxies/UGC00634/P4/UGC00634.phot.1_nonan.fits.gz
200	https://irsa.ipac.caltech.edu/data/SPITZER/S4G/galaxies/UGC00711/P4/UGC00711.phot.1_nonan.fits.gz
404	https://irsa.ipac.caltech.edu/data/SPITZER/S4G/galaxies/IC0783/P4/IC0783.phot.1_nonan.fits.gz
404	https://irsa.ipac.caltech.edu/data/SPITZER/S4G/galaxies/IC0794/P4/IC0794.phot.1_nonan.fits.gz
404	https://irsa.ipac.caltech.edu/data/SPITZER/S4G/galaxies/IC0810/P4/IC0810.phot.1_nonan.fits.gz
404	https://irsa.ipac.caltech.edu/data/SPITZER/S4G/galaxies/IC0844/P4/IC0844.phot.1_nonan.fits.gz
404	https://irsa.ipac.caltech.edu/data/SPITZER/S4G/galaxies/IC0874/P4/IC0874.phot.1_nonan.fits.gz
404	https://irsa.ipac.caltech.edu/data/SPITZER/S4G/galaxies/IC0875/P4/IC0875.phot.1_nonan.fits.gz
200	https://irsa.ipac.caltech.edu/data/SPITZER/S4G/galaxies/UGC05814/P4/UGC05814.phot.1_nonan.fits.gz
200	https://irsa.ipac.caltech.edu/data/SPITZER/S4G/galaxies/UGC05829/P4/UGC05829.phot.1_nonan.fits.gz
200	https://irsa.ipac.caltech.edu/data/SPITZER/S4G/galaxies/UGC05833/P4/UGC05833.phot.1_nonan.fits.gz
200	https://irsa.ipac.caltech.edu/data/SPITZER/S4G/galaxies/UGC05832/P4/UGC05832.phot.1_nonan.fits.gz
200	https://irsa.ipac.caltech.edu/data/SPITZER/S4G/galaxies/UGC05841/P4/UGC05841.phot.1_nonan.fits.gz
200	https://irsa.ipac.caltech.edu/data/SPITZER/S4G/galaxies/UGC05844/P4/UGC05844.phot.1_nonan.fits.gz
200	https://irsa.ipac.caltech.edu/data/SPITZER/S4G/galaxies/ESO576-008/P4/ESO576-008.phot.1_nonan.fits.gz
200	https://irsa.ipac.caltech.edu/data/SPITZER/S4G/galaxies/ESO576-005/P4/ESO576-005.phot.1_nonan.fits.gz
200	https://irsa.ipac.caltech.edu/data/SPITZER/S4G/galaxies/ESO576-017/P4/ESO576-017.phot.1_nonan.fits.gz
200	https://irsa.ipac.caltech.edu/data/SPITZER/S4G/galaxies/ESO576-011/P4/ESO576-011.phot.1_nonan.fits.gz
200	https://irsa.ipac.caltech.edu/data/SPITZER/S4G/galaxies/ESO576-026/P4/ESO576-026.phot.1_nonan.fits.gz
200	https://irsa.ipac.caltech.edu/data/SPITZER/S4G/galaxies/ESO576-032/P4/ESO576-032.phot.1_nonan.fits.gz
200	https://irsa.ipac.caltech.edu/data/SPITZER/S4G/galaxies/ESO576-050/P4/ESO576-050.phot.1_nonan.fits.gz
200	https://irsa.ipac.caltech.edu/data/SPITZER/S4G/galaxies/ESO576-040/P4/ESO576-040.phot.1_nonan.fits.gz
404	https://irsa.ipac.caltech.edu/data/SPITZER/S4G/galaxies/IC0976/P4/IC0976.phot.1_nonan.fits.gz
404	https://irsa.ipac.caltech.edu/data/SPITZER/S4G/galaxies/NGC4476/P4/NGC4476.phot.1_nonan.fits.gz
404	https://irsa.ipac.caltech.edu/data/SPITZER/S4G/galaxies/NGC4477/P4/NGC4477.phot.1_nonan.fits.gz
404	https://irsa.ipac.caltech.edu/data/SPITZER/S4G/galaxies/NGC4478/P4/NGC4478.phot.1_nonan.fits.gz
404	https://irsa.ipac.caltech.edu/data/SPITZER/S4G/galaxies/NGC4479/P4/NGC4479.phot.1_nonan.fits.gz
404	https://irsa.ipac.caltech.edu/data/SPITZER/S4G/galaxies/NGC4482/P4/NGC4482.phot.1_nonan.fits.gz
404	https://irsa.ipac.caltech.edu/data/SPITZER/S4G/galaxies/NGC4486/P4/NGC4486.phot.1_nonan.fits.gz
404	https://irsa.ipac.caltech.edu/data/SPITZER/S4G/galaxies/NGC4483/P4/NGC4483.phot.1_nonan.fits.gz
404	https://irsa.ipac.caltech.edu/data/SPITZER/S4G/galaxies/NGC4497/P4/NGC4497.phot.1_nonan.fits.gz
404	https://irsa.ipac.caltech.edu/data/SPITZER/S4G/galaxies/NGC4510/P4/NGC4510.phot.1_nonan.fits.gz
404	https://irsa.ipac.caltech.edu/data/SPITZER/S4G/galaxies/NGC4515/P4/NGC4515.phot.1_nonan.fits.gz
404	https://irsa.ipac.caltech.edu/data/SPITZER/S4G/galaxies/NGC4513/P4/NGC4513.phot.1_nonan.fits.gz
404	https://irsa.ipac.caltech.edu/data/SPITZER/S4G/galaxies/NGC4521/P4/NGC4521.phot.1_nonan.fits.gz
404	https://irsa.ipac.caltech.edu/data/SPITZER/S4G/galaxies/NGC4648/P4/NGC4648.phot.1_nonan.fits.gz
404	https://irsa.ipac.caltech.edu/data/SPITZER/S4G/galaxies/NGC4660/P4/NGC4660.phot.1_nonan.fits.gz
404	https://irsa.ipac.caltech.edu/data/SPITZER/S4G/galaxies/NGC4649/P4/NGC4649.phot.1_nonan.fits.gz
404	https://irsa.ipac.caltech.edu/data/SPITZER/S4G/galaxies/NGC4671/P4/NGC4671.phot.1_nonan.fits.gz
404	https://irsa.ipac.caltech.edu/data/SPITZER/S4G/galaxies/NGC4663/P4/NGC4663.phot.1_nonan.fits.gz
404	https://irsa.ipac.caltech.edu/data/SPITZER/S4G/galaxies/NGC4690/P4/NGC4690.phot.1_nonan.fits.gz
404	https://irsa.ipac.caltech.edu/data/SPITZER/S4G/galaxies/NGC4697/P4/NGC4697.phot.1_nonan.fits.gz
404	https://irsa.ipac.caltech.edu/data/SPITZER/S4G/galaxies/ESO289-020/P4/ESO289-020.phot.1_nonan.fits.gz
404	https://irsa.ipac.caltech.edu/data/SPITZER/S4G/galaxies/ESO289-042/P4/ESO289-042.phot.1_nonan.fits.gz
404	https://irsa.ipac.caltech.edu/data/SPITZER/S4G/galaxies/ESO290-039/P4/ESO290-039.phot.1_nonan.fits.gz
404	https://irsa.ipac.caltech.edu/data/SPITZER/S4G/galaxies/ESO290-006/P4/ESO290-006.phot.1_nonan.fits.gz
404	https://irsa.ipac.caltech.edu/data/SPITZER/S4G/galaxies/ESO291-003/P4/ESO291-003.phot.1_nonan.fits.gz
404	https://irsa.ipac.caltech.edu/data/SPITZER/S4G/galaxies/ESO294-020/P4/ESO294-020.phot.1_nonan.fits.gz
404	https://irsa.ipac.caltech.edu/data/SPITZER/S4G/galaxies/ESO297-015/P4/ESO297-015.phot.1_nonan.fits.gz
200	https://irsa.ipac.caltech.edu/data/SPITZER/S4G/galaxies/ESO576-059/P4/ESO576-059.phot.1_nonan.fits.gz
200	https://irsa.ipac.caltech.edu/data/SPITZER/S4G/galaxies/ESO577-038/P4/ESO577-038.phot.1_nonan.fits.gz
200	https://irsa.ipac.caltech.edu/data/SPITZER/S4G/galaxies/ESO580-022/P4/ESO580-022.phot.1_nonan.fits.gz
200	https://irsa.ipac.caltech.edu/data/SPITZER/S4G/galaxies/ESO580-029/P4/ESO580-029.phot.1_nonan.fits.gz
200	https://irsa.ipac.caltech.edu/data/SPITZER/S4G/galaxies/ESO580-030/P4/ESO580-030.phot.1_nonan.fits.gz
200	https://irsa.ipac.caltech.edu/data/SPITZER/S4G/galaxies/ESO580-034/P4/ESO580-034.phot.1_nonan.fits.gz
200	https://irsa.ipac.caltech.edu/data/SPITZER/S4G/galaxies/ESO580-041/P4/ESO580-041.phot.1_nonan.fits.gz
200	https://irsa.ipac.caltech.edu/data/SPITZER/S4G/galaxies/ESO581-025/P4/ESO581-025.phot.1_nonan.fits.gz
200	https://irsa.ipac.caltech.edu/data/SPITZER/S4G/galaxies/ESO582-004/P4/ESO582-004.phot.1_nonan.fits.gz
200	https://irsa.ipac.caltech.edu/data/SPITZER/S4G/galaxies/ESO601-007/P4/ESO601-007.phot.1_nonan.fits.gz
200	https://irsa.ipac.caltech.edu/data/SPITZER/S4G/galaxies/ESO601-025/P4/ESO601-025.phot.1_nonan.fits.gz
200	https://irsa.ipac.caltech.edu/data/SPITZER/S4G/galaxies/ESO601-031/P4/ESO601-031.phot.1_nonan.fits.gz
200	https://irsa.ipac.caltech.edu/data/SPITZER/S4G/galaxies/ESO602-003/P4/ESO602-003.phot.1_nonan.fits.gz
404	https://irsa.ipac.caltech.edu/data/SPITZER/S4G/galaxies/PGC003689/P4/PGC003689.phot.1_nonan.fits.gz
404	https://irsa.ipac.caltech.edu/data/SPITZER/S4G/galaxies/PGC008762/P4/PGC008762.phot.1_nonan.fits.gz
404	https://irsa.ipac.caltech.edu/data/SPITZER/S4G/galaxies/PGC009485/P4/PGC009485.phot.1_nonan.fits.gz
404	https://irsa.ipac.caltech.edu/data/SPITZER/S4G/galaxies/PGC014125/P4/PGC014125.phot.1_nonan.fits.gz
404	https://irsa.ipac.caltech.edu/data/SPITZER/S4G/galaxies/PGC011135/P4/PGC011135.phot.1_nonan.fits.gz
404	https://irsa.ipac.caltech.edu/data/SPITZER/S4G/galaxies/PGC015989/P4/PGC015989.phot.1_nonan.fits.gz
404	https://irsa.ipac.caltech.edu/data/SPITZER/S4G/galaxies/IC0346/P4/IC0346.phot.1_nonan.fits.gz
404	https://irsa.ipac.caltech.edu/data/SPITZER/S4G/galaxies/IC0630/P4/IC0630.phot.1_nonan.fits.gz
404	https://irsa.ipac.caltech.edu/data/SPITZER/S4G/galaxies/IC0560/P4/IC0560.phot.1_nonan.fits.gz
404	https://irsa.ipac.caltech.edu/data/SPITZER/S4G/galaxies/IC0598/P4/IC0598.phot.1_nonan.fits.gz
404	https://irsa.ipac.caltech.edu/data/SPITZER/S4G/galaxies/IC0676/P4/IC0676.phot.1_nonan.fits.gz
404	https://irsa.ipac.caltech.edu/data/SPITZER/S4G/galaxies/IC0760/P4/IC0760.phot.1_nonan.fits.gz
404	https://irsa.ipac.caltech.edu/data/SPITZER/S4G/galaxies/IC0781/P4/IC0781.phot.1_nonan.fits.gz
200	https://irsa.ipac.caltech.edu/data/SPITZER/S4G/galaxies/NGC3952/P4/NGC3952.phot.1_nonan.fits.gz
404	https://irsa.ipac.caltech.edu/data/SPITZER/S4G/galaxies/NGC4526/P4/NGC4526.phot.1_nonan.fits.gz
404	https://irsa.ipac.caltech.edu/data/SPITZER/S4G/galaxies/ESO200-053/P4/ESO200-053.phot.1_nonan.fits.gz
404	https://irsa.ipac.caltech.edu/data/SPITZER/S4G/galaxies/ESO233-044/P4/ESO233-044.phot.1_nonan.fits.gz
404	https://irsa.ipac.caltech.edu/data/SPITZER/S4G/galaxies/ESO200-054/P4/ESO200-054.phot.1_nonan.fits.gz
404	https://irsa.ipac.caltech.edu/data/SPITZER/S4G/galaxies/ESO233-053/P4/ESO233-053.phot.1_nonan.fits.gz
404	https://irsa.ipac.caltech.edu/data/SPITZER/S4G/galaxies/ESO234-036/P4/ESO234-036.phot.1_nonan.fits.gz
404	https://irsa.ipac.caltech.edu/data/SPITZER/S4G/galaxies/ESO235-001/P4/ESO235-001.phot.1_nonan.fits.gz
404	https://irsa.ipac.caltech.edu/data/SPITZER/S4G/galaxies/ESO234-023/P4/ESO234-023.phot.1_nonan.fits.gz
404	https://irsa.ipac.caltech.edu/data/SPITZER/S4G/galaxies/ESO236-006/P4/ESO236-006.phot.1_nonan.fits.gz
404	https://irsa.ipac.caltech.edu/data/SPITZER/S4G/galaxies/ESO236-035/P4/ESO236-035.phot.1_nonan.fits.gz
404	https://irsa.ipac.caltech.edu/data/SPITZER/S4G/galaxies/ESO236-034/P4/ESO236-034.phot.1_nonan.fits.gz
404	https://irsa.ipac.caltech.edu/data/SPITZER/S4G/galaxies/ESO236-036/P4/ESO236-036.phot.1_nonan.fits.gz
404	https://irsa.ipac.caltech.edu/data/SPITZER/S4G/galaxies/ESO236-041/P4/ESO236-041.phot.1_nonan.fits.gz
404	https://irsa.ipac.caltech.edu/data/SPITZER/S4G/galaxies/ESO237-019/P4/ESO237-019.phot.1_nonan.fits.gz
200	https://irsa.ipac.caltech.edu/data/SPITZER/S4G/galaxies/UGC04148/P4/UGC04148.phot.1_nonan.fits.gz
200	https://irsa.ipac.caltech.edu/data/SPITZER/S4G/galaxies/UGC04121/P4/UGC04121.phot.1_nonan.fits.gz
200	https://irsa.ipac.caltech.edu/data/SPITZER/S4G/galaxies/UGC04151/P4/UGC04151.phot.1_nonan.fits.gz
200	https://irsa.ipac.caltech.edu/data/SPITZER/S4G/galaxies/UGC04169/P4/UGC04169.phot.1_nonan.fits.gz
200	https://irsa.ipac.caltech.edu/data/SPITZER/S4G/galaxies/UGC04238/P4/UGC04238.phot.1_nonan.fits.gz
200	https://irsa.ipac.caltech.edu/data/SPITZER/S4G/galaxies/UGC04241/P4/UGC04241.phot.1_nonan.fits.gz
200	https://irsa.ipac.caltech.edu/data/SPITZER/S4G/galaxies/UGC04305/P4/UGC04305.phot.1_nonan.fits.gz
200	https://irsa.ipac.caltech.edu/data/SPITZER/S4G/galaxies/UGC04306/P4/UGC04306.phot.1_nonan.fits.gz
200	https://irsa.ipac.caltech.edu/data/SPITZER/S4G/galaxies/UGC04393/P4/UGC04393.phot.1_nonan.fits.gz
200	https://irsa.ipac.caltech.edu/data/SPITZER/S4G/galaxies/UGC04390/P4/UGC04390.phot.1_nonan.fits.gz
200	https://irsa.ipac.caltech.edu/data/SPITZER/S4G/galaxies/UGC04413/P4/UGC04413.phot.1_nonan.fits.gz
200	https://irsa.ipac.caltech.edu/data/SPITZER/S4G/galaxies/UGC04426/P4/UGC04426.phot.1_nonan.fits.gz
200	https://irsa.ipac.caltech.edu/data/SPITZER/S4G/galaxies/UGC04483/P4/UGC04483.phot.1_nonan.fits.gz
200	https://irsa.ipac.caltech.edu/data/SPITZER/S4G/galaxies/ESO602-015/P4/ESO602-015.phot.1_nonan.fits.gz
200	https://irsa.ipac.caltech.edu/data/SPITZER/S4G/galaxies/ESO602-030/P4/ESO602-030.phot.1_nonan.fits.gz
200	https://irsa.ipac.caltech.edu/data/SPITZER/S4G/galaxies/ESO603-031/P4/ESO603-031.phot.1_nonan.fits.gz
200	https://irsa.ipac.caltech.edu/data/SPITZER/S4G/galaxies/ESO605-015/P4/ESO605-015.phot.1_nonan.fits.gz
200	https://irsa.ipac.caltech.edu/data/SPITZER/S4G/galaxies/IC0051/P4/IC0051.phot.1_nonan.fits.gz
200	https://irsa.ipac.caltech.edu/data/SPITZER/S4G/galaxies/IC1898/P4/IC1898.phot.1_nonan.fits.gz
200	https://irsa.ipac.caltech.edu/data/SPITZER/S4G/galaxies/IC1913/P4/IC1913.phot.1_nonan.fits.gz
200	https://irsa.ipac.caltech.edu/data/SPITZER/S4G/galaxies/IC1933/P4/IC1933.phot.1_nonan.fits.gz
200	https://irsa.ipac.caltech.edu/data/SPITZER/S4G/galaxies/IC1914/P4/IC1914.phot.1_nonan.fits.gz
200	https://irsa.ipac.caltech.edu/data/SPITZER/S4G/galaxies/IC1952/P4/IC1952.phot.1_nonan.fits.gz
200	https://irsa.ipac.caltech.edu/data/SPITZER/S4G/galaxies/IC1953/P4/IC1953.phot.1_nonan.fits.gz
200	https://irsa.ipac.caltech.edu/data/SPITZER/S4G/galaxies/IC1954/P4/IC1954.phot.1_nonan.fits.gz
200	https://irsa.ipac.caltech.edu/data/SPITZER/S4G/galaxies/IC1959/P4/IC1959.phot.1_nonan.fits.gz
200	https://irsa.ipac.caltech.edu/data/SPITZER/S4G/galaxies/IC1962/P4/IC1962.phot.1_nonan.fits.gz
200	https://irsa.ipac.caltech.edu/data/SPITZER/S4G/galaxies/NGC3953/P4/NGC3953.phot.1_nonan.fits.gz
200	https://irsa.ipac.caltech.edu/data/SPITZER/S4G/galaxies/NGC3956/P4/NGC3956.phot.1_nonan.fits.gz
200	https://irsa.ipac.caltech.edu/data/SPITZER/S4G/galaxies/NGC3955/P4/NGC3955.phot.1_nonan.fits.gz
200	https://irsa.ipac.caltech.edu/data/SPITZER/S4G/galaxies/NGC3962/P4/NGC3962.phot.1_nonan.fits.gz
200	https://irsa.ipac.caltech.edu/data/SPITZER/S4G/galaxies/NGC3972/P4/NGC3972.phot.1_nonan.fits.gz
200	https://irsa.ipac.caltech.edu/data/SPITZER/S4G/galaxies/NGC3981/P4/NGC3981.phot.1_nonan.fits.gz
200	https://irsa.ipac.caltech.edu/data/SPITZER/S4G/galaxies/NGC3976/P4/NGC3976.phot.1_nonan.fits.gz
200	https://irsa.ipac.caltech.edu/data/SPITZER/S4G/galaxies/NGC3982/P4/NGC3982.phot.1_nonan.fits.gz
200	https://irsa.ipac.caltech.edu/data/SPITZER/S4G/galaxies/NGC3985/P4/NGC3985.phot.1_nonan.fits.gz
200	https://irsa.ipac.caltech.edu/data/SPITZER/S4G/galaxies/NGC3992/P4/NGC3992.phot.1_nonan.fits.gz
200	https://irsa.ipac.caltech.edu/data/SPITZER/S4G/galaxies/NGC3998/P4/NGC3998.phot.1_nonan.fits.gz
200	https://irsa.ipac.caltech.edu/data/SPITZER/S4G/galaxies/NGC4010/P4/NGC4010.phot.1_nonan.fits.gz
200	https://irsa.ipac.caltech.edu/data/SPITZER/S4G/galaxies/NGC4517A/P4/NGC4517A.phot.1_nonan.fits.gz
404	https://irsa.ipac.caltech.edu/data/SPITZER/S4G/galaxies/ESO238-005/P4/ESO238-005.phot.1_nonan.fits.gz
404	https://irsa.ipac.caltech.edu/data/SPITZER/S4G/galaxies/PGC024031/P4/PGC024031.phot.1_nonan.fits.gz
404	https://irsa.ipac.caltech.edu/data/SPITZER/S4G/galaxies/PGC025347/P4/PGC025347.phot.1_nonan.fits.gz
404	https://irsa.ipac.caltech.edu/data/SPITZER/S4G/galaxies/PGC026260/P4/PGC026260.phot.1_nonan.fits.gz
404	https://irsa.ipac.caltech.edu/data/SPITZER/S4G/galaxies/PGC027696/P4/PGC027696.phot.1_nonan.fits.gz
404	https://irsa.ipac.caltech.edu/data/SPITZER/S4G/galaxies/PGC027656/P4/PGC027656.phot.1_nonan.fits.gz
404	https://irsa.ipac.caltech.edu/data/SPITZER/S4G/galaxies/PGC028195/P4/PGC028195.phot.1_nonan.fits.gz
404	https://irsa.ipac.caltech.edu/data/SPITZER/S4G/galaxies/PGC028253/P4/PGC028253.phot.1_nonan.fits.gz
404	https://irsa.ipac.caltech.edu/data/SPITZER/S4G/galaxies/PGC030608/P4/PGC030608.phot.1_nonan.fits.gz
404	https://irsa.ipac.caltech.edu/data/SPITZER/S4G/galaxies/PGC033447/P4/PGC033447.phot.1_nonan.fits.gz
404	https://irsa.ipac.caltech.edu/data/SPITZER/S4G/galaxies/PGC030906/P4/PGC030906.phot.1_nonan.fits.gz
404	https://irsa.ipac.caltech.edu/data/SPITZER/S4G/galaxies/PGC034407/P4/PGC034407.phot.1_nonan.fits.gz
404	https://irsa.ipac.caltech.edu/data/SPITZER/S4G/galaxies/PGC034625/P4/PGC034625.phot.1_nonan.fits.gz
404	https://irsa.ipac.caltech.edu/data/SPITZER/S4G/galaxies/PGC035451/P4/PGC035451.phot.1_nonan.fits.gz
200	https://irsa.ipac.caltech.edu/data/SPITZER/S4G/galaxies/UGC07094/P4/UGC07094.phot.1_nonan.fits.gz
200	https://irsa.ipac.caltech.edu/data/SPITZER/S4G/galaxies/UGC07125/P4/UGC07125.phot.1_nonan.fits.gz
200	https://irsa.ipac.caltech.edu/data/SPITZER/S4G/galaxies/UGC07129/P4/UGC07129.phot.1_nonan.fits.gz
200	https://irsa.ipac.caltech.edu/data/SPITZER/S4G/galaxies/UGC07133/P4/UGC07133.phot.1_nonan.fits.gz
200	https://irsa.ipac.caltech.edu/data/SPITZER/S4G/galaxies/UGC07143/P4/UGC07143.phot.1_nonan.fits.gz
200	https://irsa.ipac.caltech.edu/data/SPITZER/S4G/galaxies/UGC07153/P4/UGC07153.phot.1_nonan.fits.gz
200	https://irsa.ipac.caltech.edu/data/SPITZER/S4G/galaxies/UGC07170/P4/UGC07170.phot.1_nonan.fits.gz
200	https://irsa.ipac.caltech.edu/data/SPITZER/S4G/galaxies/UGC07175/P4/UGC07175.phot.1_nonan.fits.gz
200	https://irsa.ipac.caltech.edu/data/SPITZER/S4G/galaxies/UGC07184/P4/UGC07184.phot.1_nonan.fits.gz
200	https://irsa.ipac.caltech.edu/data/SPITZER/S4G/galaxies/UGC07186/P4/UGC07186.phot.1_nonan.fits.gz
200	https://irsa.ipac.caltech.edu/data/SPITZER/S4G/galaxies/UGC07189/P4/UGC07189.phot.1_nonan.fits.gz
200	https://irsa.ipac.caltech.edu/data/SPITZER/S4G/galaxies/UGC07218/P4/UGC07218.phot.1_nonan.fits.gz
200	https://irsa.ipac.caltech.edu/data/SPITZER/S4G/galaxies/UGC07239/P4/UGC07239.phot.1_nonan.fits.gz
200	https://irsa.ipac.caltech.edu/data/SPITZER/S4G/galaxies/UGC07242/P4/UGC07242.phot.1_nonan.fits.gz
200	https://irsa.ipac.caltech.edu/data/SPITZER/S4G/galaxies/IC1970/P4/IC1970.phot.1_nonan.fits.gz
200	https://irsa.ipac.caltech.edu/data/SPITZER/S4G/galaxies/IC1986/P4/IC1986.phot.1_nonan.fits.gz
200	https://irsa.ipac.caltech.edu/data/SPITZER/S4G/galaxies/IC1993/P4/IC1993.phot.1_nonan.fits.gz
200	https://irsa.ipac.caltech.edu/data/SPITZER/S4G/galaxies/IC2000/P4/IC2000.phot.1_nonan.fits.gz
200	https://irsa.ipac.caltech.edu/data/SPITZER/S4G/galaxies/IC0755/P4/IC0755.phot.1_nonan.fits.gz
200	https://irsa.ipac.caltech.edu/data/SPITZER/S4G/galaxies/IC0750/P4/IC0750.phot.1_nonan.fits.gz
200	https://irsa.ipac.caltech.edu/data/SPITZER/S4G/galaxies/IC0758/P4/IC0758.phot.1_nonan.fits.gz
200	https://irsa.ipac.caltech.edu/data/SPITZER/S4G/galaxies/IC0764/P4/IC0764.phot.1_nonan.fits.gz
200	https://irsa.ipac.caltech.edu/data/SPITZER/S4G/galaxies/IC0776/P4/IC0776.phot.1_nonan.fits.gz
200	https://irsa.ipac.caltech.edu/data/SPITZER/S4G/galaxies/IC0769/P4/IC0769.phot.1_nonan.fits.gz
200	https://irsa.ipac.caltech.edu/data/SPITZER/S4G/galaxies/IC0796/P4/IC0796.phot.1_nonan.fits.gz
200	https://irsa.ipac.caltech.edu/data/SPITZER/S4G/galaxies/IC0797/P4/IC0797.phot.1_nonan.fits.gz
200	https://irsa.ipac.caltech.edu/data/SPITZER/S4G/galaxies/NGC4519/P4/NGC4519.phot.1_nonan.fits.gz
200	https://irsa.ipac.caltech.edu/data/SPITZER/S4G/galaxies/IC0800/P4/IC0800.phot.1_nonan.fits.gz
200	https://irsa.ipac.caltech.edu/data/SPITZER/S4G/galaxies/NGC4523/P4/NGC4523.phot.1_nonan.fits.gz
200	https://irsa.ipac.caltech.edu/data/SPITZER/S4G/galaxies/NGC4522/P4/NGC4522.phot.1_nonan.fits.gz
200	https://irsa.ipac.caltech.edu/data/SPITZER/S4G/galaxies/NGC4527/P4/NGC4527.phot.1_nonan.fits.gz
200	https://irsa.ipac.caltech.edu/data/SPITZER/S4G/galaxies/NGC4525/P4/NGC4525.phot.1_nonan.fits.gz
200	https://irsa.ipac.caltech.edu/data/SPITZER/S4G/galaxies/NGC4528/P4/NGC4528.phot.1_nonan.fits.gz
200	https://irsa.ipac.caltech.edu/data/SPITZER/S4G/galaxies/NGC4531/P4/NGC4531.phot.1_nonan.fits.gz
200	https://irsa.ipac.caltech.edu/data/SPITZER/S4G/galaxies/NGC4532/P4/NGC4532.phot.1_nonan.fits.gz
200	https://irsa.ipac.caltech.edu/data/SPITZER/S4G/galaxies/NGC4533/P4/NGC4533.phot.1_nonan.fits.gz
200	https://irsa.ipac.caltech.edu/data/SPITZER/S4G/galaxies/NGC4534/P4/NGC4534.phot.1_nonan.fits.gz
200	https://irsa.ipac.caltech.edu/data/SPITZER/S4G/galaxies/NGC4535/P4/NGC4535.phot.1_nonan.fits.gz
200	https://irsa.ipac.caltech.edu/data/SPITZER/S4G/galaxies/NGC5348/P4/NGC5348.phot.1_nonan.fits.gz
200	https://irsa.ipac.caltech.edu/data/SPITZER/S4G/galaxies/NGC4536/P4/NGC4536.phot.1_nonan.fits.gz
404	https://irsa.ipac.caltech.edu/data/SPITZER/S4G/galaxies/PGC035570/P4/PGC035570.phot.1_nonan.fits.gz
404	https://irsa.ipac.caltech.edu/data/SPITZER/S4G/galaxies/IC1445/P4/IC1445.phot.1_nonan.fits.gz
404	https://irsa.ipac.caltech.edu/data/SPITZER/S4G/galaxies/IC1459/P4/IC1459.phot.1_nonan.fits.gz
404	https://irsa.ipac.caltech.edu/data/SPITZER/S4G/galaxies/IC1554/P4/IC1554.phot.1_nonan.fits.gz
404	https://irsa.ipac.caltech.edu/data/SPITZER/S4G/galaxies/IC1729/P4/IC1729.phot.1_nonan.fits.gz
404	https://irsa.ipac.caltech.edu/data/SPITZER/S4G/galaxies/IC1919/P4/IC1919.phot.1_nonan.fits.gz
404	https://irsa.ipac.caltech.edu/data/SPITZER/S4G/galaxies/IC2039/P4/IC2039.phot.1_nonan.fits.gz
404	https://irsa.ipac.caltech.edu/data/SPITZER/S4G/galaxies/IC2041/P4/IC2041.phot.1_nonan.fits.gz
404	https://irsa.ipac.caltech.edu/data/SPITZER/S4G/galaxies/IC2059/P4/IC2059.phot.1_nonan.fits.gz
404	https://irsa.ipac.caltech.edu/data/SPITZER/S4G/galaxies/IC3010/P4/IC3010.phot.1_nonan.fits.gz
404	https://irsa.ipac.caltech.edu/data/SPITZER/S4G/galaxies/IC3019/P4/IC3019.phot.1_nonan.fits.gz
404	https://irsa.ipac.caltech.edu/data/SPITZER/S4G/galaxies/IC3065/P4/IC3065.phot.1_nonan.fits.gz
404	https://irsa.ipac.caltech.edu/data/SPITZER/S4G/galaxies/IC3096/P4/IC3096.phot.1_nonan.fits.gz
200	https://irsa.ipac.caltech.edu/data/SPITZER/S4G/galaxies/UGC12281/P4/UGC12281.phot.1_nonan.fits.gz
200	https://irsa.ipac.caltech.edu/data/SPITZER/S4G/galaxies/UGC12307/P4/UGC12307.phot.1_nonan.fits.gz
200	https://irsa.ipac.caltech.edu/data/SPITZER/S4G/galaxies/UGC12308/P4/UGC12308.phot.1_nonan.fits.gz
200	https://irsa.ipac.caltech.edu/data/SPITZER/S4G/galaxies/UGC12313/P4/UGC12313.phot.1_nonan.fits.gz
200	https://irsa.ipac.caltech.edu/data/SPITZER/S4G/galaxies/UGC12350/P4/UGC12350.phot.1_nonan.fits.gz
200	https://irsa.ipac.caltech.edu/data/SPITZER/S4G/galaxies/UGC12518/P4/UGC12518.phot.1_nonan.fits.gz
200	https://irsa.ipac.caltech.edu/data/SPITZER/S4G/galaxies/UGC12613/P4/UGC12613.phot.1_nonan.fits.gz
200	https://irsa.ipac.caltech.edu/data/SPITZER/S4G/galaxies/UGC12681/P4/UGC12681.phot.1_nonan.fits.gz
200	https://irsa.ipac.caltech.edu/data/SPITZER/S4G/galaxies/UGC12641/P4/UGC12641.phot.1_nonan.fits.gz
200	https://irsa.ipac.caltech.edu/data/SPITZER/S4G/galaxies/UGC12682/P4/UGC12682.phot.1_nonan.fits.gz
200	https://irsa.ipac.caltech.edu/data/SPITZER/S4G/galaxies/UGC12692/P4/UGC12692.phot.1_nonan.fits.gz
200	https://irsa.ipac.caltech.edu/data/SPITZER/S4G/galaxies/UGC12707/P4/UGC12707.phot.1_nonan.fits.gz
200	https://irsa.ipac.caltech.edu/data/SPITZER/S4G/galaxies/UGC12709/P4/UGC12709.phot.1_nonan.fits.gz
200	https://irsa.ipac.caltech.edu/data/SPITZER/S4G/galaxies/IC0851/P4/IC0851.phot.1_nonan.fits.gz
200	https://irsa.ipac.caltech.edu/data/SPITZER/S4G/galaxies/IC0863/P4/IC0863.phot.1_nonan.fits.gz
200	https://irsa.ipac.caltech.edu/data/SPITZER/S4G/galaxies/IC1014/P4/IC1014.phot.1_nonan.fits.gz
200	https://irsa.ipac.caltech.edu/data/SPITZER/S4G/galaxies/IC0902/P4/IC0902.phot.1_nonan.fits.gz
200	https://irsa.ipac.caltech.edu/data/SPITZER/S4G/galaxies/IC1024/P4/IC1024.phot.1_nonan.fits.gz
200	https://irsa.ipac.caltech.edu/data/SPITZER/S4G/galaxies/IC1029/P4/IC1029.phot.1_nonan.fits.gz
200	https://irsa.ipac.caltech.edu/data/SPITZER/S4G/galaxies/IC1055/P4/IC1055.phot.1_nonan.fits.gz
200	https://irsa.ipac.caltech.edu/data/SPITZER/S4G/galaxies/IC1048/P4/IC1048.phot.1_nonan.fits.gz
200	https://irsa.ipac.caltech.edu/data/SPITZER/S4G/galaxies/IC1066/P4/IC1066.phot.1_nonan.fits.gz
200	https://irsa.ipac.caltech.edu/data/SPITZER/S4G/galaxies/IC1067/P4/IC1067.phot.1_nonan.fits.gz
200	https://irsa.ipac.caltech.edu/data/SPITZER/S4G/galaxies/IC1125/P4/IC1125.phot.1_nonan.fits.gz
200	https://irsa.ipac.caltech.edu/data/SPITZER/S4G/galaxies/IC1151/P4/IC1151.phot.1_nonan.fits.gz
200	https://irsa.ipac.caltech.edu/data/SPITZER/S4G/galaxies/IC1158/P4/IC1158.phot.1_nonan.fits.gz
200	https://irsa.ipac.caltech.edu/data/SPITZER/S4G/galaxies/IC1197/P4/IC1197.phot.1_nonan.fits.gz
200	https://irsa.ipac.caltech.edu/data/SPITZER/S4G/galaxies/NGC5350/P4/NGC5350.phot.1_nonan.fits.gz
200	https://irsa.ipac.caltech.edu/data/SPITZER/S4G/galaxies/NGC5353/P4/NGC5353.phot.1_nonan.fits.gz
200	https://irsa.ipac.caltech.edu/data/SPITZER/S4G/galaxies/NGC5354/P4/NGC5354.phot.1_nonan.fits.gz
200	https://irsa.ipac.caltech.edu/data/SPITZER/S4G/galaxies/NGC5355/P4/NGC5355.phot.1_nonan.fits.gz
200	https://irsa.ipac.caltech.edu/data/SPITZER/S4G/galaxies/NGC5356/P4/NGC5356.phot.1_nonan.fits.gz
200	https://irsa.ipac.caltech.edu/data/SPITZER/S4G/galaxies/NGC5360/P4/NGC5360.phot.1_nonan.fits.gz
200	https://irsa.ipac.caltech.edu/data/SPITZER/S4G/galaxies/NGC5362/P4/NGC5362.phot.1_nonan.fits.gz
200	https://irsa.ipac.caltech.edu/data/SPITZER/S4G/galaxies/NGC5363/P4/NGC5363.phot.1_nonan.fits.gz
200	https://irsa.ipac.caltech.edu/data/SPITZER/S4G/galaxies/NGC5364/P4/NGC5364.phot.1_nonan.fits.gz
200	https://irsa.ipac.caltech.edu/data/SPITZER/S4G/galaxies/NGC5375/P4/NGC5375.phot.1_nonan.fits.gz
200	https://irsa.ipac.caltech.edu/data/SPITZER/S4G/galaxies/NGC5371/P4/NGC5371.phot.1_nonan.fits.gz
200	https://irsa.ipac.caltech.edu/data/SPITZER/S4G/galaxies/NGC5376/P4/NGC5376.phot.1_nonan.fits.gz
200	https://irsa.ipac.caltech.edu/data/SPITZER/S4G/galaxies/NGC3153/P4/NGC3153.phot.1_nonan.fits.gz
200	https://irsa.ipac.caltech.edu/data/SPITZER/S4G/galaxies/PGC012439/P4/PGC012439.phot.1_nonan.fits.gz
200	https://irsa.ipac.caltech.edu/data/SPITZER/S4G/galaxies/NGC3155/P4/NGC3155.phot.1_nonan.fits.gz
200	https://irsa.ipac.caltech.edu/data/SPITZER/S4G/galaxies/PGC012608/P4/PGC012608.phot.1_nonan.fits.gz
200	https://irsa.ipac.caltech.edu/data/SPITZER/S4G/galaxies/PGC012798/P4/PGC012798.phot.1_nonan.fits.gz
200	https://irsa.ipac.caltech.edu/data/SPITZER/S4G/galaxies/PGC012664/P4/PGC012664.phot.1_nonan.fits.gz
200	https://irsa.ipac.caltech.edu/data/SPITZER/S4G/galaxies/PGC012981/P4/PGC012981.phot.1_nonan.fits.gz
200	https://irsa.ipac.caltech.edu/data/SPITZER/S4G/galaxies/PGC013684/P4/PGC013684.phot.1_nonan.fits.gz
200	https://irsa.ipac.caltech.edu/data/SPITZER/S4G/galaxies/PGC012633/P4/PGC012633.phot.1_nonan.fits.gz
200	https://irsa.ipac.caltech.edu/data/SPITZER/S4G/galaxies/PGC013716/P4/PGC013716.phot.1_nonan.fits.gz
200	https://irsa.ipac.caltech.edu/data/SPITZER/S4G/galaxies/PGC013821/P4/PGC013821.phot.1_nonan.fits.gz
200	https://irsa.ipac.caltech.edu/data/SPITZER/S4G/galaxies/PGC014037/P4/PGC014037.phot.1_nonan.fits.gz
200	https://irsa.ipac.caltech.edu/data/SPITZER/S4G/galaxies/PGC014487/P4/PGC014487.phot.1_nonan.fits.gz
200	https://irsa.ipac.caltech.edu/data/SPITZER/S4G/galaxies/PGC013646/P4/PGC013646.phot.1_nonan.fits.gz
200	https://irsa.ipac.caltech.edu/data/SPITZER/S4G/galaxies/PGC013612/P4/PGC013612.phot.1_nonan.fits.gz
200	https://irsa.ipac.caltech.edu/data/SPITZER/S4G/galaxies/UGC04499/P4/UGC04499.phot.1_nonan.fits.gz
200	https://irsa.ipac.caltech.edu/data/SPITZER/S4G/galaxies/NGC3162/P4/NGC3162.phot.1_nonan.fits.gz
200	https://irsa.ipac.caltech.edu/data/SPITZER/S4G/galaxies/NGC3165/P4/NGC3165.phot.1_nonan.fits.gz
200	https://irsa.ipac.caltech.edu/data/SPITZER/S4G/galaxies/NGC3166/P4/NGC3166.phot.1_nonan.fits.gz
200	https://irsa.ipac.caltech.edu/data/SPITZER/S4G/galaxies/NGC3169/P4/NGC3169.phot.1_nonan.fits.gz
200	https://irsa.ipac.caltech.edu/data/SPITZER/S4G/galaxies/NGC3182/P4/NGC3182.phot.1_nonan.fits.gz
200	https://irsa.ipac.caltech.edu/data/SPITZER/S4G/galaxies/NGC3177/P4/NGC3177.phot.1_nonan.fits.gz
200	https://irsa.ipac.caltech.edu/data/SPITZER/S4G/galaxies/NGC3184/P4/NGC3184.phot.1_nonan.fits.gz
200	https://irsa.ipac.caltech.edu/data/SPITZER/S4G/galaxies/NGC3185/P4/NGC3185.phot.1_nonan.fits.gz
200	https://irsa.ipac.caltech.edu/data/SPITZER/S4G/galaxies/NGC3187/P4/NGC3187.phot.1_nonan.fits.gz
200	https://irsa.ipac.caltech.edu/data/SPITZER/S4G/galaxies/NGC3190/P4/NGC3190.phot.1_nonan.fits.gz
200	https://irsa.ipac.caltech.edu/data/SPITZER/S4G/galaxies/NGC3193/P4/NGC3193.phot.1_nonan.fits.gz
404	https://irsa.ipac.caltech.edu/data/SPITZER/S4G/galaxies/IC3100/P4/IC3100.phot.1_nonan.fits.gz
200	https://irsa.ipac.caltech.edu/data/SPITZER/S4G/galaxies/NGC4020/P4/NGC4020.phot.1_nonan.fits.gz
200	https://irsa.ipac.caltech.edu/data/SPITZER/S4G/galaxies/NGC4013/P4/NGC4013.phot.1_nonan.fits.gz
404	https://irsa.ipac.caltech.edu/data/SPITZER/S4G/galaxies/IC3131/P4/IC3131.phot.1_nonan.fits.gz
404	https://irsa.ipac.caltech.edu/data/SPITZER/S4G/galaxies/NGC4543/P4/NGC4543.phot.1_nonan.fits.gz
404	https://irsa.ipac.caltech.edu/data/SPITZER/S4G/galaxies/NGC4564/P4/NGC4564.phot.1_nonan.fits.gz
404	https://irsa.ipac.caltech.edu/data/SPITZER/S4G/galaxies/NGC4551/P4/NGC4551.phot.1_nonan.fits.gz
404	https://irsa.ipac.caltech.edu/data/SPITZER/S4G/galaxies/NGC4570/P4/NGC4570.phot.1_nonan.fits.gz
404	https://irsa.ipac.caltech.edu/data/SPITZER/S4G/galaxies/NGC4578/P4/NGC4578.phot.1_nonan.fits.gz
404	https://irsa.ipac.caltech.edu/data/SPITZER/S4G/galaxies/NGC4581/P4/NGC4581.phot.1_nonan.fits.gz
404	https://irsa.ipac.caltech.edu/data/SPITZER/S4G/galaxies/ESO440-006/P4/ESO440-006.phot.1_nonan.fits.gz
404	https://irsa.ipac.caltech.edu/data/SPITZER/S4G/galaxies/ESO440-015/P4/ESO440-015.phot.1_nonan.fits.gz
404	https://irsa.ipac.caltech.edu/data/SPITZER/S4G/galaxies/ESO442-026/P4/ESO442-026.phot.1_nonan.fits.gz
404	https://irsa.ipac.caltech.edu/data/SPITZER/S4G/galaxies/ESO440-016/P4/ESO440-016.phot.1_nonan.fits.gz
404	https://irsa.ipac.caltech.edu/data/SPITZER/S4G/galaxies/ESO445-075/P4/ESO445-075.phot.1_nonan.fits.gz
404	https://irsa.ipac.caltech.edu/data/SPITZER/S4G/galaxies/ESO466-046/P4/ESO466-046.phot.1_nonan.fits.gz
200	https://irsa.ipac.caltech.edu/data/SPITZER/S4G/galaxies/IC1210/P4/IC1210.phot.1_nonan.fits.gz
200	https://irsa.ipac.caltech.edu/data/SPITZER/S4G/galaxies/IC1265/P4/IC1265.phot.1_nonan.fits.gz
200	https://irsa.ipac.caltech.edu/data/SPITZER/S4G/galaxies/UGC06399/P4/UGC06399.phot.1_nonan.fits.gz
200	https://irsa.ipac.caltech.edu/data/SPITZER/S4G/galaxies/IC1251/P4/IC1251.phot.1_nonan.fits.gz
200	https://irsa.ipac.caltech.edu/data/SPITZER/S4G/galaxies/UGC06433/P4/UGC06433.phot.1_nonan.fits.gz
200	https://irsa.ipac.caltech.edu/data/SPITZER/S4G/galaxies/UGC06509/P4/UGC06509.phot.1_nonan.fits.gz
200	https://irsa.ipac.caltech.edu/data/SPITZER/S4G/galaxies/UGC06512/P4/UGC06512.phot.1_nonan.fits.gz
200	https://irsa.ipac.caltech.edu/data/SPITZER/S4G/galaxies/UGC06446/P4/UGC06446.phot.1_nonan.fits.gz
200	https://irsa.ipac.caltech.edu/data/SPITZER/S4G/galaxies/UGC06517/P4/UGC06517.phot.1_nonan.fits.gz
200	https://irsa.ipac.caltech.edu/data/SPITZER/S4G/galaxies/UGC06534/P4/UGC06534.phot.1_nonan.fits.gz
200	https://irsa.ipac.caltech.edu/data/SPITZER/S4G/galaxies/UGC06545/P4/UGC06545.phot.1_nonan.fits.gz
200	https://irsa.ipac.caltech.edu/data/SPITZER/S4G/galaxies/UGC06526/P4/UGC06526.phot.1_nonan.fits.gz
200	https://irsa.ipac.caltech.edu/data/SPITZER/S4G/galaxies/UGC06570/P4/UGC06570.phot.1_nonan.fits.gz
404	https://irsa.ipac.caltech.edu/data/SPITZER/S4G/galaxies/ESO466-051/P4/ESO466-051.phot.1_nonan.fits.gz
404	https://irsa.ipac.caltech.edu/data/SPITZER/S4G/galaxies/ESO545-040/P4/ESO545-040.phot.1_nonan.fits.gz
404	https://irsa.ipac.caltech.edu/data/SPITZER/S4G/galaxies/ESO503-007/P4/ESO503-007.phot.1_nonan.fits.gz
404	https://irsa.ipac.caltech.edu/data/SPITZER/S4G/galaxies/ESO548-033/P4/ESO548-033.phot.1_nonan.fits.gz
404	https://irsa.ipac.caltech.edu/data/SPITZER/S4G/galaxies/ESO548-028/P4/ESO548-028.phot.1_nonan.fits.gz
404	https://irsa.ipac.caltech.edu/data/SPITZER/S4G/galaxies/ESO548-044/P4/ESO548-044.phot.1_nonan.fits.gz
404	https://irsa.ipac.caltech.edu/data/SPITZER/S4G/galaxies/ESO548-047/P4/ESO548-047.phot.1_nonan.fits.gz
200	https://irsa.ipac.caltech.edu/data/SPITZER/S4G/galaxies/PGC041725/P4/PGC041725.phot.1_nonan.fits.gz
200	https://irsa.ipac.caltech.edu/data/SPITZER/S4G/galaxies/PGC042068/P4/PGC042068.phot.1_nonan.fits.gz
200	https://irsa.ipac.caltech.edu/data/SPITZER/S4G/galaxies/PGC041743/P4/PGC041743.phot.1_nonan.fits.gz
200	https://irsa.ipac.caltech.edu/data/SPITZER/S4G/galaxies/PGC041965/P4/PGC041965.phot.1_nonan.fits.gz
200	https://irsa.ipac.caltech.edu/data/SPITZER/S4G/galaxies/PGC042160/P4/PGC042160.phot.1_nonan.fits.gz
200	https://irsa.ipac.caltech.edu/data/SPITZER/S4G/galaxies/PGC040552/P4/PGC040552.phot.1_nonan.fits.gz
200	https://irsa.ipac.caltech.edu/data/SPITZER/S4G/galaxies/UGC04514/P4/UGC04514.phot.1_nonan.fits.gz
200	https://irsa.ipac.caltech.edu/data/SPITZER/S4G/galaxies/UGC04543/P4/UGC04543.phot.1_nonan.fits.gz
200	https://irsa.ipac.caltech.edu/data/SPITZER/S4G/galaxies/UGC04549/P4/UGC04549.phot.1_nonan.fits.gz
200	https://irsa.ipac.caltech.edu/data/SPITZER/S4G/galaxies/UGC04550/P4/UGC04550.phot.1_nonan.fits.gz
200	https://irsa.ipac.caltech.edu/data/SPITZER/S4G/galaxies/UGC04551/P4/UGC04551.phot.1_nonan.fits.gz
200	https://irsa.ipac.caltech.edu/data/SPITZER/S4G/galaxies/UGC04559/P4/UGC04559.phot.1_nonan.fits.gz
200	https://irsa.ipac.caltech.edu/data/SPITZER/S4G/galaxies/UGC04621/P4/UGC04621.phot.1_nonan.fits.gz
200	https://irsa.ipac.caltech.edu/data/SPITZER/S4G/galaxies/UGC04623/P4/UGC04623.phot.1_nonan.fits.gz
200	https://irsa.ipac.caltech.edu/data/SPITZER/S4G/galaxies/UGC04628/P4/UGC04628.phot.1_nonan.fits.gz
200	https://irsa.ipac.caltech.edu/data/SPITZER/S4G/galaxies/UGC04659/P4/UGC04659.phot.1_nonan.fits.gz
200	https://irsa.ipac.caltech.edu/data/SPITZER/S4G/galaxies/UGC04701/P4/UGC04701.phot.1_nonan.fits.gz
200	https://irsa.ipac.caltech.edu/data/SPITZER/S4G/galaxies/NGC4539/P4/NGC4539.phot.1_nonan.fits.gz
200	https://irsa.ipac.caltech.edu/data/SPITZER/S4G/galaxies/UGC04704/P4/UGC04704.phot.1_nonan.fits.gz
200	https://irsa.ipac.caltech.edu/data/SPITZER/S4G/galaxies/UGC06594/P4/UGC06594.phot.1_nonan.fits.gz
200	https://irsa.ipac.caltech.edu/data/SPITZER/S4G/galaxies/UGC06575/P4/UGC06575.phot.1_nonan.fits.gz
200	https://irsa.ipac.caltech.edu/data/SPITZER/S4G/galaxies/UGC09665/P4/UGC09665.phot.1_nonan.fits.gz
200	https://irsa.ipac.caltech.edu/data/SPITZER/S4G/galaxies/UGC06603/P4/UGC06603.phot.1_nonan.fits.gz
200	https://irsa.ipac.caltech.edu/data/SPITZER/S4G/galaxies/UGC09682/P4/UGC09682.phot.1_nonan.fits.gz
200	https://irsa.ipac.caltech.edu/data/SPITZER/S4G/galaxies/UGC09703/P4/UGC09703.phot.1_nonan.fits.gz
200	https://irsa.ipac.caltech.edu/data/SPITZER/S4G/galaxies/UGC09730/P4/UGC09730.phot.1_nonan.fits.gz
200	https://irsa.ipac.caltech.edu/data/SPITZER/S4G/galaxies/UGC09746/P4/UGC09746.phot.1_nonan.fits.gz
200	https://irsa.ipac.caltech.edu/data/SPITZER/S4G/galaxies/UGC09751/P4/UGC09751.phot.1_nonan.fits.gz
200	https://irsa.ipac.caltech.edu/data/SPITZER/S4G/galaxies/UGC09760/P4/UGC09760.phot.1_nonan.fits.gz
200	https://irsa.ipac.caltech.edu/data/SPITZER/S4G/galaxies/UGC09816/P4/UGC09816.phot.1_nonan.fits.gz
200	https://irsa.ipac.caltech.edu/data/SPITZER/S4G/galaxies/UGC09815/P4/UGC09815.phot.1_nonan.fits.gz
200	https://irsa.ipac.caltech.edu/data/SPITZER/S4G/galaxies/UGC09837/P4/UGC09837.phot.1_nonan.fits.gz
200	https://irsa.ipac.caltech.edu/data/SPITZER/S4G/galaxies/NGC4027/P4/NGC4027.phot.1_nonan.fits.gz
200	https://irsa.ipac.caltech.edu/data/SPITZER/S4G/galaxies/NGC4032/P4/NGC4032.phot.1_nonan.fits.gz
200	https://irsa.ipac.caltech.edu/data/SPITZER/S4G/galaxies/NGC4030/P4/NGC4030.phot.1_nonan.fits.gz
200	https://irsa.ipac.caltech.edu/data/SPITZER/S4G/galaxies/NGC4034/P4/NGC4034.phot.1_nonan.fits.gz
200	https://irsa.ipac.caltech.edu/data/SPITZER/S4G/galaxies/NGC4035/P4/NGC4035.phot.1_nonan.fits.gz
200	https://irsa.ipac.caltech.edu/data/SPITZER/S4G/galaxies/NGC4037/P4/NGC4037.phot.1_nonan.fits.gz
200	https://irsa.ipac.caltech.edu/data/SPITZER/S4G/galaxies/NGC4038/P4/NGC4038.phot.1_nonan.fits.gz
200	https://irsa.ipac.caltech.edu/data/SPITZER/S4G/galaxies/NGC4039/P4/NGC4039.phot.1_nonan.fits.gz
200	https://irsa.ipac.caltech.edu/data/SPITZER/S4G/galaxies/NGC4041/P4/NGC4041.phot.1_nonan.fits.gz
200	https://irsa.ipac.caltech.edu/data/SPITZER/S4G/galaxies/NGC4049/P4/NGC4049.phot.1_nonan.fits.gz
200	https://irsa.ipac.caltech.edu/data/SPITZER/S4G/galaxies/NGC4045/P4/NGC4045.phot.1_nonan.fits.gz
200	https://irsa.ipac.caltech.edu/data/SPITZER/S4G/galaxies/NGC4050/P4/NGC4050.phot.1_nonan.fits.gz
200	https://irsa.ipac.caltech.edu/data/SPITZER/S4G/galaxies/NGC1297/P4/NGC1297.phot.1_nonan.fits.gz
200	https://irsa.ipac.caltech.edu/data/SPITZER/S4G/galaxies/PGC042559/P4/PGC042559.phot.1_nonan.fits.gz
200	https://irsa.ipac.caltech.edu/data/SPITZER/S4G/galaxies/NGC1299/P4/NGC1299.phot.1_nonan.fits.gz
200	https://irsa.ipac.caltech.edu/data/SPITZER/S4G/galaxies/PGC042868/P4/PGC042868.phot.1_nonan.fits.gz
200	https://irsa.ipac.caltech.edu/data/SPITZER/S4G/galaxies/PGC043020/P4/PGC043020.phot.1_nonan.fits.gz
200	https://irsa.ipac.caltech.edu/data/SPITZER/S4G/galaxies/PGC043236/P4/PGC043236.phot.1_nonan.fits.gz
200	https://irsa.ipac.caltech.edu/data/SPITZER/S4G/galaxies/PGC043341/P4/PGC043341.phot.1_nonan.fits.gz
200	https://irsa.ipac.caltech.edu/data/SPITZER/S4G/galaxies/PGC043345/P4/PGC043345.phot.1_nonan.fits.gz
200	https://irsa.ipac.caltech.edu/data/SPITZER/S4G/galaxies/PGC043458/P4/PGC043458.phot.1_nonan.fits.gz
200	https://irsa.ipac.caltech.edu/data/SPITZER/S4G/galaxies/UGC05340/P4/UGC05340.phot.1_nonan.fits.gz
200	https://irsa.ipac.caltech.edu/data/SPITZER/S4G/galaxies/UGC05347/P4/UGC05347.phot.1_nonan.fits.gz
200	https://irsa.ipac.caltech.edu/data/SPITZER/S4G/galaxies/UGC05349/P4/UGC05349.phot.1_nonan.fits.gz
200	https://irsa.ipac.caltech.edu/data/SPITZER/S4G/galaxies/UGC05354/P4/UGC05354.phot.1_nonan.fits.gz
200	https://irsa.ipac.caltech.edu/data/SPITZER/S4G/galaxies/UGC05364/P4/UGC05364.phot.1_nonan.fits.gz
200	https://irsa.ipac.caltech.edu/data/SPITZER/S4G/galaxies/UGC05358/P4/UGC05358.phot.1_nonan.fits.gz
200	https://irsa.ipac.caltech.edu/data/SPITZER/S4G/galaxies/UGC05373/P4/UGC05373.phot.1_nonan.fits.gz
200	https://irsa.ipac.caltech.edu/data/SPITZER/S4G/galaxies/NGC4540/P4/NGC4540.phot.1_nonan.fits.gz
200	https://irsa.ipac.caltech.edu/data/SPITZER/S4G/galaxies/NGC4544/P4/NGC4544.phot.1_nonan.fits.gz
200	https://irsa.ipac.caltech.edu/data/SPITZER/S4G/galaxies/NGC4545/P4/NGC4545.phot.1_nonan.fits.gz
200	https://irsa.ipac.caltech.edu/data/SPITZER/S4G/galaxies/NGC4546/P4/NGC4546.phot.1_nonan.fits.gz
200	https://irsa.ipac.caltech.edu/data/SPITZER/S4G/galaxies/NGC4548/P4/NGC4548.phot.1_nonan.fits.gz
200	https://irsa.ipac.caltech.edu/data/SPITZER/S4G/galaxies/NGC4550/P4/NGC4550.phot.1_nonan.fits.gz
200	https://irsa.ipac.caltech.edu/data/SPITZER/S4G/galaxies/NGC4561/P4/NGC4561.phot.1_nonan.fits.gz
200	https://irsa.ipac.caltech.edu/data/SPITZER/S4G/galaxies/NGC4559/P4/NGC4559.phot.1_nonan.fits.gz
200	https://irsa.ipac.caltech.edu/data/SPITZER/S4G/galaxies/NGC4562/P4/NGC4562.phot.1_nonan.fits.gz
200	https://irsa.ipac.caltech.edu/data/SPITZER/S4G/galaxies/NGC4565/P4/NGC4565.phot.1_nonan.fits.gz
200	https://irsa.ipac.caltech.edu/data/SPITZER/S4G/galaxies/NGC4567/P4/NGC4567.phot.1_nonan.fits.gz
200	https://irsa.ipac.caltech.edu/data/SPITZER/S4G/galaxies/NGC4568/P4/NGC4568.phot.1_nonan.fits.gz
200	https://irsa.ipac.caltech.edu/data/SPITZER/S4G/galaxies/NGC5377/P4/NGC5377.phot.1_nonan.fits.gz
200	https://irsa.ipac.caltech.edu/data/SPITZER/S4G/galaxies/UGC09845/P4/UGC09845.phot.1_nonan.fits.gz
200	https://irsa.ipac.caltech.edu/data/SPITZER/S4G/galaxies/UGC09856/P4/UGC09856.phot.1_nonan.fits.gz
200	https://irsa.ipac.caltech.edu/data/SPITZER/S4G/galaxies/UGC09858/P4/UGC09858.phot.1_nonan.fits.gz
200	https://irsa.ipac.caltech.edu/data/SPITZER/S4G/galaxies/NGC7731/P4/NGC7731.phot.1_nonan.fits.gz
200	https://irsa.ipac.caltech.edu/data/SPITZER/S4G/galaxies/NGC7732/P4/NGC7732.phot.1_nonan.fits.gz
200	https://irsa.ipac.caltech.edu/data/SPITZER/S4G/galaxies/NGC7743/P4/NGC7743.phot.1_nonan.fits.gz
200	https://irsa.ipac.caltech.edu/data/SPITZER/S4G/galaxies/NGC7755/P4/NGC7755.phot.1_nonan.fits.gz
200	https://irsa.ipac.caltech.edu/data/SPITZER/S4G/galaxies/NGC7742/P4/NGC7742.phot.1_nonan.fits.gz
200	https://irsa.ipac.caltech.edu/data/SPITZER/S4G/galaxies/NGC7757/P4/NGC7757.phot.1_nonan.fits.gz
200	https://irsa.ipac.caltech.edu/data/SPITZER/S4G/galaxies/NGC7764/P4/NGC7764.phot.1_nonan.fits.gz
200	https://irsa.ipac.caltech.edu/data/SPITZER/S4G/galaxies/NGC7750/P4/NGC7750.phot.1_nonan.fits.gz
200	https://irsa.ipac.caltech.edu/data/SPITZER/S4G/galaxies/NGC7793/P4/NGC7793.phot.1_nonan.fits.gz
200	https://irsa.ipac.caltech.edu/data/SPITZER/S4G/galaxies/NGC7741/P4/NGC7741.phot.1_nonan.fits.gz
200	https://irsa.ipac.caltech.edu/data/SPITZER/S4G/galaxies/NGC1300/P4/NGC1300.phot.1_nonan.fits.gz
200	https://irsa.ipac.caltech.edu/data/SPITZER/S4G/galaxies/NGC1309/P4/NGC1309.phot.1_nonan.fits.gz
200	https://irsa.ipac.caltech.edu/data/SPITZER/S4G/galaxies/NGC1306/P4/NGC1306.phot.1_nonan.fits.gz
200	https://irsa.ipac.caltech.edu/data/SPITZER/S4G/galaxies/NGC1302/P4/NGC1302.phot.1_nonan.fits.gz
200	https://irsa.ipac.caltech.edu/data/SPITZER/S4G/galaxies/NGC1310/P4/NGC1310.phot.1_nonan.fits.gz
200	https://irsa.ipac.caltech.edu/data/SPITZER/S4G/galaxies/NGC1311/P4/NGC1311.phot.1_nonan.fits.gz
200	https://irsa.ipac.caltech.edu/data/SPITZER/S4G/galaxies/NGC1313/P4/NGC1313.phot.1_nonan.fits.gz
200	https://irsa.ipac.caltech.edu/data/SPITZER/S4G/galaxies/NGC1325/P4/NGC1325.phot.1_nonan.fits.gz
200	https://irsa.ipac.caltech.edu/data/SPITZER/S4G/galaxies/NGC1316C/P4/NGC1316C.phot.1_nonan.fits.gz
200	https://irsa.ipac.caltech.edu/data/SPITZER/S4G/galaxies/NGC1325A/P4/NGC1325A.phot.1_nonan.fits.gz
200	https://irsa.ipac.caltech.edu/data/SPITZER/S4G/galaxies/NGC7798/P4/NGC7798.phot.1_nonan.fits.gz
200	https://irsa.ipac.caltech.edu/data/SPITZER/S4G/galaxies/NGC1326A/P4/NGC1326A.phot.1_nonan.fits.gz
200	https://irsa.ipac.caltech.edu/data/SPITZER/S4G/galaxies/NGC1326/P4/NGC1326.phot.1_nonan.fits.gz
200	https://irsa.ipac.caltech.edu/data/SPITZER/S4G/galaxies/NGC1326B/P4/NGC1326B.phot.1_nonan.fits.gz
200	https://irsa.ipac.caltech.edu/data/SPITZER/S4G/galaxies/UGC05376/P4/UGC05376.phot.1_nonan.fits.gz
200	https://irsa.ipac.caltech.edu/data/SPITZER/S4G/galaxies/UGC05391/P4/UGC05391.phot.1_nonan.fits.gz
200	https://irsa.ipac.caltech.edu/data/SPITZER/S4G/galaxies/UGC05393/P4/UGC05393.phot.1_nonan.fits.gz
200	https://irsa.ipac.caltech.edu/data/SPITZER/S4G/galaxies/UGC05401/P4/UGC05401.phot.1_nonan.fits.gz
200	https://irsa.ipac.caltech.edu/data/SPITZER/S4G/galaxies/UGC05403/P4/UGC05403.phot.1_nonan.fits.gz
200	https://irsa.ipac.caltech.edu/data/SPITZER/S4G/galaxies/UGC08048/P4/UGC08048.phot.1_nonan.fits.gz
200	https://irsa.ipac.caltech.edu/data/SPITZER/S4G/galaxies/UGC05421/P4/UGC05421.phot.1_nonan.fits.gz
200	https://irsa.ipac.caltech.edu/data/SPITZER/S4G/galaxies/UGC08042/P4/UGC08042.phot.1_nonan.fits.gz
200	https://irsa.ipac.caltech.edu/data/SPITZER/S4G/galaxies/UGC08041/P4/UGC08041.phot.1_nonan.fits.gz
200	https://irsa.ipac.caltech.edu/data/SPITZER/S4G/galaxies/UGC08053/P4/UGC08053.phot.1_nonan.fits.gz
200	https://irsa.ipac.caltech.edu/data/SPITZER/S4G/galaxies/UGC08052/P4/UGC08052.phot.1_nonan.fits.gz
200	https://irsa.ipac.caltech.edu/data/SPITZER/S4G/galaxies/UGC08056/P4/UGC08056.phot.1_nonan.fits.gz
200	https://irsa.ipac.caltech.edu/data/SPITZER/S4G/galaxies/UGC08067/P4/UGC08067.phot.1_nonan.fits.gz
200	https://irsa.ipac.caltech.edu/data/SPITZER/S4G/galaxies/NGC5383/P4/NGC5383.phot.1_nonan.fits.gz
200	https://irsa.ipac.caltech.edu/data/SPITZER/S4G/galaxies/NGC5422/P4/NGC5422.phot.1_nonan.fits.gz
200	https://irsa.ipac.caltech.edu/data/SPITZER/S4G/galaxies/NGC5403/P4/NGC5403.phot.1_nonan.fits.gz
200	https://irsa.ipac.caltech.edu/data/SPITZER/S4G/galaxies/NGC5425/P4/NGC5425.phot.1_nonan.fits.gz
200	https://irsa.ipac.caltech.edu/data/SPITZER/S4G/galaxies/NGC5426/P4/NGC5426.phot.1_nonan.fits.gz
200	https://irsa.ipac.caltech.edu/data/SPITZER/S4G/galaxies/NGC5427/P4/NGC5427.phot.1_nonan.fits.gz
200	https://irsa.ipac.caltech.edu/data/SPITZER/S4G/galaxies/NGC5430/P4/NGC5430.phot.1_nonan.fits.gz
200	https://irsa.ipac.caltech.edu/data/SPITZER/S4G/galaxies/NGC5443/P4/NGC5443.phot.1_nonan.fits.gz
200	https://irsa.ipac.caltech.edu/data/SPITZER/S4G/galaxies/NGC5448/P4/NGC5448.phot.1_nonan.fits.gz
200	https://irsa.ipac.caltech.edu/data/SPITZER/S4G/galaxies/NGC5452/P4/NGC5452.phot.1_nonan.fits.gz
200	https://irsa.ipac.caltech.edu/data/SPITZER/S4G/galaxies/NGC5457/P4/NGC5457.phot.1_nonan.fits.gz
200	https://irsa.ipac.caltech.edu/data/SPITZER/S4G/galaxies/NGC5464/P4/NGC5464.phot.1_nonan.fits.gz
200	https://irsa.ipac.caltech.edu/data/SPITZER/S4G/galaxies/NGC3198/P4/NGC3198.phot.1_nonan.fits.gz
200	https://irsa.ipac.caltech.edu/data/SPITZER/S4G/galaxies/NGC3206/P4/NGC3206.phot.1_nonan.fits.gz
200	https://irsa.ipac.caltech.edu/data/SPITZER/S4G/galaxies/NGC7800/P4/NGC7800.phot.1_nonan.fits.gz
200	https://irsa.ipac.caltech.edu/data/SPITZER/S4G/galaxies/NGC7814/P4/NGC7814.phot.1_nonan.fits.gz
200	https://irsa.ipac.caltech.edu/data/SPITZER/S4G/galaxies/UGC00866/P4/UGC00866.phot.1_nonan.fits.gz
200	https://irsa.ipac.caltech.edu/data/SPITZER/S4G/galaxies/UGC00882/P4/UGC00882.phot.1_nonan.fits.gz
200	https://irsa.ipac.caltech.edu/data/SPITZER/S4G/galaxies/UGC00891/P4/UGC00891.phot.1_nonan.fits.gz
200	https://irsa.ipac.caltech.edu/data/SPITZER/S4G/galaxies/UGC00903/P4/UGC00903.phot.1_nonan.fits.gz
200	https://irsa.ipac.caltech.edu/data/SPITZER/S4G/galaxies/UGC00941/P4/UGC00941.phot.1_nonan.fits.gz
200	https://irsa.ipac.caltech.edu/data/SPITZER/S4G/galaxies/UGC00958/P4/UGC00958.phot.1_nonan.fits.gz
200	https://irsa.ipac.caltech.edu/data/SPITZER/S4G/galaxies/UGC00964/P4/UGC00964.phot.1_nonan.fits.gz
200	https://irsa.ipac.caltech.edu/data/SPITZER/S4G/galaxies/UGC01014/P4/UGC01014.phot.1_nonan.fits.gz
200	https://irsa.ipac.caltech.edu/data/SPITZER/S4G/galaxies/UGC01020/P4/UGC01020.phot.1_nonan.fits.gz
200	https://irsa.ipac.caltech.edu/data/SPITZER/S4G/galaxies/UGC01104/P4/UGC01104.phot.1_nonan.fits.gz
200	https://irsa.ipac.caltech.edu/data/SPITZER/S4G/galaxies/UGC01110/P4/UGC01110.phot.1_nonan.fits.gz
200	https://irsa.ipac.caltech.edu/data/SPITZER/S4G/galaxies/NGC1332/P4/NGC1332.phot.1_nonan.fits.gz
200	https://irsa.ipac.caltech.edu/data/SPITZER/S4G/galaxies/NGC1337/P4/NGC1337.phot.1_nonan.fits.gz
200	https://irsa.ipac.caltech.edu/data/SPITZER/S4G/galaxies/NGC1338/P4/NGC1338.phot.1_nonan.fits.gz
200	https://irsa.ipac.caltech.edu/data/SPITZER/S4G/galaxies/NGC1339/P4/NGC1339.phot.1_nonan.fits.gz
200	https://irsa.ipac.caltech.edu/data/SPITZER/S4G/galaxies/NGC1341/P4/NGC1341.phot.1_nonan.fits.gz
200	https://irsa.ipac.caltech.edu/data/SPITZER/S4G/galaxies/NGC1350/P4/NGC1350.phot.1_nonan.fits.gz
200	https://irsa.ipac.caltech.edu/data/SPITZER/S4G/galaxies/NGC1345/P4/NGC1345.phot.1_nonan.fits.gz
200	https://irsa.ipac.caltech.edu/data/SPITZER/S4G/galaxies/NGC1347/P4/NGC1347.phot.1_nonan.fits.gz
200	https://irsa.ipac.caltech.edu/data/SPITZER/S4G/galaxies/NGC1351A/P4/NGC1351A.phot.1_nonan.fits.gz
200	https://irsa.ipac.caltech.edu/data/SPITZER/S4G/galaxies/NGC1357/P4/NGC1357.phot.1_nonan.fits.gz
200	https://irsa.ipac.caltech.edu/data/SPITZER/S4G/galaxies/NGC1353/P4/NGC1353.phot.1_nonan.fits.gz
200	https://irsa.ipac.caltech.edu/data/SPITZER/S4G/galaxies/NGC1359/P4/NGC1359.phot.1_nonan.fits.gz
200	https://irsa.ipac.caltech.edu/data/SPITZER/S4G/galaxies/NGC1365/P4/NGC1365.phot.1_nonan.fits.gz
200	https://irsa.ipac.caltech.edu/data/SPITZER/S4G/galaxies/UGC08084/P4/UGC08084.phot.1_nonan.fits.gz
200	https://irsa.ipac.caltech.edu/data/SPITZER/S4G/galaxies/NGC1366/P4/NGC1366.phot.1_nonan.fits.gz
200	https://irsa.ipac.caltech.edu/data/SPITZER/S4G/galaxies/UGC08085/P4/UGC08085.phot.1_nonan.fits.gz
200	https://irsa.ipac.caltech.edu/data/SPITZER/S4G/galaxies/UGC08127/P4/UGC08127.phot.1_nonan.fits.gz
200	https://irsa.ipac.caltech.edu/data/SPITZER/S4G/galaxies/UGC08155/P4/UGC08155.phot.1_nonan.fits.gz
200	https://irsa.ipac.caltech.edu/data/SPITZER/S4G/galaxies/UGC08146/P4/UGC08146.phot.1_nonan.fits.gz
200	https://irsa.ipac.caltech.edu/data/SPITZER/S4G/galaxies/NGC6395/P4/NGC6395.phot.1_nonan.fits.gz
200	https://irsa.ipac.caltech.edu/data/SPITZER/S4G/galaxies/UGC08153/P4/UGC08153.phot.1_nonan.fits.gz
200	https://irsa.ipac.caltech.edu/data/SPITZER/S4G/galaxies/NGC6412/P4/NGC6412.phot.1_nonan.fits.gz
200	https://irsa.ipac.caltech.edu/data/SPITZER/S4G/galaxies/NGC6434/P4/NGC6434.phot.1_nonan.fits.gz
200	https://irsa.ipac.caltech.edu/data/SPITZER/S4G/galaxies/NGC6503/P4/NGC6503.phot.1_nonan.fits.gz
200	https://irsa.ipac.caltech.edu/data/SPITZER/S4G/galaxies/NGC6861E/P4/NGC6861E.phot.1_nonan.fits.gz
200	https://irsa.ipac.caltech.edu/data/SPITZER/S4G/galaxies/NGC6889/P4/NGC6889.phot.1_nonan.fits.gz
200	https://irsa.ipac.caltech.edu/data/SPITZER/S4G/galaxies/NGC6887/P4/NGC6887.phot.1_nonan.fits.gz
200	https://irsa.ipac.caltech.edu/data/SPITZER/S4G/galaxies/NGC3213/P4/NGC3213.phot.1_nonan.fits.gz
200	https://irsa.ipac.caltech.edu/data/SPITZER/S4G/galaxies/NGC6870/P4/NGC6870.phot.1_nonan.fits.gz
200	https://irsa.ipac.caltech.edu/data/SPITZER/S4G/galaxies/NGC3220/P4/NGC3220.phot.1_nonan.fits.gz
200	https://irsa.ipac.caltech.edu/data/SPITZER/S4G/galaxies/NGC3225/P4/NGC3225.phot.1_nonan.fits.gz
200	https://irsa.ipac.caltech.edu/data/SPITZER/S4G/galaxies/NGC3227/P4/NGC3227.phot.1_nonan.fits.gz
200	https://irsa.ipac.caltech.edu/data/SPITZER/S4G/galaxies/NGC3239/P4/NGC3239.phot.1_nonan.fits.gz
200	https://irsa.ipac.caltech.edu/data/SPITZER/S4G/galaxies/NGC3245A/P4/NGC3245A.phot.1_nonan.fits.gz
200	https://irsa.ipac.caltech.edu/data/SPITZER/S4G/galaxies/NGC3246/P4/NGC3246.phot.1_nonan.fits.gz
200	https://irsa.ipac.caltech.edu/data/SPITZER/S4G/galaxies/NGC3252/P4/NGC3252.phot.1_nonan.fits.gz
200	https://irsa.ipac.caltech.edu/data/SPITZER/S4G/galaxies/NGC3248/P4/NGC3248.phot.1_nonan.fits.gz
200	https://irsa.ipac.caltech.edu/data/SPITZER/S4G/galaxies/NGC3254/P4/NGC3254.phot.1_nonan.fits.gz
200	https://irsa.ipac.caltech.edu/data/SPITZER/S4G/galaxies/NGC3259/P4/NGC3259.phot.1_nonan.fits.gz
200	https://irsa.ipac.caltech.edu/data/SPITZER/S4G/galaxies/NGC4051/P4/NGC4051.phot.1_nonan.fits.gz
200	https://irsa.ipac.caltech.edu/data/SPITZER/S4G/galaxies/NGC4062/P4/NGC4062.phot.1_nonan.fits.gz
200	https://irsa.ipac.caltech.edu/data/SPITZER/S4G/galaxies/UGC01112/P4/UGC01112.phot.1_nonan.fits.gz
200	https://irsa.ipac.caltech.edu/data/SPITZER/S4G/galaxies/UGC06610/P4/UGC06610.phot.1_nonan.fits.gz
200	https://irsa.ipac.caltech.edu/data/SPITZER/S4G/galaxies/UGC06628/P4/UGC06628.phot.1_nonan.fits.gz
200	https://irsa.ipac.caltech.edu/data/SPITZER/S4G/galaxies/UGC01133/P4/UGC01133.phot.1_nonan.fits.gz
200	https://irsa.ipac.caltech.edu/data/SPITZER/S4G/galaxies/UGC06670/P4/UGC06670.phot.1_nonan.fits.gz
200	https://irsa.ipac.caltech.edu/data/SPITZER/S4G/galaxies/UGC06713/P4/UGC06713.phot.1_nonan.fits.gz
200	https://irsa.ipac.caltech.edu/data/SPITZER/S4G/galaxies/UGC06747/P4/UGC06747.phot.1_nonan.fits.gz
200	https://irsa.ipac.caltech.edu/data/SPITZER/S4G/galaxies/UGC06774/P4/UGC06774.phot.1_nonan.fits.gz
200	https://irsa.ipac.caltech.edu/data/SPITZER/S4G/galaxies/UGC06682/P4/UGC06682.phot.1_nonan.fits.gz
200	https://irsa.ipac.caltech.edu/data/SPITZER/S4G/galaxies/UGC06667/P4/UGC06667.phot.1_nonan.fits.gz
200	https://irsa.ipac.caltech.edu/data/SPITZER/S4G/galaxies/UGC06773/P4/UGC06773.phot.1_nonan.fits.gz
200	https://irsa.ipac.caltech.edu/data/SPITZER/S4G/galaxies/UGC06791/P4/UGC06791.phot.1_nonan.fits.gz
200	https://irsa.ipac.caltech.edu/data/SPITZER/S4G/galaxies/UGC06782/P4/UGC06782.phot.1_nonan.fits.gz
200	https://irsa.ipac.caltech.edu/data/SPITZER/S4G/galaxies/NGC1367/P4/NGC1367.phot.1_nonan.fits.gz
200	https://irsa.ipac.caltech.edu/data/SPITZER/S4G/galaxies/UGC06780/P4/UGC06780.phot.1_nonan.fits.gz
200	https://irsa.ipac.caltech.edu/data/SPITZER/S4G/galaxies/NGC1386/P4/NGC1386.phot.1_nonan.fits.gz
200	https://irsa.ipac.caltech.edu/data/SPITZER/S4G/galaxies/NGC1385/P4/NGC1385.phot.1_nonan.fits.gz
200	https://irsa.ipac.caltech.edu/data/SPITZER/S4G/galaxies/NGC1389/P4/NGC1389.phot.1_nonan.fits.gz
200	https://irsa.ipac.caltech.edu/data/SPITZER/S4G/galaxies/NGC1390/P4/NGC1390.phot.1_nonan.fits.gz
200	https://irsa.ipac.caltech.edu/data/SPITZER/S4G/galaxies/NGC1398/P4/NGC1398.phot.1_nonan.fits.gz
200	https://irsa.ipac.caltech.edu/data/SPITZER/S4G/galaxies/NGC1406/P4/NGC1406.phot.1_nonan.fits.gz
200	https://irsa.ipac.caltech.edu/data/SPITZER/S4G/galaxies/NGC1411/P4/NGC1411.phot.1_nonan.fits.gz
200	https://irsa.ipac.caltech.edu/data/SPITZER/S4G/galaxies/NGC1414/P4/NGC1414.phot.1_nonan.fits.gz
200	https://irsa.ipac.caltech.edu/data/SPITZER/S4G/galaxies/NGC1415/P4/NGC1415.phot.1_nonan.fits.gz
200	https://irsa.ipac.caltech.edu/data/SPITZER/S4G/galaxies/NGC4948/P4/NGC4948.phot.1_nonan.fits.gz
200	https://irsa.ipac.caltech.edu/data/SPITZER/S4G/galaxies/NGC4942/P4/NGC4942.phot.1_nonan.fits.gz
200	https://irsa.ipac.caltech.edu/data/SPITZER/S4G/galaxies/NGC4064/P4/NGC4064.phot.1_nonan.fits.gz
200	https://irsa.ipac.caltech.edu/data/SPITZER/S4G/galaxies/NGC4948A/P4/NGC4948A.phot.1_nonan.fits.gz
200	https://irsa.ipac.caltech.edu/data/SPITZER/S4G/galaxies/NGC4068/P4/NGC4068.phot.1_nonan.fits.gz
200	https://irsa.ipac.caltech.edu/data/SPITZER/S4G/galaxies/NGC4067/P4/NGC4067.phot.1_nonan.fits.gz
200	https://irsa.ipac.caltech.edu/data/SPITZER/S4G/galaxies/NGC4080/P4/NGC4080.phot.1_nonan.fits.gz
200	https://irsa.ipac.caltech.edu/data/SPITZER/S4G/galaxies/NGC4088/P4/NGC4088.phot.1_nonan.fits.gz
200	https://irsa.ipac.caltech.edu/data/SPITZER/S4G/galaxies/NGC4085/P4/NGC4085.phot.1_nonan.fits.gz
200	https://irsa.ipac.caltech.edu/data/SPITZER/S4G/galaxies/NGC4081/P4/NGC4081.phot.1_nonan.fits.gz
200	https://irsa.ipac.caltech.edu/data/SPITZER/S4G/galaxies/NGC4094/P4/NGC4094.phot.1_nonan.fits.gz
200	https://irsa.ipac.caltech.edu/data/SPITZER/S4G/galaxies/NGC4096/P4/NGC4096.phot.1_nonan.fits.gz
200	https://irsa.ipac.caltech.edu/data/SPITZER/S4G/galaxies/NGC4102/P4/NGC4102.phot.1_nonan.fits.gz
200	https://irsa.ipac.caltech.edu/data/SPITZER/S4G/galaxies/NGC4100/P4/NGC4100.phot.1_nonan.fits.gz
200	https://irsa.ipac.caltech.edu/data/SPITZER/S4G/galaxies/NGC4105/P4/NGC4105.phot.1_nonan.fits.gz
200	https://irsa.ipac.caltech.edu/data/SPITZER/S4G/galaxies/NGC4569/P4/NGC4569.phot.1_nonan.fits.gz
200	https://irsa.ipac.caltech.edu/data/SPITZER/S4G/galaxies/NGC4571/P4/NGC4571.phot.1_nonan.fits.gz
200	https://irsa.ipac.caltech.edu/data/SPITZER/S4G/galaxies/NGC4951/P4/NGC4951.phot.1_nonan.fits.gz
200	https://irsa.ipac.caltech.edu/data/SPITZER/S4G/galaxies/NGC4958/P4/NGC4958.phot.1_nonan.fits.gz
200	https://irsa.ipac.caltech.edu/data/SPITZER/S4G/galaxies/NGC4961/P4/NGC4961.phot.1_nonan.fits.gz
200	https://irsa.ipac.caltech.edu/data/SPITZER/S4G/galaxies/NGC4965/P4/NGC4965.phot.1_nonan.fits.gz
200	https://irsa.ipac.caltech.edu/data/SPITZER/S4G/galaxies/NGC4980/P4/NGC4980.phot.1_nonan.fits.gz
200	https://irsa.ipac.caltech.edu/data/SPITZER/S4G/galaxies/NGC4981/P4/NGC4981.phot.1_nonan.fits.gz
200	https://irsa.ipac.caltech.edu/data/SPITZER/S4G/galaxies/NGC4984/P4/NGC4984.phot.1_nonan.fits.gz
200	https://irsa.ipac.caltech.edu/data/SPITZER/S4G/galaxies/NGC4995/P4/NGC4995.phot.1_nonan.fits.gz
200	https://irsa.ipac.caltech.edu/data/SPITZER/S4G/galaxies/NGC5002/P4/NGC5002.phot.1_nonan.fits.gz
200	https://irsa.ipac.caltech.edu/data/SPITZER/S4G/galaxies/NGC5005/P4/NGC5005.phot.1_nonan.fits.gz
200	https://irsa.ipac.caltech.edu/data/SPITZER/S4G/galaxies/NGC5930/P4/NGC5930.phot.1_nonan.fits.gz
200	https://irsa.ipac.caltech.edu/data/SPITZER/S4G/galaxies/NGC5937/P4/NGC5937.phot.1_nonan.fits.gz
200	https://irsa.ipac.caltech.edu/data/SPITZER/S4G/galaxies/NGC5949/P4/NGC5949.phot.1_nonan.fits.gz
200	https://irsa.ipac.caltech.edu/data/SPITZER/S4G/galaxies/NGC6902/P4/NGC6902.phot.1_nonan.fits.gz
200	https://irsa.ipac.caltech.edu/data/SPITZER/S4G/galaxies/NGC6902B/P4/NGC6902B.phot.1_nonan.fits.gz
200	https://irsa.ipac.caltech.edu/data/SPITZER/S4G/galaxies/NGC6923/P4/NGC6923.phot.1_nonan.fits.gz
200	https://irsa.ipac.caltech.edu/data/SPITZER/S4G/galaxies/NGC6925/P4/NGC6925.phot.1_nonan.fits.gz
200	https://irsa.ipac.caltech.edu/data/SPITZER/S4G/galaxies/NGC7051/P4/NGC7051.phot.1_nonan.fits.gz
404	https://irsa.ipac.caltech.edu/data/SPITZER/S4G/galaxies/NGC4125/P4/NGC4125.phot.1_nonan.fits.gz
404	https://irsa.ipac.caltech.edu/data/SPITZER/S4G/galaxies/UGC09112/P4/UGC09112.phot.1_nonan.fits.gz
404	https://irsa.ipac.caltech.edu/data/SPITZER/S4G/galaxies/UGC09251/P4/UGC09251.phot.1_nonan.fits.gz
404	https://irsa.ipac.caltech.edu/data/SPITZER/S4G/galaxies/UGC09285/P4/UGC09285.phot.1_nonan.fits.gz
404	https://irsa.ipac.caltech.edu/data/SPITZER/S4G/galaxies/UGC09355/P4/UGC09355.phot.1_nonan.fits.gz
404	https://irsa.ipac.caltech.edu/data/SPITZER/S4G/galaxies/UGC09405/P4/UGC09405.phot.1_nonan.fits.gz
404	https://irsa.ipac.caltech.edu/data/SPITZER/S4G/galaxies/UGC09432/P4/UGC09432.phot.1_nonan.fits.gz
404	https://irsa.ipac.caltech.edu/data/SPITZER/S4G/galaxies/UGC09504/P4/UGC09504.phot.1_nonan.fits.gz
404	https://irsa.ipac.caltech.edu/data/SPITZER/S4G/galaxies/UGC09637/P4/UGC09637.phot.1_nonan.fits.gz
404	https://irsa.ipac.caltech.edu/data/SPITZER/S4G/galaxies/UGC09741/P4/UGC09741.phot.1_nonan.fits.gz
404	https://irsa.ipac.caltech.edu/data/SPITZER/S4G/galaxies/UGC09827/P4/UGC09827.phot.1_nonan.fits.gz
404	https://irsa.ipac.caltech.edu/data/SPITZER/S4G/galaxies/UGC10125/P4/UGC10125.phot.1_nonan.fits.gz
404	https://irsa.ipac.caltech.edu/data/SPITZER/S4G/galaxies/UGC10369/P4/UGC10369.phot.1_nonan.fits.gz
404	https://irsa.ipac.caltech.edu/data/SPITZER/S4G/galaxies/UGC10589/P4/UGC10589.phot.1_nonan.fits.gz
404	https://irsa.ipac.caltech.edu/data/SPITZER/S4G/galaxies/UGC10625/P4/UGC10625.phot.1_nonan.fits.gz
404	https://irsa.ipac.caltech.edu/data/SPITZER/S4G/galaxies/NGC4119/P4/NGC4119.phot.1_nonan.fits.gz
404	https://irsa.ipac.caltech.edu/data/SPITZER/S4G/galaxies/NGC4128/P4/NGC4128.phot.1_nonan.fits.gz
404	https://irsa.ipac.caltech.edu/data/SPITZER/S4G/galaxies/NGC4143/P4/NGC4143.phot.1_nonan.fits.gz
404	https://irsa.ipac.caltech.edu/data/SPITZER/S4G/galaxies/NGC4150/P4/NGC4150.phot.1_nonan.fits.gz
404	https://irsa.ipac.caltech.edu/data/SPITZER/S4G/galaxies/NGC4168/P4/NGC4168.phot.1_nonan.fits.gz
404	https://irsa.ipac.caltech.edu/data/SPITZER/S4G/galaxies/NGC4179/P4/NGC4179.phot.1_nonan.fits.gz
200	https://irsa.ipac.caltech.edu/data/SPITZER/S4G/galaxies/NGC4572/P4/NGC4572.phot.1_nonan.fits.gz
404	https://irsa.ipac.caltech.edu/data/SPITZER/S4G/galaxies/NGC4191/P4/NGC4191.phot.1_nonan.fits.gz
200	https://irsa.ipac.caltech.edu/data/SPITZER/S4G/galaxies/NGC4579/P4/NGC4579.phot.1_nonan.fits.gz
200	https://irsa.ipac.caltech.edu/data/SPITZER/S4G/galaxies/NGC4580/P4/NGC4580.phot.1_nonan.fits.gz
200	https://irsa.ipac.caltech.edu/data/SPITZER/S4G/galaxies/NGC4586/P4/NGC4586.phot.1_nonan.fits.gz
200	https://irsa.ipac.caltech.edu/data/SPITZER/S4G/galaxies/NGC4584/P4/NGC4584.phot.1_nonan.fits.gz
200	https://irsa.ipac.caltech.edu/data/SPITZER/S4G/galaxies/NGC4591/P4/NGC4591.phot.1_nonan.fits.gz
200	https://irsa.ipac.caltech.edu/data/SPITZER/S4G/galaxies/NGC4592/P4/NGC4592.phot.1_nonan.fits.gz
200	https://irsa.ipac.caltech.edu/data/SPITZER/S4G/galaxies/NGC4593/P4/NGC4593.phot.1_nonan.fits.gz
200	https://irsa.ipac.caltech.edu/data/SPITZER/S4G/galaxies/NGC4594/P4/NGC4594.phot.1_nonan.fits.gz
200	https://irsa.ipac.caltech.edu/data/SPITZER/S4G/galaxies/NGC4595/P4/NGC4595.phot.1_nonan.fits.gz
200	https://irsa.ipac.caltech.edu/data/SPITZER/S4G/galaxies/PGC006228/P4/PGC006228.phot.1_nonan.fits.gz
200	https://irsa.ipac.caltech.edu/data/SPITZER/S4G/galaxies/NGC4596/P4/NGC4596.phot.1_nonan.fits.gz
200	https://irsa.ipac.caltech.edu/data/SPITZER/S4G/galaxies/PGC006244/P4/PGC006244.phot.1_nonan.fits.gz
200	https://irsa.ipac.caltech.edu/data/SPITZER/S4G/galaxies/UGC06792/P4/UGC06792.phot.1_nonan.fits.gz
200	https://irsa.ipac.caltech.edu/data/SPITZER/S4G/galaxies/NGC4331/P4/NGC4331.phot.1_nonan.fits.gz
200	https://irsa.ipac.caltech.edu/data/SPITZER/S4G/galaxies/NGC4330/P4/NGC4330.phot.1_nonan.fits.gz
200	https://irsa.ipac.caltech.edu/data/SPITZER/S4G/galaxies/NGC4324/P4/NGC4324.phot.1_nonan.fits.gz
200	https://irsa.ipac.caltech.edu/data/SPITZER/S4G/galaxies/NGC4336/P4/NGC4336.phot.1_nonan.fits.gz
200	https://irsa.ipac.caltech.edu/data/SPITZER/S4G/galaxies/NGC4346/P4/NGC4346.phot.1_nonan.fits.gz
200	https://irsa.ipac.caltech.edu/data/SPITZER/S4G/galaxies/NGC4343/P4/NGC4343.phot.1_nonan.fits.gz
200	https://irsa.ipac.caltech.edu/data/SPITZER/S4G/galaxies/NGC4344/P4/NGC4344.phot.1_nonan.fits.gz
200	https://irsa.ipac.caltech.edu/data/SPITZER/S4G/galaxies/NGC4348/P4/NGC4348.phot.1_nonan.fits.gz
200	https://irsa.ipac.caltech.edu/data/SPITZER/S4G/galaxies/NGC4353/P4/NGC4353.phot.1_nonan.fits.gz
200	https://irsa.ipac.caltech.edu/data/SPITZER/S4G/galaxies/NGC4355/P4/NGC4355.phot.1_nonan.fits.gz
200	https://irsa.ipac.caltech.edu/data/SPITZER/S4G/galaxies/NGC4351/P4/NGC4351.phot.1_nonan.fits.gz
200	https://irsa.ipac.caltech.edu/data/SPITZER/S4G/galaxies/NGC4356/P4/NGC4356.phot.1_nonan.fits.gz
200	https://irsa.ipac.caltech.edu/data/SPITZER/S4G/galaxies/NGC5950/P4/NGC5950.phot.1_nonan.fits.gz
200	https://irsa.ipac.caltech.edu/data/SPITZER/S4G/galaxies/NGC5953/P4/NGC5953.phot.1_nonan.fits.gz
200	https://irsa.ipac.caltech.edu/data/SPITZER/S4G/galaxies/NGC5951/P4/NGC5951.phot.1_nonan.fits.gz
200	https://irsa.ipac.caltech.edu/data/SPITZER/S4G/galaxies/NGC5954/P4/NGC5954.phot.1_nonan.fits.gz
200	https://irsa.ipac.caltech.edu/data/SPITZER/S4G/galaxies/NGC5957/P4/NGC5957.phot.1_nonan.fits.gz
200	https://irsa.ipac.caltech.edu/data/SPITZER/S4G/galaxies/NGC5958/P4/NGC5958.phot.1_nonan.fits.gz
200	https://irsa.ipac.caltech.edu/data/SPITZER/S4G/galaxies/NGC5956/P4/NGC5956.phot.1_nonan.fits.gz
200	https://irsa.ipac.caltech.edu/data/SPITZER/S4G/galaxies/NGC5962/P4/NGC5962.phot.1_nonan.fits.gz
200	https://irsa.ipac.caltech.edu/data/SPITZER/S4G/galaxies/UGC08658/P4/UGC08658.phot.1_nonan.fits.gz
200	https://irsa.ipac.caltech.edu/data/SPITZER/S4G/galaxies/NGC5964/P4/NGC5964.phot.1_nonan.fits.gz
200	https://irsa.ipac.caltech.edu/data/SPITZER/S4G/galaxies/NGC5963/P4/NGC5963.phot.1_nonan.fits.gz
200	https://irsa.ipac.caltech.edu/data/SPITZER/S4G/galaxies/UGC08662/P4/UGC08662.phot.1_nonan.fits.gz
200	https://irsa.ipac.caltech.edu/data/SPITZER/S4G/galaxies/UGC08684/P4/UGC08684.phot.1_nonan.fits.gz
404	https://irsa.ipac.caltech.edu/data/SPITZER/S4G/galaxies/NGC4200/P4/NGC4200.phot.1_nonan.fits.gz
200	https://irsa.ipac.caltech.edu/data/SPITZER/S4G/galaxies/UGC08688/P4/UGC08688.phot.1_nonan.fits.gz
404	https://irsa.ipac.caltech.edu/data/SPITZER/S4G/galaxies/NGC4215/P4/NGC4215.phot.1_nonan.fits.gz
404	https://irsa.ipac.caltech.edu/data/SPITZER/S4G/galaxies/NGC4233/P4/NGC4233.phot.1_nonan.fits.gz
404	https://irsa.ipac.caltech.edu/data/SPITZER/S4G/galaxies/NGC4221/P4/NGC4221.phot.1_nonan.fits.gz
404	https://irsa.ipac.caltech.edu/data/SPITZER/S4G/galaxies/NGC4239/P4/NGC4239.phot.1_nonan.fits.gz
404	https://irsa.ipac.caltech.edu/data/SPITZER/S4G/galaxies/NGC4240/P4/NGC4240.phot.1_nonan.fits.gz
404	https://irsa.ipac.caltech.edu/data/SPITZER/S4G/galaxies/PGC046852/P4/PGC046852.phot.1_nonan.fits.gz
404	https://irsa.ipac.caltech.edu/data/SPITZER/S4G/galaxies/PGC046567/P4/PGC046567.phot.1_nonan.fits.gz
404	https://irsa.ipac.caltech.edu/data/SPITZER/S4G/galaxies/PGC047289/P4/PGC047289.phot.1_nonan.fits.gz
404	https://irsa.ipac.caltech.edu/data/SPITZER/S4G/galaxies/PGC047770/P4/PGC047770.phot.1_nonan.fits.gz
404	https://irsa.ipac.caltech.edu/data/SPITZER/S4G/galaxies/PGC051753/P4/PGC051753.phot.1_nonan.fits.gz
404	https://irsa.ipac.caltech.edu/data/SPITZER/S4G/galaxies/PGC048085/P4/PGC048085.phot.1_nonan.fits.gz
404	https://irsa.ipac.caltech.edu/data/SPITZER/S4G/galaxies/PGC053654/P4/PGC053654.phot.1_nonan.fits.gz
200	https://irsa.ipac.caltech.edu/data/SPITZER/S4G/galaxies/PGC006626/P4/PGC006626.phot.1_nonan.fits.gz
200	https://irsa.ipac.caltech.edu/data/SPITZER/S4G/galaxies/PGC006667/P4/PGC006667.phot.1_nonan.fits.gz
200	https://irsa.ipac.caltech.edu/data/SPITZER/S4G/galaxies/PGC006703/P4/PGC006703.phot.1_nonan.fits.gz
200	https://irsa.ipac.caltech.edu/data/SPITZER/S4G/galaxies/PGC006706/P4/PGC006706.phot.1_nonan.fits.gz
200	https://irsa.ipac.caltech.edu/data/SPITZER/S4G/galaxies/PGC006864/P4/PGC006864.phot.1_nonan.fits.gz
200	https://irsa.ipac.caltech.edu/data/SPITZER/S4G/galaxies/PGC006898/P4/PGC006898.phot.1_nonan.fits.gz
200	https://irsa.ipac.caltech.edu/data/SPITZER/S4G/galaxies/PGC007109/P4/PGC007109.phot.1_nonan.fits.gz
200	https://irsa.ipac.caltech.edu/data/SPITZER/S4G/galaxies/PGC007324/P4/PGC007324.phot.1_nonan.fits.gz
200	https://irsa.ipac.caltech.edu/data/SPITZER/S4G/galaxies/PGC007654/P4/PGC007654.phot.1_nonan.fits.gz
200	https://irsa.ipac.caltech.edu/data/SPITZER/S4G/galaxies/PGC007900/P4/PGC007900.phot.1_nonan.fits.gz
200	https://irsa.ipac.caltech.edu/data/SPITZER/S4G/galaxies/PGC007682/P4/PGC007682.phot.1_nonan.fits.gz
200	https://irsa.ipac.caltech.edu/data/SPITZER/S4G/galaxies/UGC01945/P4/UGC01945.phot.1_nonan.fits.gz
200	https://irsa.ipac.caltech.edu/data/SPITZER/S4G/galaxies/UGC01970/P4/UGC01970.phot.1_nonan.fits.gz
200	https://irsa.ipac.caltech.edu/data/SPITZER/S4G/galaxies/NGC4359/P4/NGC4359.phot.1_nonan.fits.gz
200	https://irsa.ipac.caltech.edu/data/SPITZER/S4G/galaxies/UGC01981/P4/UGC01981.phot.1_nonan.fits.gz
200	https://irsa.ipac.caltech.edu/data/SPITZER/S4G/galaxies/UGC07522/P4/UGC07522.phot.1_nonan.fits.gz
200	https://irsa.ipac.caltech.edu/data/SPITZER/S4G/galaxies/UGC07534/P4/UGC07534.phot.1_nonan.fits.gz
200	https://irsa.ipac.caltech.edu/data/SPITZER/S4G/galaxies/UGC07557/P4/UGC07557.phot.1_nonan.fits.gz
200	https://irsa.ipac.caltech.edu/data/SPITZER/S4G/galaxies/UGC07559/P4/UGC07559.phot.1_nonan.fits.gz
200	https://irsa.ipac.caltech.edu/data/SPITZER/S4G/galaxies/UGC07577/P4/UGC07577.phot.1_nonan.fits.gz
200	https://irsa.ipac.caltech.edu/data/SPITZER/S4G/galaxies/UGC07579/P4/UGC07579.phot.1_nonan.fits.gz
200	https://irsa.ipac.caltech.edu/data/SPITZER/S4G/galaxies/UGC07590/P4/UGC07590.phot.1_nonan.fits.gz
200	https://irsa.ipac.caltech.edu/data/SPITZER/S4G/galaxies/UGC07596/P4/UGC07596.phot.1_nonan.fits.gz
200	https://irsa.ipac.caltech.edu/data/SPITZER/S4G/galaxies/UGC07605/P4/UGC07605.phot.1_nonan.fits.gz
200	https://irsa.ipac.caltech.edu/data/SPITZER/S4G/galaxies/UGC07599/P4/UGC07599.phot.1_nonan.fits.gz
200	https://irsa.ipac.caltech.edu/data/SPITZER/S4G/galaxies/UGC07608/P4/UGC07608.phot.1_nonan.fits.gz
200	https://irsa.ipac.caltech.edu/data/SPITZER/S4G/galaxies/UGC07612/P4/UGC07612.phot.1_nonan.fits.gz
200	https://irsa.ipac.caltech.edu/data/SPITZER/S4G/galaxies/UGC08693/P4/UGC08693.phot.1_nonan.fits.gz
200	https://irsa.ipac.caltech.edu/data/SPITZER/S4G/galaxies/UGC07639/P4/UGC07639.phot.1_nonan.fits.gz
200	https://irsa.ipac.caltech.edu/data/SPITZER/S4G/galaxies/UGC08726/P4/UGC08726.phot.1_nonan.fits.gz
200	https://irsa.ipac.caltech.edu/data/SPITZER/S4G/galaxies/UGC08733/P4/UGC08733.phot.1_nonan.fits.gz
200	https://irsa.ipac.caltech.edu/data/SPITZER/S4G/galaxies/UGC08737/P4/UGC08737.phot.1_nonan.fits.gz
200	https://irsa.ipac.caltech.edu/data/SPITZER/S4G/galaxies/UGC08756/P4/UGC08756.phot.1_nonan.fits.gz
200	https://irsa.ipac.caltech.edu/data/SPITZER/S4G/galaxies/UGC08760/P4/UGC08760.phot.1_nonan.fits.gz
200	https://irsa.ipac.caltech.edu/data/SPITZER/S4G/galaxies/UGC08795/P4/UGC08795.phot.1_nonan.fits.gz
200	https://irsa.ipac.caltech.edu/data/SPITZER/S4G/galaxies/UGC08839/P4/UGC08839.phot.1_nonan.fits.gz
200	https://irsa.ipac.caltech.edu/data/SPITZER/S4G/galaxies/UGC08837/P4/UGC08837.phot.1_nonan.fits.gz
200	https://irsa.ipac.caltech.edu/data/SPITZER/S4G/galaxies/NGC7241/P4/NGC7241.phot.1_nonan.fits.gz
200	https://irsa.ipac.caltech.edu/data/SPITZER/S4G/galaxies/NGC7247/P4/NGC7247.phot.1_nonan.fits.gz
200	https://irsa.ipac.caltech.edu/data/SPITZER/S4G/galaxies/NGC7254/P4/NGC7254.phot.1_nonan.fits.gz
200	https://irsa.ipac.caltech.edu/data/SPITZER/S4G/galaxies/NGC7280/P4/NGC7280.phot.1_nonan.fits.gz
404	https://irsa.ipac.caltech.edu/data/SPITZER/S4G/galaxies/PGC056772/P4/PGC056772.phot.1_nonan.fits.gz
404	https://irsa.ipac.caltech.edu/data/SPITZER/S4G/galaxies/PGC068401/P4/PGC068401.phot.1_nonan.fits.gz
404	https://irsa.ipac.caltech.edu/data/SPITZER/S4G/galaxies/PGC068743/P4/PGC068743.phot.1_nonan.fits.gz
404	https://irsa.ipac.caltech.edu/data/SPITZER/S4G/galaxies/PGC083905/P4/PGC083905.phot.1_nonan.fits.gz
404	https://irsa.ipac.caltech.edu/data/SPITZER/S4G/galaxies/PGC093119/P4/PGC093119.phot.1_nonan.fits.gz
404	https://irsa.ipac.caltech.edu/data/SPITZER/S4G/galaxies/PGC088608/P4/PGC088608.phot.1_nonan.fits.gz
404	https://irsa.ipac.caltech.edu/data/SPITZER/S4G/galaxies/PGC129874/P4/PGC129874.phot.1_nonan.fits.gz
404	https://irsa.ipac.caltech.edu/data/SPITZER/S4G/galaxies/NGC4218/P4/NGC4218.phot.1_nonan.fits.gz
404	https://irsa.ipac.caltech.edu/data/SPITZER/S4G/galaxies/NGC4266/P4/NGC4266.phot.1_nonan.fits.gz
404	https://irsa.ipac.caltech.edu/data/SPITZER/S4G/galaxies/NGC4300/P4/NGC4300.phot.1_nonan.fits.gz
404	https://irsa.ipac.caltech.edu/data/SPITZER/S4G/galaxies/NGC4305/P4/NGC4305.phot.1_nonan.fits.gz
404	https://irsa.ipac.caltech.edu/data/SPITZER/S4G/galaxies/NGC4332/P4/NGC4332.phot.1_nonan.fits.gz
404	https://irsa.ipac.caltech.edu/data/SPITZER/S4G/galaxies/NGC4431/P4/NGC4431.phot.1_nonan.fits.gz
404	https://irsa.ipac.caltech.edu/data/SPITZER/S4G/galaxies/NGC4433/P4/NGC4433.phot.1_nonan.fits.gz
200	https://irsa.ipac.caltech.edu/data/SPITZER/S4G/galaxies/UGC01999/P4/UGC01999.phot.1_nonan.fits.gz
200	https://irsa.ipac.caltech.edu/data/SPITZER/S4G/galaxies/UGC02081/P4/UGC02081.phot.1_nonan.fits.gz
200	https://irsa.ipac.caltech.edu/data/SPITZER/S4G/galaxies/UGC02275/P4/UGC02275.phot.1_nonan.fits.gz
200	https://irsa.ipac.caltech.edu/data/SPITZER/S4G/galaxies/UGC02082/P4/UGC02082.phot.1_nonan.fits.gz
200	https://irsa.ipac.caltech.edu/data/SPITZER/S4G/galaxies/UGC02302/P4/UGC02302.phot.1_nonan.fits.gz
200	https://irsa.ipac.caltech.edu/data/SPITZER/S4G/galaxies/UGC02345/P4/UGC02345.phot.1_nonan.fits.gz
200	https://irsa.ipac.caltech.edu/data/SPITZER/S4G/galaxies/UGC02443/P4/UGC02443.phot.1_nonan.fits.gz
200	https://irsa.ipac.caltech.edu/data/SPITZER/S4G/galaxies/UGC02429/P4/UGC02429.phot.1_nonan.fits.gz
200	https://irsa.ipac.caltech.edu/data/SPITZER/S4G/galaxies/UGC03070/P4/UGC03070.phot.1_nonan.fits.gz
200	https://irsa.ipac.caltech.edu/data/SPITZER/S4G/galaxies/UGC04024/P4/UGC04024.phot.1_nonan.fits.gz
200	https://irsa.ipac.caltech.edu/data/SPITZER/S4G/galaxies/UGC06930/P4/UGC06930.phot.1_nonan.fits.gz
200	https://irsa.ipac.caltech.edu/data/SPITZER/S4G/galaxies/UGC06931/P4/UGC06931.phot.1_nonan.fits.gz
200	https://irsa.ipac.caltech.edu/data/SPITZER/S4G/galaxies/UGC06955/P4/UGC06955.phot.1_nonan.fits.gz
404	https://irsa.ipac.caltech.edu/data/SPITZER/S4G/galaxies/ESO201-014/P4/ESO201-014.phot.1_nonan.fits.gz
404	https://irsa.ipac.caltech.edu/data/SPITZER/S4G/galaxies/ESO233-035/P4/ESO233-035.phot.1_nonan.fits.gz
404	https://irsa.ipac.caltech.edu/data/SPITZER/S4G/galaxies/ESO235-051/P4/ESO235-051.phot.1_nonan.fits.gz
404	https://irsa.ipac.caltech.edu/data/SPITZER/S4G/galaxies/ESO247-010/P4/ESO247-010.phot.1_nonan.fits.gz
404	https://irsa.ipac.caltech.edu/data/SPITZER/S4G/galaxies/ESO250-005/P4/ESO250-005.phot.1_nonan.fits.gz
404	https://irsa.ipac.caltech.edu/data/SPITZER/S4G/galaxies/ESO286-050/P4/ESO286-050.phot.1_nonan.fits.gz
404	https://irsa.ipac.caltech.edu/data/SPITZER/S4G/galaxies/ESO289-004/P4/ESO289-004.phot.1_nonan.fits.gz
404	https://irsa.ipac.caltech.edu/data/SPITZER/S4G/galaxies/ESO301-009/P4/ESO301-009.phot.1_nonan.fits.gz
404	https://irsa.ipac.caltech.edu/data/SPITZER/S4G/galaxies/ESO302-006/P4/ESO302-006.phot.1_nonan.fits.gz
404	https://irsa.ipac.caltech.edu/data/SPITZER/S4G/galaxies/ESO302-008/P4/ESO302-008.phot.1_nonan.fits.gz
404	https://irsa.ipac.caltech.edu/data/SPITZER/S4G/galaxies/ESO346-025/P4/ESO346-025.phot.1_nonan.fits.gz
404	https://irsa.ipac.caltech.edu/data/SPITZER/S4G/galaxies/ESO351-030/P4/ESO351-030.phot.1_nonan.fits.gz
404	https://irsa.ipac.caltech.edu/data/SPITZER/S4G/galaxies/ESO356-004/P4/ESO356-004.phot.1_nonan.fits.gz
200	https://irsa.ipac.caltech.edu/data/SPITZER/S4G/galaxies/NGC7290/P4/NGC7290.phot.1_nonan.fits.gz
200	https://irsa.ipac.caltech.edu/data/SPITZER/S4G/galaxies/NGC7307/P4/NGC7307.phot.1_nonan.fits.gz
200	https://irsa.ipac.caltech.edu/data/SPITZER/S4G/galaxies/NGC7314/P4/NGC7314.phot.1_nonan.fits.gz
200	https://irsa.ipac.caltech.edu/data/SPITZER/S4G/galaxies/NGC7328/P4/NGC7328.phot.1_nonan.fits.gz
200	https://irsa.ipac.caltech.edu/data/SPITZER/S4G/galaxies/NGC7347/P4/NGC7347.phot.1_nonan.fits.gz
200	https://irsa.ipac.caltech.edu/data/SPITZER/S4G/galaxies/NGC7361/P4/NGC7361.phot.1_nonan.fits.gz
200	https://irsa.ipac.caltech.edu/data/SPITZER/S4G/galaxies/NGC7371/P4/NGC7371.phot.1_nonan.fits.gz
200	https://irsa.ipac.caltech.edu/data/SPITZER/S4G/galaxies/NGC7368/P4/NGC7368.phot.1_nonan.fits.gz
200	https://irsa.ipac.caltech.edu/data/SPITZER/S4G/galaxies/NGC7378/P4/NGC7378.phot.1_nonan.fits.gz
200	https://irsa.ipac.caltech.edu/data/SPITZER/S4G/galaxies/PGC053134/P4/PGC053134.phot.1_nonan.fits.gz
200	https://irsa.ipac.caltech.edu/data/SPITZER/S4G/galaxies/PGC053415/P4/PGC053415.phot.1_nonan.fits.gz
200	https://irsa.ipac.caltech.edu/data/SPITZER/S4G/galaxies/PGC053568/P4/PGC053568.phot.1_nonan.fits.gz
200	https://irsa.ipac.caltech.edu/data/SPITZER/S4G/galaxies/PGC053634/P4/PGC053634.phot.1_nonan.fits.gz
200	https://irsa.ipac.caltech.edu/data/SPITZER/S4G/galaxies/PGC053724/P4/PGC053724.phot.1_nonan.fits.gz
404	https://irsa.ipac.caltech.edu/data/SPITZER/S4G/galaxies/NGC4440/P4/NGC4440.phot.1_nonan.fits.gz
404	https://irsa.ipac.caltech.edu/data/SPITZER/S4G/galaxies/NGC4469/P4/NGC4469.phot.1_nonan.fits.gz
404	https://irsa.ipac.caltech.edu/data/SPITZER/S4G/galaxies/NGC4474/P4/NGC4474.phot.1_nonan.fits.gz
404	https://irsa.ipac.caltech.edu/data/SPITZER/S4G/galaxies/NGC4481/P4/NGC4481.phot.1_nonan.fits.gz
404	https://irsa.ipac.caltech.edu/data/SPITZER/S4G/galaxies/NGC4516/P4/NGC4516.phot.1_nonan.fits.gz
404	https://irsa.ipac.caltech.edu/data/SPITZER/S4G/galaxies/NGC4500/P4/NGC4500.phot.1_nonan.fits.gz
404	https://irsa.ipac.caltech.edu/data/SPITZER/S4G/galaxies/UGC10974/P4/UGC10974.phot.1_nonan.fits.gz
404	https://irsa.ipac.caltech.edu/data/SPITZER/S4G/galaxies/UGC10892/P4/UGC10892.phot.1_nonan.fits.gz
404	https://irsa.ipac.caltech.edu/data/SPITZER/S4G/galaxies/UGC10907/P4/UGC10907.phot.1_nonan.fits.gz
404	https://irsa.ipac.caltech.edu/data/SPITZER/S4G/galaxies/NGC4552/P4/NGC4552.phot.1_nonan.fits.gz
404	https://irsa.ipac.caltech.edu/data/SPITZER/S4G/galaxies/UGC11964/P4/UGC11964.phot.1_nonan.fits.gz
404	https://irsa.ipac.caltech.edu/data/SPITZER/S4G/galaxies/UGC12300/P4/UGC12300.phot.1_nonan.fits.gz
404	https://irsa.ipac.caltech.edu/data/SPITZER/S4G/galaxies/UGC12344/P4/UGC12344.phot.1_nonan.fits.gz
404	https://irsa.ipac.caltech.edu/data/SPITZER/S4G/galaxies/UGC12729/P4/UGC12729.phot.1_nonan.fits.gz
200	https://irsa.ipac.caltech.edu/data/SPITZER/S4G/galaxies/UGC06978/P4/UGC06978.phot.1_nonan.fits.gz
200	https://irsa.ipac.caltech.edu/data/SPITZER/S4G/galaxies/UGC06956/P4/UGC06956.phot.1_nonan.fits.gz
200	https://irsa.ipac.caltech.edu/data/SPITZER/S4G/galaxies/UGC06969/P4/UGC06969.phot.1_nonan.fits.gz
200	https://irsa.ipac.caltech.edu/data/SPITZER/S4G/galaxies/UGC06983/P4/UGC06983.phot.1_nonan.fits.gz
200	https://irsa.ipac.caltech.edu/data/SPITZER/S4G/galaxies/UGC07019/P4/UGC07019.phot.1_nonan.fits.gz
200	https://irsa.ipac.caltech.edu/data/SPITZER/S4G/galaxies/UGC07009/P4/UGC07009.phot.1_nonan.fits.gz
200	https://irsa.ipac.caltech.edu/data/SPITZER/S4G/galaxies/UGC07035/P4/UGC07035.phot.1_nonan.fits.gz
200	https://irsa.ipac.caltech.edu/data/SPITZER/S4G/galaxies/UGC07053/P4/UGC07053.phot.1_nonan.fits.gz
200	https://irsa.ipac.caltech.edu/data/SPITZER/S4G/galaxies/UGC07086/P4/UGC07086.phot.1_nonan.fits.gz
200	https://irsa.ipac.caltech.edu/data/SPITZER/S4G/galaxies/UGC07089/P4/UGC07089.phot.1_nonan.fits.gz
200	https://irsa.ipac.caltech.edu/data/SPITZER/S4G/galaxies/UGC10721/P4/UGC10721.phot.1_nonan.fits.gz
200	https://irsa.ipac.caltech.edu/data/SPITZER/S4G/galaxies/UGC10736/P4/UGC10736.phot.1_nonan.fits.gz
200	https://irsa.ipac.caltech.edu/data/SPITZER/S4G/galaxies/UGC10791/P4/UGC10791.phot.1_nonan.fits.gz
404	https://irsa.ipac.caltech.edu/data/SPITZER/S4G/galaxies/ESO358-006/P4/ESO358-006.phot.1_nonan.fits.gz
200	https://irsa.ipac.caltech.edu/data/SPITZER/S4G/galaxies/UGC10803/P4/UGC10803.phot.1_nonan.fits.gz
200	https://irsa.ipac.caltech.edu/data/SPITZER/S4G/galaxies/PGC027825/P4/PGC027825.phot.1_nonan.fits.gz
200	https://irsa.ipac.caltech.edu/data/SPITZER/S4G/galaxies/PGC027833/P4/PGC027833.phot.1_nonan.fits.gz
200	https://irsa.ipac.caltech.edu/data/SPITZER/S4G/galaxies/PGC028380/P4/PGC028380.phot.1_nonan.fits.gz
200	https://irsa.ipac.caltech.edu/data/SPITZER/S4G/galaxies/PGC028308/P4/PGC028308.phot.1_nonan.fits.gz
200	https://irsa.ipac.caltech.edu/data/SPITZER/S4G/galaxies/PGC029086/P4/PGC029086.phot.1_nonan.fits.gz
200	https://irsa.ipac.caltech.edu/data/SPITZER/S4G/galaxies/PGC029466/P4/PGC029466.phot.1_nonan.fits.gz
200	https://irsa.ipac.caltech.edu/data/SPITZER/S4G/galaxies/PGC029653/P4/PGC029653.phot.1_nonan.fits.gz
200	https://irsa.ipac.caltech.edu/data/SPITZER/S4G/galaxies/PGC029300/P4/PGC029300.phot.1_nonan.fits.gz
200	https://irsa.ipac.caltech.edu/data/SPITZER/S4G/galaxies/PGC030591/P4/PGC030591.phot.1_nonan.fits.gz
200	https://irsa.ipac.caltech.edu/data/SPITZER/S4G/galaxies/PGC032091/P4/PGC032091.phot.1_nonan.fits.gz
200	https://irsa.ipac.caltech.edu/data/SPITZER/S4G/galaxies/PGC031979/P4/PGC031979.phot.1_nonan.fits.gz
200	https://irsa.ipac.caltech.edu/data/SPITZER/S4G/galaxies/PGC032548/P4/PGC032548.phot.1_nonan.fits.gz
200	https://irsa.ipac.caltech.edu/data/SPITZER/S4G/galaxies/PGC035271/P4/PGC035271.phot.1_nonan.fits.gz
200	https://irsa.ipac.caltech.edu/data/SPITZER/S4G/galaxies/PGC053764/P4/PGC053764.phot.1_nonan.fits.gz
200	https://irsa.ipac.caltech.edu/data/SPITZER/S4G/galaxies/PGC053796/P4/PGC053796.phot.1_nonan.fits.gz
200	https://irsa.ipac.caltech.edu/data/SPITZER/S4G/galaxies/PGC053779/P4/PGC053779.phot.1_nonan.fits.gz
200	https://irsa.ipac.caltech.edu/data/SPITZER/S4G/galaxies/PGC054817/P4/PGC054817.phot.1_nonan.fits.gz
200	https://irsa.ipac.caltech.edu/data/SPITZER/S4G/galaxies/PGC054944/P4/PGC054944.phot.1_nonan.fits.gz
200	https://irsa.ipac.caltech.edu/data/SPITZER/S4G/galaxies/PGC065367/P4/PGC065367.phot.1_nonan.fits.gz
200	https://irsa.ipac.caltech.edu/data/SPITZER/S4G/galaxies/PGC066242/P4/PGC066242.phot.1_nonan.fits.gz
200	https://irsa.ipac.caltech.edu/data/SPITZER/S4G/galaxies/PGC066559/P4/PGC066559.phot.1_nonan.fits.gz
200	https://irsa.ipac.caltech.edu/data/SPITZER/S4G/galaxies/UGC05897/P4/UGC05897.phot.1_nonan.fits.gz
200	https://irsa.ipac.caltech.edu/data/SPITZER/S4G/galaxies/UGC05898/P4/UGC05898.phot.1_nonan.fits.gz
200	https://irsa.ipac.caltech.edu/data/SPITZER/S4G/galaxies/UGC05846/P4/UGC05846.phot.1_nonan.fits.gz
200	https://irsa.ipac.caltech.edu/data/SPITZER/S4G/galaxies/UGC10806/P4/UGC10806.phot.1_nonan.fits.gz
200	https://irsa.ipac.caltech.edu/data/SPITZER/S4G/galaxies/UGC05918/P4/UGC05918.phot.1_nonan.fits.gz
200	https://irsa.ipac.caltech.edu/data/SPITZER/S4G/galaxies/UGC05921/P4/UGC05921.phot.1_nonan.fits.gz
200	https://irsa.ipac.caltech.edu/data/SPITZER/S4G/galaxies/UGC10887/P4/UGC10887.phot.1_nonan.fits.gz
200	https://irsa.ipac.caltech.edu/data/SPITZER/S4G/galaxies/UGC11782/P4/UGC11782.phot.1_nonan.fits.gz
200	https://irsa.ipac.caltech.edu/data/SPITZER/S4G/galaxies/UGC11921/P4/UGC11921.phot.1_nonan.fits.gz
200	https://irsa.ipac.caltech.edu/data/SPITZER/S4G/galaxies/UGC12054/P4/UGC12054.phot.1_nonan.fits.gz
200	https://irsa.ipac.caltech.edu/data/SPITZER/S4G/galaxies/UGC12151/P4/UGC12151.phot.1_nonan.fits.gz
200	https://irsa.ipac.caltech.edu/data/SPITZER/S4G/galaxies/UGC12010/P4/UGC12010.phot.1_nonan.fits.gz
200	https://irsa.ipac.caltech.edu/data/SPITZER/S4G/galaxies/PGC007998/P4/PGC007998.phot.1_nonan.fits.gz
200	https://irsa.ipac.caltech.edu/data/SPITZER/S4G/galaxies/UGC10854/P4/UGC10854.phot.1_nonan.fits.gz
200	https://irsa.ipac.caltech.edu/data/SPITZER/S4G/galaxies/UGC12178/P4/UGC12178.phot.1_nonan.fits.gz
200	https://irsa.ipac.caltech.edu/data/SPITZER/S4G/galaxies/PGC008962/P4/PGC008962.phot.1_nonan.fits.gz
200	https://irsa.ipac.caltech.edu/data/SPITZER/S4G/galaxies/UGC05922/P4/UGC05922.phot.1_nonan.fits.gz
200	https://irsa.ipac.caltech.edu/data/SPITZER/S4G/galaxies/PGC009272/P4/PGC009272.phot.1_nonan.fits.gz
200	https://irsa.ipac.caltech.edu/data/SPITZER/S4G/galaxies/PGC008295/P4/PGC008295.phot.1_nonan.fits.gz
200	https://irsa.ipac.caltech.edu/data/SPITZER/S4G/galaxies/UGC05958/P4/UGC05958.phot.1_nonan.fits.gz
200	https://irsa.ipac.caltech.edu/data/SPITZER/S4G/galaxies/UGC05947/P4/UGC05947.phot.1_nonan.fits.gz
200	https://irsa.ipac.caltech.edu/data/SPITZER/S4G/galaxies/UGC05979/P4/UGC05979.phot.1_nonan.fits.gz
200	https://irsa.ipac.caltech.edu/data/SPITZER/S4G/galaxies/UGC05989/P4/UGC05989.phot.1_nonan.fits.gz
200	https://irsa.ipac.caltech.edu/data/SPITZER/S4G/galaxies/UGC05934/P4/UGC05934.phot.1_nonan.fits.gz
200	https://irsa.ipac.caltech.edu/data/SPITZER/S4G/galaxies/UGC05990/P4/UGC05990.phot.1_nonan.fits.gz
200	https://irsa.ipac.caltech.edu/data/SPITZER/S4G/galaxies/UGC08851/P4/UGC08851.phot.1_nonan.fits.gz
200	https://irsa.ipac.caltech.edu/data/SPITZER/S4G/galaxies/UGC05976/P4/UGC05976.phot.1_nonan.fits.gz
200	https://irsa.ipac.caltech.edu/data/SPITZER/S4G/galaxies/UGC08877/P4/UGC08877.phot.1_nonan.fits.gz
200	https://irsa.ipac.caltech.edu/data/SPITZER/S4G/galaxies/UGC08899/P4/UGC08899.phot.1_nonan.fits.gz
200	https://irsa.ipac.caltech.edu/data/SPITZER/S4G/galaxies/UGC08909/P4/UGC08909.phot.1_nonan.fits.gz
404	https://irsa.ipac.caltech.edu/data/SPITZER/S4G/galaxies/NGC4255/P4/NGC4255.phot.1_nonan.fits.gz
404	https://irsa.ipac.caltech.edu/data/SPITZER/S4G/galaxies/NGC4259/P4/NGC4259.phot.1_nonan.fits.gz
200	https://irsa.ipac.caltech.edu/data/SPITZER/S4G/galaxies/UGC08892/P4/UGC08892.phot.1_nonan.fits.gz
404	https://irsa.ipac.caltech.edu/data/SPITZER/S4G/galaxies/NGC4269/P4/NGC4269.phot.1_nonan.fits.gz
404	https://irsa.ipac.caltech.edu/data/SPITZER/S4G/galaxies/NGC4261/P4/NGC4261.phot.1_nonan.fits.gz
404	https://irsa.ipac.caltech.edu/data/SPITZER/S4G/galaxies/NGC4251/P4/NGC4251.phot.1_nonan.fits.gz
404	https://irsa.ipac.caltech.edu/data/SPITZER/S4G/galaxies/NGC4291/P4/NGC4291.phot.1_nonan.fits.gz
404	https://irsa.ipac.caltech.edu/data/SPITZER/S4G/galaxies/NGC4281/P4/NGC4281.phot.1_nonan.fits.gz
404	https://irsa.ipac.caltech.edu/data/SPITZER/S4G/galaxies/NGC4270/P4/NGC4270.phot.1_nonan.fits.gz
404	https://irsa.ipac.caltech.edu/data/SPITZER/S4G/galaxies/NGC4292/P4/NGC4292.phot.1_nonan.fits.gz
404	https://irsa.ipac.caltech.edu/data/SPITZER/S4G/galaxies/NGC4306/P4/NGC4306.phot.1_nonan.fits.gz
404	https://irsa.ipac.caltech.edu/data/SPITZER/S4G/galaxies/NGC4322/P4/NGC4322.phot.1_nonan.fits.gz
404	https://irsa.ipac.caltech.edu/data/SPITZER/S4G/galaxies/NGC4328/P4/NGC4328.phot.1_nonan.fits.gz
404	https://irsa.ipac.caltech.edu/data/SPITZER/S4G/galaxies/NGC4339/P4/NGC4339.phot.1_nonan.fits.gz
200	https://irsa.ipac.caltech.edu/data/SPITZER/S4G/galaxies/UGC04867/P4/UGC04867.phot.1_nonan.fits.gz
404	https://irsa.ipac.caltech.edu/data/SPITZER/S4G/galaxies/PGC158179/P4/PGC158179.phot.1_nonan.fits.gz
200	https://irsa.ipac.caltech.edu/data/SPITZER/S4G/galaxies/UGC04871/P4/UGC04871.phot.1_nonan.fits.gz
200	https://irsa.ipac.caltech.edu/data/SPITZER/S4G/galaxies/UGC04878/P4/UGC04878.phot.1_nonan.fits.gz
200	https://irsa.ipac.caltech.edu/data/SPITZER/S4G/galaxies/UGC04922/P4/UGC04922.phot.1_nonan.fits.gz
200	https://irsa.ipac.caltech.edu/data/SPITZER/S4G/galaxies/UGC04953/P4/UGC04953.phot.1_nonan.fits.gz
200	https://irsa.ipac.caltech.edu/data/SPITZER/S4G/galaxies/UGC04970/P4/UGC04970.phot.1_nonan.fits.gz
200	https://irsa.ipac.caltech.edu/data/SPITZER/S4G/galaxies/UGC04982/P4/UGC04982.phot.1_nonan.fits.gz
200	https://irsa.ipac.caltech.edu/data/SPITZER/S4G/galaxies/UGC04988/P4/UGC04988.phot.1_nonan.fits.gz
200	https://irsa.ipac.caltech.edu/data/SPITZER/S4G/galaxies/UGC05015/P4/UGC05015.phot.1_nonan.fits.gz
200	https://irsa.ipac.caltech.edu/data/SPITZER/S4G/galaxies/UGC05004/P4/UGC05004.phot.1_nonan.fits.gz
200	https://irsa.ipac.caltech.edu/data/SPITZER/S4G/galaxies/UGC05020/P4/UGC05020.phot.1_nonan.fits.gz
200	https://irsa.ipac.caltech.edu/data/SPITZER/S4G/galaxies/UGC05047/P4/UGC05047.phot.1_nonan.fits.gz
404	https://irsa.ipac.caltech.edu/data/SPITZER/S4G/galaxies/PGC158522/P4/PGC158522.phot.1_nonan.fits.gz
200	https://irsa.ipac.caltech.edu/data/SPITZER/S4G/galaxies/UGC05050/P4/UGC05050.phot.1_nonan.fits.gz
404	https://irsa.ipac.caltech.edu/data/SPITZER/S4G/galaxies/SDSSJ150805.85+013905.5/P4/SDSSJ150805.85+013905.5.phot.1_nonan.fits.gz
404	https://irsa.ipac.caltech.edu/data/SPITZER/S4G/galaxies/UGC04314/P4/UGC04314.phot.1_nonan.fits.gz
404	https://irsa.ipac.caltech.edu/data/SPITZER/S4G/galaxies/UGC04590/P4/UGC04590.phot.1_nonan.fits.gz
404	https://irsa.ipac.caltech.edu/data/SPITZER/S4G/galaxies/UGC04902/P4/UGC04902.phot.1_nonan.fits.gz
404	https://irsa.ipac.caltech.edu/data/SPITZER/S4G/galaxies/UGC05470/P4/UGC05470.phot.1_nonan.fits.gz
404	https://irsa.ipac.caltech.edu/data/SPITZER/S4G/galaxies/UGC05745/P4/UGC05745.phot.1_nonan.fits.gz
404	https://irsa.ipac.caltech.edu/data/SPITZER/S4G/galaxies/UGC05870/P4/UGC05870.phot.1_nonan.fits.gz
404	https://irsa.ipac.caltech.edu/data/SPITZER/S4G/galaxies/UGC05955/P4/UGC05955.phot.1_nonan.fits.gz
404	https://irsa.ipac.caltech.edu/data/SPITZER/S4G/galaxies/UGC06062/P4/UGC06062.phot.1_nonan.fits.gz
404	https://irsa.ipac.caltech.edu/data/SPITZER/S4G/galaxies/UGC06176/P4/UGC06176.phot.1_nonan.fits.gz
404	https://irsa.ipac.caltech.edu/data/SPITZER/S4G/galaxies/UGC06324/P4/UGC06324.phot.1_nonan.fits.gz
404	https://irsa.ipac.caltech.edu/data/SPITZER/S4G/galaxies/NGC4626/P4/NGC4626.phot.1_nonan.fits.gz
200	https://irsa.ipac.caltech.edu/data/SPITZER/S4G/galaxies/PGC009354/P4/PGC009354.phot.1_nonan.fits.gz
200	https://irsa.ipac.caltech.edu/data/SPITZER/S4G/galaxies/PGC009559/P4/PGC009559.phot.1_nonan.fits.gz
200	https://irsa.ipac.caltech.edu/data/SPITZER/S4G/galaxies/PGC010813/P4/PGC010813.phot.1_nonan.fits.gz
200	https://irsa.ipac.caltech.edu/data/SPITZER/S4G/galaxies/PGC011248/P4/PGC011248.phot.1_nonan.fits.gz
404	https://irsa.ipac.caltech.edu/data/SPITZER/S4G/galaxies/UGC06253/P4/UGC06253.phot.1_nonan.fits.gz
200	https://irsa.ipac.caltech.edu/data/SPITZER/S4G/galaxies/PGC011367/P4/PGC011367.phot.1_nonan.fits.gz
200	https://irsa.ipac.caltech.edu/data/SPITZER/S4G/galaxies/PGC011677/P4/PGC011677.phot.1_nonan.fits.gz
200	https://irsa.ipac.caltech.edu/data/SPITZER/S4G/galaxies/PGC012068/P4/PGC012068.phot.1_nonan.fits.gz
200	https://irsa.ipac.caltech.edu/data/SPITZER/S4G/galaxies/PGC011744/P4/PGC011744.phot.1_nonan.fits.gz
200	https://irsa.ipac.caltech.edu/data/SPITZER/S4G/galaxies/PGC012130/P4/PGC012130.phot.1_nonan.fits.gz
200	https://irsa.ipac.caltech.edu/data/SPITZER/S4G/galaxies/NGC1827/P4/NGC1827.phot.1_nonan.fits.gz
200	https://irsa.ipac.caltech.edu/data/SPITZER/S4G/galaxies/NGC1853/P4/NGC1853.phot.1_nonan.fits.gz
200	https://irsa.ipac.caltech.edu/data/SPITZER/S4G/galaxies/NGC1879/P4/NGC1879.phot.1_nonan.fits.gz
200	https://irsa.ipac.caltech.edu/data/SPITZER/S4G/galaxies/NGC1892/P4/NGC1892.phot.1_nonan.fits.gz
200	https://irsa.ipac.caltech.edu/data/SPITZER/S4G/galaxies/NGC5134/P4/NGC5134.phot.1_nonan.fits.gz
200	https://irsa.ipac.caltech.edu/data/SPITZER/S4G/galaxies/NGC5145/P4/NGC5145.phot.1_nonan.fits.gz
200	https://irsa.ipac.caltech.edu/data/SPITZER/S4G/galaxies/NGC5147/P4/NGC5147.phot.1_nonan.fits.gz
200	https://irsa.ipac.caltech.edu/data/SPITZER/S4G/galaxies/NGC5169/P4/NGC5169.phot.1_nonan.fits.gz
200	https://irsa.ipac.caltech.edu/data/SPITZER/S4G/galaxies/NGC5170/P4/NGC5170.phot.1_nonan.fits.gz
200	https://irsa.ipac.caltech.edu/data/SPITZER/S4G/galaxies/NGC5173/P4/NGC5173.phot.1_nonan.fits.gz
200	https://irsa.ipac.caltech.edu/data/SPITZER/S4G/galaxies/NGC5194/P4/NGC5194.phot.1_nonan.fits.gz
200	https://irsa.ipac.caltech.edu/data/SPITZER/S4G/galaxies/NGC5195/P4/NGC5195.phot.1_nonan.fits.gz
200	https://irsa.ipac.caltech.edu/data/SPITZER/S4G/galaxies/NGC5204/P4/NGC5204.phot.1_nonan.fits.gz
200	https://irsa.ipac.caltech.edu/data/SPITZER/S4G/galaxies/NGC5205/P4/NGC5205.phot.1_nonan.fits.gz
200	https://irsa.ipac.caltech.edu/data/SPITZER/S4G/galaxies/NGC5216/P4/NGC5216.phot.1_nonan.fits.gz
200	https://irsa.ipac.caltech.edu/data/SPITZER/S4G/galaxies/NGC5218/P4/NGC5218.phot.1_nonan.fits.gz
200	https://irsa.ipac.caltech.edu/data/SPITZER/S4G/galaxies/NGC5229/P4/NGC5229.phot.1_nonan.fits.gz
200	https://irsa.ipac.caltech.edu/data/SPITZER/S4G/galaxies/NGC2964/P4/NGC2964.phot.1_nonan.fits.gz
200	https://irsa.ipac.caltech.edu/data/SPITZER/S4G/galaxies/UGC08988/P4/UGC08988.phot.1_nonan.fits.gz
200	https://irsa.ipac.caltech.edu/data/SPITZER/S4G/galaxies/UGC08995/P4/UGC08995.phot.1_nonan.fits.gz
200	https://irsa.ipac.caltech.edu/data/SPITZER/S4G/galaxies/UGC09056/P4/UGC09056.phot.1_nonan.fits.gz
200	https://irsa.ipac.caltech.edu/data/SPITZER/S4G/galaxies/UGC09071/P4/UGC09071.phot.1_nonan.fits.gz
200	https://irsa.ipac.caltech.edu/data/SPITZER/S4G/galaxies/UGC09057/P4/UGC09057.phot.1_nonan.fits.gz
200	https://irsa.ipac.caltech.edu/data/SPITZER/S4G/galaxies/UGC09126/P4/UGC09126.phot.1_nonan.fits.gz
200	https://irsa.ipac.caltech.edu/data/SPITZER/S4G/galaxies/UGC09128/P4/UGC09128.phot.1_nonan.fits.gz
404	https://irsa.ipac.caltech.edu/data/SPITZER/S4G/galaxies/PGC052618/P4/PGC052618.phot.1_nonan.fits.gz
200	https://irsa.ipac.caltech.edu/data/SPITZER/S4G/galaxies/UGC09169/P4/UGC09169.phot.1_nonan.fits.gz
404	https://irsa.ipac.caltech.edu/data/SPITZER/S4G/galaxies/PGC053303/P4/PGC053303.phot.1_nonan.fits.gz
404	https://irsa.ipac.caltech.edu/data/SPITZER/S4G/galaxies/PGC053583/P4/PGC053583.phot.1_nonan.fits.gz
404	https://irsa.ipac.caltech.edu/data/SPITZER/S4G/galaxies/PGC053977/P4/PGC053977.phot.1_nonan.fits.gz
404	https://irsa.ipac.caltech.edu/data/SPITZER/S4G/galaxies/PGC068090/P4/PGC068090.phot.1_nonan.fits.gz
404	https://irsa.ipac.caltech.edu/data/SPITZER/S4G/galaxies/NGC4674/P4/NGC4674.phot.1_nonan.fits.gz
404	https://irsa.ipac.caltech.edu/data/SPITZER/S4G/galaxies/PGC068107/P4/PGC068107.phot.1_nonan.fits.gz
404	https://irsa.ipac.caltech.edu/data/SPITZER/S4G/galaxies/NGC5037/P4/NGC5037.phot.1_nonan.fits.gz
404	https://irsa.ipac.caltech.edu/data/SPITZER/S4G/galaxies/NGC4964/P4/NGC4964.phot.1_nonan.fits.gz
404	https://irsa.ipac.caltech.edu/data/SPITZER/S4G/galaxies/NGC5294/P4/NGC5294.phot.1_nonan.fits.gz
404	https://irsa.ipac.caltech.edu/data/SPITZER/S4G/galaxies/NGC5323/P4/NGC5323.phot.1_nonan.fits.gz
404	https://irsa.ipac.caltech.edu/data/SPITZER/S4G/galaxies/NGC5378/P4/NGC5378.phot.1_nonan.fits.gz
404	https://irsa.ipac.caltech.edu/data/SPITZER/S4G/galaxies/NGC5475/P4/NGC5475.phot.1_nonan.fits.gz
404	https://irsa.ipac.caltech.edu/data/SPITZER/S4G/galaxies/NGC5705/P4/NGC5705.phot.1_nonan.fits.gz
404	https://irsa.ipac.caltech.edu/data/SPITZER/S4G/galaxies/NGC5811/P4/NGC5811.phot.1_nonan.fits.gz
404	https://irsa.ipac.caltech.edu/data/SPITZER/S4G/galaxies/NGC5866/P4/NGC5866.phot.1_nonan.fits.gz
404	https://irsa.ipac.caltech.edu/data/SPITZER/S4G/galaxies/NGC5917/P4/NGC5917.phot.1_nonan.fits.gz
404	https://irsa.ipac.caltech.edu/data/SPITZER/S4G/galaxies/NGC6186/P4/NGC6186.phot.1_nonan.fits.gz
404	https://irsa.ipac.caltech.edu/data/SPITZER/S4G/galaxies/NGC6283/P4/NGC6283.phot.1_nonan.fits.gz
200	https://irsa.ipac.caltech.edu/data/SPITZER/S4G/galaxies/NGC2104/P4/NGC2104.phot.1_nonan.fits.gz
200	https://irsa.ipac.caltech.edu/data/SPITZER/S4G/galaxies/NGC2101/P4/NGC2101.phot.1_nonan.fits.gz
200	https://irsa.ipac.caltech.edu/data/SPITZER/S4G/galaxies/NGC2320/P4/NGC2320.phot.1_nonan.fits.gz
200	https://irsa.ipac.caltech.edu/data/SPITZER/S4G/galaxies/NGC2460/P4/NGC2460.phot.1_nonan.fits.gz
200	https://irsa.ipac.caltech.edu/data/SPITZER/S4G/galaxies/NGC2500/P4/NGC2500.phot.1_nonan.fits.gz
200	https://irsa.ipac.caltech.edu/data/SPITZER/S4G/galaxies/NGC2537/P4/NGC2537.phot.1_nonan.fits.gz
200	https://irsa.ipac.caltech.edu/data/SPITZER/S4G/galaxies/NGC2543/P4/NGC2543.phot.1_nonan.fits.gz
200	https://irsa.ipac.caltech.edu/data/SPITZER/S4G/galaxies/NGC2541/P4/NGC2541.phot.1_nonan.fits.gz
200	https://irsa.ipac.caltech.edu/data/SPITZER/S4G/galaxies/NGC2550/P4/NGC2550.phot.1_nonan.fits.gz
200	https://irsa.ipac.caltech.edu/data/SPITZER/S4G/galaxies/NGC1482/P4/NGC1482.phot.1_nonan.fits.gz
200	https://irsa.ipac.caltech.edu/data/SPITZER/S4G/galaxies/NGC1483/P4/NGC1483.phot.1_nonan.fits.gz
200	https://irsa.ipac.caltech.edu/data/SPITZER/S4G/galaxies/NGC1484/P4/NGC1484.phot.1_nonan.fits.gz
200	https://irsa.ipac.caltech.edu/data/SPITZER/S4G/galaxies/NGC1487/P4/NGC1487.phot.1_nonan.fits.gz
200	https://irsa.ipac.caltech.edu/data/SPITZER/S4G/galaxies/NGC1493/P4/NGC1493.phot.1_nonan.fits.gz
200	https://irsa.ipac.caltech.edu/data/SPITZER/S4G/galaxies/NGC2966/P4/NGC2966.phot.1_nonan.fits.gz
200	https://irsa.ipac.caltech.edu/data/SPITZER/S4G/galaxies/NGC2968/P4/NGC2968.phot.1_nonan.fits.gz
200	https://irsa.ipac.caltech.edu/data/SPITZER/S4G/galaxies/NGC2974/P4/NGC2974.phot.1_nonan.fits.gz
200	https://irsa.ipac.caltech.edu/data/SPITZER/S4G/galaxies/NGC2976/P4/NGC2976.phot.1_nonan.fits.gz
200	https://irsa.ipac.caltech.edu/data/SPITZER/S4G/galaxies/NGC2967/P4/NGC2967.phot.1_nonan.fits.gz
200	https://irsa.ipac.caltech.edu/data/SPITZER/S4G/galaxies/NGC2985/P4/NGC2985.phot.1_nonan.fits.gz
200	https://irsa.ipac.caltech.edu/data/SPITZER/S4G/galaxies/NGC2978/P4/NGC2978.phot.1_nonan.fits.gz
200	https://irsa.ipac.caltech.edu/data/SPITZER/S4G/galaxies/NGC2986/P4/NGC2986.phot.1_nonan.fits.gz
200	https://irsa.ipac.caltech.edu/data/SPITZER/S4G/galaxies/NGC3003/P4/NGC3003.phot.1_nonan.fits.gz
200	https://irsa.ipac.caltech.edu/data/SPITZER/S4G/galaxies/NGC3020/P4/NGC3020.phot.1_nonan.fits.gz
200	https://irsa.ipac.caltech.edu/data/SPITZER/S4G/galaxies/NGC3018/P4/NGC3018.phot.1_nonan.fits.gz
200	https://irsa.ipac.caltech.edu/data/SPITZER/S4G/galaxies/NGC3021/P4/NGC3021.phot.1_nonan.fits.gz
200	https://irsa.ipac.caltech.edu/data/SPITZER/S4G/galaxies/NGC3870/P4/NGC3870.phot.1_nonan.fits.gz
200	https://irsa.ipac.caltech.edu/data/SPITZER/S4G/galaxies/NGC0216/P4/NGC0216.phot.1_nonan.fits.gz
404	https://irsa.ipac.caltech.edu/data/SPITZER/S4G/galaxies/NGC0357/P4/NGC0357.phot.1_nonan.fits.gz
404	https://irsa.ipac.caltech.edu/data/SPITZER/S4G/galaxies/NGC0448/P4/NGC0448.phot.1_nonan.fits.gz
404	https://irsa.ipac.caltech.edu/data/SPITZER/S4G/galaxies/NGC0502/P4/NGC0502.phot.1_nonan.fits.gz
404	https://irsa.ipac.caltech.edu/data/SPITZER/S4G/galaxies/NGC0516/P4/NGC0516.phot.1_nonan.fits.gz
404	https://irsa.ipac.caltech.edu/data/SPITZER/S4G/galaxies/NGC0509/P4/NGC0509.phot.1_nonan.fits.gz
404	https://irsa.ipac.caltech.edu/data/SPITZER/S4G/galaxies/NGC0524/P4/NGC0524.phot.1_nonan.fits.gz
404	https://irsa.ipac.caltech.edu/data/SPITZER/S4G/galaxies/NGC0525/P4/NGC0525.phot.1_nonan.fits.gz
404	https://irsa.ipac.caltech.edu/data/SPITZER/S4G/galaxies/NGC0636/P4/NGC0636.phot.1_nonan.fits.gz
404	https://irsa.ipac.caltech.edu/data/SPITZER/S4G/galaxies/NGC0596/P4/NGC0596.phot.1_nonan.fits.gz
404	https://irsa.ipac.caltech.edu/data/SPITZER/S4G/galaxies/NGC0720/P4/NGC0720.phot.1_nonan.fits.gz
404	https://irsa.ipac.caltech.edu/data/SPITZER/S4G/galaxies/NGC0821/P4/NGC0821.phot.1_nonan.fits.gz
404	https://irsa.ipac.caltech.edu/data/SPITZER/S4G/galaxies/NGC1172/P4/NGC1172.phot.1_nonan.fits.gz
404	https://irsa.ipac.caltech.edu/data/SPITZER/S4G/galaxies/NGC1097A/P4/NGC1097A.phot.1_nonan.fits.gz
404	https://irsa.ipac.caltech.edu/data/SPITZER/S4G/galaxies/NGC4340/P4/NGC4340.phot.1_nonan.fits.gz
404	https://irsa.ipac.caltech.edu/data/SPITZER/S4G/galaxies/NGC4341/P4/NGC4341.phot.1_nonan.fits.gz
404	https://irsa.ipac.caltech.edu/data/SPITZER/S4G/galaxies/NGC4342/P4/NGC4342.phot.1_nonan.fits.gz
404	https://irsa.ipac.caltech.edu/data/SPITZER/S4G/galaxies/NGC4350/P4/NGC4350.phot.1_nonan.fits.gz
404	https://irsa.ipac.caltech.edu/data/SPITZER/S4G/galaxies/NGC4352/P4/NGC4352.phot.1_nonan.fits.gz
404	https://irsa.ipac.caltech.edu/data/SPITZER/S4G/galaxies/NGC4365/P4/NGC4365.phot.1_nonan.fits.gz
404	https://irsa.ipac.caltech.edu/data/SPITZER/S4G/galaxies/NGC4377/P4/NGC4377.phot.1_nonan.fits.gz
404	https://irsa.ipac.caltech.edu/data/SPITZER/S4G/galaxies/NGC4379/P4/NGC4379.phot.1_nonan.fits.gz
404	https://irsa.ipac.caltech.edu/data/SPITZER/S4G/galaxies/NGC4382/P4/NGC4382.phot.1_nonan.fits.gz
404	https://irsa.ipac.caltech.edu/data/SPITZER/S4G/galaxies/NGC4386/P4/NGC4386.phot.1_nonan.fits.gz
404	https://irsa.ipac.caltech.edu/data/SPITZER/S4G/galaxies/NGC4387/P4/NGC4387.phot.1_nonan.fits.gz
404	https://irsa.ipac.caltech.edu/data/SPITZER/S4G/galaxies/NGC4391/P4/NGC4391.phot.1_nonan.fits.gz
404	https://irsa.ipac.caltech.edu/data/SPITZER/S4G/galaxies/NGC4415/P4/NGC4415.phot.1_nonan.fits.gz
404	https://irsa.ipac.caltech.edu/data/SPITZER/S4G/galaxies/UGC07020A/P4/UGC07020A.phot.1_nonan.fits.gz
200	https://irsa.ipac.caltech.edu/data/SPITZER/S4G/galaxies/NGC1494/P4/NGC1494.phot.1_nonan.fits.gz
200	https://irsa.ipac.caltech.edu/data/SPITZER/S4G/galaxies/NGC1495/P4/NGC1495.phot.1_nonan.fits.gz
200	https://irsa.ipac.caltech.edu/data/SPITZER/S4G/galaxies/NGC1507/P4/NGC1507.phot.1_nonan.fits.gz
200	https://irsa.ipac.caltech.edu/data/SPITZER/S4G/galaxies/NGC1510/P4/NGC1510.phot.1_nonan.fits.gz
200	https://irsa.ipac.caltech.edu/data/SPITZER/S4G/galaxies/NGC1511/P4/NGC1511.phot.1_nonan.fits.gz
200	https://irsa.ipac.caltech.edu/data/SPITZER/S4G/galaxies/NGC1511A/P4/NGC1511A.phot.1_nonan.fits.gz
200	https://irsa.ipac.caltech.edu/data/SPITZER/S4G/galaxies/NGC1511B/P4/NGC1511B.phot.1_nonan.fits.gz
200	https://irsa.ipac.caltech.edu/data/SPITZER/S4G/galaxies/NGC1515/P4/NGC1515.phot.1_nonan.fits.gz
200	https://irsa.ipac.caltech.edu/data/SPITZER/S4G/galaxies/NGC1512/P4/NGC1512.phot.1_nonan.fits.gz
200	https://irsa.ipac.caltech.edu/data/SPITZER/S4G/galaxies/NGC1519/P4/NGC1519.phot.1_nonan.fits.gz
200	https://irsa.ipac.caltech.edu/data/SPITZER/S4G/galaxies/NGC1518/P4/NGC1518.phot.1_nonan.fits.gz
200	https://irsa.ipac.caltech.edu/data/SPITZER/S4G/galaxies/NGC1532/P4/NGC1532.phot.1_nonan.fits.gz
200	https://irsa.ipac.caltech.edu/data/SPITZER/S4G/galaxies/NGC1533/P4/NGC1533.phot.1_nonan.fits.gz
200	https://irsa.ipac.caltech.edu/data/SPITZER/S4G/galaxies/NGC3877/P4/NGC3877.phot.1_nonan.fits.gz
200	https://irsa.ipac.caltech.edu/data/SPITZER/S4G/galaxies/NGC3876/P4/NGC3876.phot.1_nonan.fits.gz
200	https://irsa.ipac.caltech.edu/data/SPITZER/S4G/galaxies/NGC3879/P4/NGC3879.phot.1_nonan.fits.gz
200	https://irsa.ipac.caltech.edu/data/SPITZER/S4G/galaxies/NGC3885/P4/NGC3885.phot.1_nonan.fits.gz
200	https://irsa.ipac.caltech.edu/data/SPITZER/S4G/galaxies/NGC3887/P4/NGC3887.phot.1_nonan.fits.gz
200	https://irsa.ipac.caltech.edu/data/SPITZER/S4G/galaxies/NGC3888/P4/NGC3888.phot.1_nonan.fits.gz
200	https://irsa.ipac.caltech.edu/data/SPITZER/S4G/galaxies/NGC3892/P4/NGC3892.phot.1_nonan.fits.gz
200	https://irsa.ipac.caltech.edu/data/SPITZER/S4G/galaxies/NGC3893/P4/NGC3893.phot.1_nonan.fits.gz
200	https://irsa.ipac.caltech.edu/data/SPITZER/S4G/galaxies/NGC3896/P4/NGC3896.phot.1_nonan.fits.gz
200	https://irsa.ipac.caltech.edu/data/SPITZER/S4G/galaxies/NGC3898/P4/NGC3898.phot.1_nonan.fits.gz
200	https://irsa.ipac.caltech.edu/data/SPITZER/S4G/galaxies/NGC3901/P4/NGC3901.phot.1_nonan.fits.gz
200	https://irsa.ipac.caltech.edu/data/SPITZER/S4G/galaxies/NGC3900/P4/NGC3900.phot.1_nonan.fits.gz
200	https://irsa.ipac.caltech.edu/data/SPITZER/S4G/galaxies/NGC4451/P4/NGC4451.phot.1_nonan.fits.gz
200	https://irsa.ipac.caltech.edu/data/SPITZER/S4G/galaxies/NGC4450/P4/NGC4450.phot.1_nonan.fits.gz
404	https://irsa.ipac.caltech.edu/data/SPITZER/S4G/galaxies/NGC5038/P4/NGC5038.phot.1_nonan.fits.gz
404	https://irsa.ipac.caltech.edu/data/SPITZER/S4G/galaxies/NGC5035/P4/NGC5035.phot.1_nonan.fits.gz
404	https://irsa.ipac.caltech.edu/data/SPITZER/S4G/galaxies/NGC5046/P4/NGC5046.phot.1_nonan.fits.gz
404	https://irsa.ipac.caltech.edu/data/SPITZER/S4G/galaxies/NGC5044/P4/NGC5044.phot.1_nonan.fits.gz
404	https://irsa.ipac.caltech.edu/data/SPITZER/S4G/galaxies/NGC5049/P4/NGC5049.phot.1_nonan.fits.gz
404	https://irsa.ipac.caltech.edu/data/SPITZER/S4G/galaxies/NGC5047/P4/NGC5047.phot.1_nonan.fits.gz
404	https://irsa.ipac.caltech.edu/data/SPITZER/S4G/galaxies/NGC5061/P4/NGC5061.phot.1_nonan.fits.gz
404	https://irsa.ipac.caltech.edu/data/SPITZER/S4G/galaxies/NGC5076/P4/NGC5076.phot.1_nonan.fits.gz
404	https://irsa.ipac.caltech.edu/data/SPITZER/S4G/galaxies/NGC5077/P4/NGC5077.phot.1_nonan.fits.gz
404	https://irsa.ipac.caltech.edu/data/SPITZER/S4G/galaxies/NGC5087/P4/NGC5087.phot.1_nonan.fits.gz
404	https://irsa.ipac.caltech.edu/data/SPITZER/S4G/galaxies/NGC5119/P4/NGC5119.phot.1_nonan.fits.gz
404	https://irsa.ipac.caltech.edu/data/SPITZER/S4G/galaxies/NGC5198/P4/NGC5198.phot.1_nonan.fits.gz
404	https://irsa.ipac.caltech.edu/data/SPITZER/S4G/galaxies/NGC5283/P4/NGC5283.phot.1_nonan.fits.gz
404	https://irsa.ipac.caltech.edu/data/SPITZER/S4G/galaxies/UGC07399A/P4/UGC07399A.phot.1_nonan.fits.gz
404	https://irsa.ipac.caltech.edu/data/SPITZER/S4G/galaxies/UGC07436/P4/UGC07436.phot.1_nonan.fits.gz
404	https://irsa.ipac.caltech.edu/data/SPITZER/S4G/galaxies/UGC08986/P4/UGC08986.phot.1_nonan.fits.gz
404	https://irsa.ipac.caltech.edu/data/SPITZER/S4G/galaxies/UGC10822/P4/UGC10822.phot.1_nonan.fits.gz
404	https://irsa.ipac.caltech.edu/data/SPITZER/S4G/galaxies/ESO013-009/P4/ESO013-009.phot.1_nonan.fits.gz
404	https://irsa.ipac.caltech.edu/data/SPITZER/S4G/galaxies/ESO013-021/P4/ESO013-021.phot.1_nonan.fits.gz
404	https://irsa.ipac.caltech.edu/data/SPITZER/S4G/galaxies/ESO027-021/P4/ESO027-021.phot.1_nonan.fits.gz
404	https://irsa.ipac.caltech.edu/data/SPITZER/S4G/galaxies/ESO028-007/P4/ESO028-007.phot.1_nonan.fits.gz
404	https://irsa.ipac.caltech.edu/data/SPITZER/S4G/galaxies/ESO030-008/P4/ESO030-008.phot.1_nonan.fits.gz
404	https://irsa.ipac.caltech.edu/data/SPITZER/S4G/galaxies/ESO078-022/P4/ESO078-022.phot.1_nonan.fits.gz
404	https://irsa.ipac.caltech.edu/data/SPITZER/S4G/galaxies/ESO079-002/P4/ESO079-002.phot.1_nonan.fits.gz
404	https://irsa.ipac.caltech.edu/data/SPITZER/S4G/galaxies/ESO080-006/P4/ESO080-006.phot.1_nonan.fits.gz
404	https://irsa.ipac.caltech.edu/data/SPITZER/S4G/galaxies/ESO084-015/P4/ESO084-015.phot.1_nonan.fits.gz
404	https://irsa.ipac.caltech.edu/data/SPITZER/S4G/galaxies/NGC6306/P4/NGC6306.phot.1_nonan.fits.gz
200	https://irsa.ipac.caltech.edu/data/SPITZER/S4G/galaxies/NGC1546/P4/NGC1546.phot.1_nonan.fits.gz
200	https://irsa.ipac.caltech.edu/data/SPITZER/S4G/galaxies/NGC1553/P4/NGC1553.phot.1_nonan.fits.gz
200	https://irsa.ipac.caltech.edu/data/SPITZER/S4G/galaxies/NGC1556/P4/NGC1556.phot.1_nonan.fits.gz
200	https://irsa.ipac.caltech.edu/data/SPITZER/S4G/galaxies/NGC1559/P4/NGC1559.phot.1_nonan.fits.gz
200	https://irsa.ipac.caltech.edu/data/SPITZER/S4G/galaxies/NGC1566/P4/NGC1566.phot.1_nonan.fits.gz
200	https://irsa.ipac.caltech.edu/data/SPITZER/S4G/galaxies/NGC1592/P4/NGC1592.phot.1_nonan.fits.gz
200	https://irsa.ipac.caltech.edu/data/SPITZER/S4G/galaxies/NGC1596/P4/NGC1596.phot.1_nonan.fits.gz
200	https://irsa.ipac.caltech.edu/data/SPITZER/S4G/galaxies/NGC1602/P4/NGC1602.phot.1_nonan.fits.gz
200	https://irsa.ipac.caltech.edu/data/SPITZER/S4G/galaxies/NGC1637/P4/NGC1637.phot.1_nonan.fits.gz
200	https://irsa.ipac.caltech.edu/data/SPITZER/S4G/galaxies/NGC1640/P4/NGC1640.phot.1_nonan.fits.gz
200	https://irsa.ipac.caltech.edu/data/SPITZER/S4G/galaxies/NGC1672/P4/NGC1672.phot.1_nonan.fits.gz
200	https://irsa.ipac.caltech.edu/data/SPITZER/S4G/galaxies/NGC1679/P4/NGC1679.phot.1_nonan.fits.gz
200	https://irsa.ipac.caltech.edu/data/SPITZER/S4G/galaxies/NGC1688/P4/NGC1688.phot.1_nonan.fits.gz
200	https://irsa.ipac.caltech.edu/data/SPITZER/S4G/galaxies/NGC1703/P4/NGC1703.phot.1_nonan.fits.gz
200	https://irsa.ipac.caltech.edu/data/SPITZER/S4G/galaxies/NGC4454/P4/NGC4454.phot.1_nonan.fits.gz
200	https://irsa.ipac.caltech.edu/data/SPITZER/S4G/galaxies/NGC4455/P4/NGC4455.phot.1_nonan.fits.gz
200	https://irsa.ipac.caltech.edu/data/SPITZER/S4G/galaxies/NGC4457/P4/NGC4457.phot.1_nonan.fits.gz
200	https://irsa.ipac.caltech.edu/data/SPITZER/S4G/galaxies/NGC4460/P4/NGC4460.phot.1_nonan.fits.gz
200	https://irsa.ipac.caltech.edu/data/SPITZER/S4G/galaxies/NGC4461/P4/NGC4461.phot.1_nonan.fits.gz
200	https://irsa.ipac.caltech.edu/data/SPITZER/S4G/galaxies/NGC4462/P4/NGC4462.phot.1_nonan.fits.gz
200	https://irsa.ipac.caltech.edu/data/SPITZER/S4G/galaxies/NGC4472/P4/NGC4472.phot.1_nonan.fits.gz
200	https://irsa.ipac.caltech.edu/data/SPITZER/S4G/galaxies/NGC4470/P4/NGC4470.phot.1_nonan.fits.gz
200	https://irsa.ipac.caltech.edu/data/SPITZER/S4G/galaxies/NGC4480/P4/NGC4480.phot.1_nonan.fits.gz
200	https://irsa.ipac.caltech.edu/data/SPITZER/S4G/galaxies/NGC4485/P4/NGC4485.phot.1_nonan.fits.gz
200	https://irsa.ipac.caltech.edu/data/SPITZER/S4G/galaxies/NGC4487/P4/NGC4487.phot.1_nonan.fits.gz
200	https://irsa.ipac.caltech.edu/data/SPITZER/S4G/galaxies/NGC5236/P4/NGC5236.phot.1_nonan.fits.gz
200	https://irsa.ipac.caltech.edu/data/SPITZER/S4G/galaxies/NGC5238/P4/NGC5238.phot.1_nonan.fits.gz
404	https://irsa.ipac.caltech.edu/data/SPITZER/S4G/galaxies/ESO405-014/P4/ESO405-014.phot.1_nonan.fits.gz
404	https://irsa.ipac.caltech.edu/data/SPITZER/S4G/galaxies/ESO406-031/P4/ESO406-031.phot.1_nonan.fits.gz
404	https://irsa.ipac.caltech.edu/data/SPITZER/S4G/galaxies/ESO407-004/P4/ESO407-004.phot.1_nonan.fits.gz
404	https://irsa.ipac.caltech.edu/data/SPITZER/S4G/galaxies/ESO410-005/P4/ESO410-005.phot.1_nonan.fits.gz
404	https://irsa.ipac.caltech.edu/data/SPITZER/S4G/galaxies/ESO411-016/P4/ESO411-016.phot.1_nonan.fits.gz
404	https://irsa.ipac.caltech.edu/data/SPITZER/S4G/galaxies/ESO420-005/P4/ESO420-005.phot.1_nonan.fits.gz
404	https://irsa.ipac.caltech.edu/data/SPITZER/S4G/galaxies/ESO411-027/P4/ESO411-027.phot.1_nonan.fits.gz
404	https://irsa.ipac.caltech.edu/data/SPITZER/S4G/galaxies/ESO439-025/P4/ESO439-025.phot.1_nonan.fits.gz
404	https://irsa.ipac.caltech.edu/data/SPITZER/S4G/galaxies/ESO440-012/P4/ESO440-012.phot.1_nonan.fits.gz
404	https://irsa.ipac.caltech.edu/data/SPITZER/S4G/galaxies/ESO440-018/P4/ESO440-018.phot.1_nonan.fits.gz
404	https://irsa.ipac.caltech.edu/data/SPITZER/S4G/galaxies/ESO443-008/P4/ESO443-008.phot.1_nonan.fits.gz
404	https://irsa.ipac.caltech.edu/data/SPITZER/S4G/galaxies/ESO443-033/P4/ESO443-033.phot.1_nonan.fits.gz
404	https://irsa.ipac.caltech.edu/data/SPITZER/S4G/galaxies/ESO444-084/P4/ESO444-084.phot.1_nonan.fits.gz
404	https://irsa.ipac.caltech.edu/data/SPITZER/S4G/galaxies/ESO445-076/P4/ESO445-076.phot.1_nonan.fits.gz
200	https://irsa.ipac.caltech.edu/data/SPITZER/S4G/galaxies/NGC1705/P4/NGC1705.phot.1_nonan.fits.gz
200	https://irsa.ipac.caltech.edu/data/SPITZER/S4G/galaxies/NGC1744/P4/NGC1744.phot.1_nonan.fits.gz
200	https://irsa.ipac.caltech.edu/data/SPITZER/S4G/galaxies/NGC1792/P4/NGC1792.phot.1_nonan.fits.gz
200	https://irsa.ipac.caltech.edu/data/SPITZER/S4G/galaxies/NGC1808/P4/NGC1808.phot.1_nonan.fits.gz
200	https://irsa.ipac.caltech.edu/data/SPITZER/S4G/galaxies/NGC1800/P4/NGC1800.phot.1_nonan.fits.gz
200	https://irsa.ipac.caltech.edu/data/SPITZER/S4G/galaxies/NGC1809/P4/NGC1809.phot.1_nonan.fits.gz
200	https://irsa.ipac.caltech.edu/data/SPITZER/S4G/galaxies/NGC1824/P4/NGC1824.phot.1_nonan.fits.gz
200	https://irsa.ipac.caltech.edu/data/SPITZER/S4G/galaxies/NGC2820/P4/NGC2820.phot.1_nonan.fits.gz
200	https://irsa.ipac.caltech.edu/data/SPITZER/S4G/galaxies/NGC2841/P4/NGC2841.phot.1_nonan.fits.gz
200	https://irsa.ipac.caltech.edu/data/SPITZER/S4G/galaxies/NGC2844/P4/NGC2844.phot.1_nonan.fits.gz
200	https://irsa.ipac.caltech.edu/data/SPITZER/S4G/galaxies/NGC2854/P4/NGC2854.phot.1_nonan.fits.gz
200	https://irsa.ipac.caltech.edu/data/SPITZER/S4G/galaxies/NGC2859/P4/NGC2859.phot.1_nonan.fits.gz
200	https://irsa.ipac.caltech.edu/data/SPITZER/S4G/galaxies/NGC2882/P4/NGC2882.phot.1_nonan.fits.gz
404	https://irsa.ipac.caltech.edu/data/SPITZER/S4G/galaxies/PGC069381/P4/PGC069381.phot.1_nonan.fits.gz
404	https://irsa.ipac.caltech.edu/data/SPITZER/S4G/galaxies/PGC070104/P4/PGC070104.phot.1_nonan.fits.gz
404	https://irsa.ipac.caltech.edu/data/SPITZER/S4G/galaxies/PGC070787/P4/PGC070787.phot.1_nonan.fits.gz
404	https://irsa.ipac.caltech.edu/data/SPITZER/S4G/galaxies/PGC070154/P4/PGC070154.phot.1_nonan.fits.gz
404	https://irsa.ipac.caltech.edu/data/SPITZER/S4G/galaxies/PGC083842/P4/PGC083842.phot.1_nonan.fits.gz
404	https://irsa.ipac.caltech.edu/data/SPITZER/S4G/galaxies/PGC090489/P4/PGC090489.phot.1_nonan.fits.gz
404	https://irsa.ipac.caltech.edu/data/SPITZER/S4G/galaxies/PGC1010767/P4/PGC1010767.phot.1_nonan.fits.gz
404	https://irsa.ipac.caltech.edu/data/SPITZER/S4G/galaxies/PGC1019240/P4/PGC1019240.phot.1_nonan.fits.gz
404	https://irsa.ipac.caltech.edu/data/SPITZER/S4G/galaxies/PGC091258/P4/PGC091258.phot.1_nonan.fits.gz
404	https://irsa.ipac.caltech.edu/data/SPITZER/S4G/galaxies/PGC1034827/P4/PGC1034827.phot.1_nonan.fits.gz
404	https://irsa.ipac.caltech.edu/data/SPITZER/S4G/galaxies/PGC128826/P4/PGC128826.phot.1_nonan.fits.gz
404	https://irsa.ipac.caltech.edu/data/SPITZER/S4G/galaxies/PGC158719/P4/PGC158719.phot.1_nonan.fits.gz
404	https://irsa.ipac.caltech.edu/data/SPITZER/S4G/galaxies/PGC132468/P4/PGC132468.phot.1_nonan.fits.gz
404	https://irsa.ipac.caltech.edu/data/SPITZER/S4G/galaxies/PGC170100/P4/PGC170100.phot.1_nonan.fits.gz
404	https://irsa.ipac.caltech.edu/data/SPITZER/S4G/galaxies/NGC6861B/P4/NGC6861B.phot.1_nonan.fits.gz
404	https://irsa.ipac.caltech.edu/data/SPITZER/S4G/galaxies/NGC6890/P4/NGC6890.phot.1_nonan.fits.gz
404	https://irsa.ipac.caltech.edu/data/SPITZER/S4G/galaxies/NGC6990/P4/NGC6990.phot.1_nonan.fits.gz
404	https://irsa.ipac.caltech.edu/data/SPITZER/S4G/galaxies/NGC7096/P4/NGC7096.phot.1_nonan.fits.gz
404	https://irsa.ipac.caltech.edu/data/SPITZER/S4G/galaxies/NGC7126/P4/NGC7126.phot.1_nonan.fits.gz
200	https://irsa.ipac.caltech.edu/data/SPITZER/S4G/galaxies/IC3259/P4/IC3259.phot.1_nonan.fits.gz
200	https://irsa.ipac.caltech.edu/data/SPITZER/S4G/galaxies/IC3258/P4/IC3258.phot.1_nonan.fits.gz
200	https://irsa.ipac.caltech.edu/data/SPITZER/S4G/galaxies/IC3267/P4/IC3267.phot.1_nonan.fits.gz
200	https://irsa.ipac.caltech.edu/data/SPITZER/S4G/galaxies/IC3268/P4/IC3268.phot.1_nonan.fits.gz
200	https://irsa.ipac.caltech.edu/data/SPITZER/S4G/galaxies/IC3298/P4/IC3298.phot.1_nonan.fits.gz
200	https://irsa.ipac.caltech.edu/data/SPITZER/S4G/galaxies/IC3311/P4/IC3311.phot.1_nonan.fits.gz
200	https://irsa.ipac.caltech.edu/data/SPITZER/S4G/galaxies/IC3322/P4/IC3322.phot.1_nonan.fits.gz
200	https://irsa.ipac.caltech.edu/data/SPITZER/S4G/galaxies/IC3322A/P4/IC3322A.phot.1_nonan.fits.gz
200	https://irsa.ipac.caltech.edu/data/SPITZER/S4G/galaxies/IC3355/P4/IC3355.phot.1_nonan.fits.gz
200	https://irsa.ipac.caltech.edu/data/SPITZER/S4G/galaxies/IC3356/P4/IC3356.phot.1_nonan.fits.gz
200	https://irsa.ipac.caltech.edu/data/SPITZER/S4G/galaxies/IC3371/P4/IC3371.phot.1_nonan.fits.gz
200	https://irsa.ipac.caltech.edu/data/SPITZER/S4G/galaxies/IC3391/P4/IC3391.phot.1_nonan.fits.gz
200	https://irsa.ipac.caltech.edu/data/SPITZER/S4G/galaxies/IC3392/P4/IC3392.phot.1_nonan.fits.gz
200	https://irsa.ipac.caltech.edu/data/SPITZER/S4G/galaxies/IC3474/P4/IC3474.phot.1_nonan.fits.gz
200	https://irsa.ipac.caltech.edu/data/SPITZER/S4G/galaxies/IC3473/P4/IC3473.phot.1_nonan.fits.gz
200	https://irsa.ipac.caltech.edu/data/SPITZER/S4G/galaxies/IC3475/P4/IC3475.phot.1_nonan.fits.gz
200	https://irsa.ipac.caltech.edu/data/SPITZER/S4G/galaxies/IC3476/P4/IC3476.phot.1_nonan.fits.gz
200	https://irsa.ipac.caltech.edu/data/SPITZER/S4G/galaxies/IC3517/P4/IC3517.phot.1_nonan.fits.gz
200	https://irsa.ipac.caltech.edu/data/SPITZER/S4G/galaxies/IC3522/P4/IC3522.phot.1_nonan.fits.gz
200	https://irsa.ipac.caltech.edu/data/SPITZER/S4G/galaxies/IC3521/P4/IC3521.phot.1_nonan.fits.gz
200	https://irsa.ipac.caltech.edu/data/SPITZER/S4G/galaxies/IC3576/P4/IC3576.phot.1_nonan.fits.gz
200	https://irsa.ipac.caltech.edu/data/SPITZER/S4G/galaxies/NGC2894/P4/NGC2894.phot.1_nonan.fits.gz
200	https://irsa.ipac.caltech.edu/data/SPITZER/S4G/galaxies/IC3583/P4/IC3583.phot.1_nonan.fits.gz
200	https://irsa.ipac.caltech.edu/data/SPITZER/S4G/galaxies/NGC2893/P4/NGC2893.phot.1_nonan.fits.gz
200	https://irsa.ipac.caltech.edu/data/SPITZER/S4G/galaxies/NGC2903/P4/NGC2903.phot.1_nonan.fits.gz
200	https://irsa.ipac.caltech.edu/data/SPITZER/S4G/galaxies/NGC2919/P4/NGC2919.phot.1_nonan.fits.gz
200	https://irsa.ipac.caltech.edu/data/SPITZER/S4G/galaxies/NGC2906/P4/NGC2906.phot.1_nonan.fits.gz
200	https://irsa.ipac.caltech.edu/data/SPITZER/S4G/galaxies/NGC2938/P4/NGC2938.phot.1_nonan.fits.gz
200	https://irsa.ipac.caltech.edu/data/SPITZER/S4G/galaxies/NGC2962/P4/NGC2962.phot.1_nonan.fits.gz
200	https://irsa.ipac.caltech.edu/data/SPITZER/S4G/galaxies/NGC4183/P4/NGC4183.phot.1_nonan.fits.gz
200	https://irsa.ipac.caltech.edu/data/SPITZER/S4G/galaxies/NGC4180/P4/NGC4180.phot.1_nonan.fits.gz
200	https://irsa.ipac.caltech.edu/data/SPITZER/S4G/galaxies/NGC4178/P4/NGC4178.phot.1_nonan.fits.gz
200	https://irsa.ipac.caltech.edu/data/SPITZER/S4G/galaxies/NGC4192/P4/NGC4192.phot.1_nonan.fits.gz
200	https://irsa.ipac.caltech.edu/data/SPITZER/S4G/galaxies/NGC4190/P4/NGC4190.phot.1_nonan.fits.gz
200	https://irsa.ipac.caltech.edu/data/SPITZER/S4G/galaxies/NGC4193/P4/NGC4193.phot.1_nonan.fits.gz
200	https://irsa.ipac.caltech.edu/data/SPITZER/S4G/galaxies/NGC4189/P4/NGC4189.phot.1_nonan.fits.gz
200	https://irsa.ipac.caltech.edu/data/SPITZER/S4G/galaxies/NGC5240/P4/NGC5240.phot.1_nonan.fits.gz
200	https://irsa.ipac.caltech.edu/data/SPITZER/S4G/galaxies/NGC5248/P4/NGC5248.phot.1_nonan.fits.gz
200	https://irsa.ipac.caltech.edu/data/SPITZER/S4G/galaxies/NGC5253/P4/NGC5253.phot.1_nonan.fits.gz
200	https://irsa.ipac.caltech.edu/data/SPITZER/S4G/galaxies/NGC5254/P4/NGC5254.phot.1_nonan.fits.gz
200	https://irsa.ipac.caltech.edu/data/SPITZER/S4G/galaxies/NGC5273/P4/NGC5273.phot.1_nonan.fits.gz
200	https://irsa.ipac.caltech.edu/data/SPITZER/S4G/galaxies/NGC5247/P4/NGC5247.phot.1_nonan.fits.gz
200	https://irsa.ipac.caltech.edu/data/SPITZER/S4G/galaxies/NGC5289/P4/NGC5289.phot.1_nonan.fits.gz
200	https://irsa.ipac.caltech.edu/data/SPITZER/S4G/galaxies/NGC5290/P4/NGC5290.phot.1_nonan.fits.gz
200	https://irsa.ipac.caltech.edu/data/SPITZER/S4G/galaxies/NGC5297/P4/NGC5297.phot.1_nonan.fits.gz
200	https://irsa.ipac.caltech.edu/data/SPITZER/S4G/galaxies/NGC5300/P4/NGC5300.phot.1_nonan.fits.gz
200	https://irsa.ipac.caltech.edu/data/SPITZER/S4G/galaxies/NGC5264/P4/NGC5264.phot.1_nonan.fits.gz
404	https://irsa.ipac.caltech.edu/data/SPITZER/S4G/galaxies/ESO603-005/P4/ESO603-005.phot.1_nonan.fits.gz
404	https://irsa.ipac.caltech.edu/data/SPITZER/S4G/galaxies/ESO603-006/P4/ESO603-006.phot.1_nonan.fits.gz
404	https://irsa.ipac.caltech.edu/data/SPITZER/S4G/galaxies/NGC1188/P4/NGC1188.phot.1_nonan.fits.gz
404	https://irsa.ipac.caltech.edu/data/SPITZER/S4G/galaxies/NGC1199/P4/NGC1199.phot.1_nonan.fits.gz
404	https://irsa.ipac.caltech.edu/data/SPITZER/S4G/galaxies/NGC1201/P4/NGC1201.phot.1_nonan.fits.gz
404	https://irsa.ipac.caltech.edu/data/SPITZER/S4G/galaxies/NGC1209/P4/NGC1209.phot.1_nonan.fits.gz
404	https://irsa.ipac.caltech.edu/data/SPITZER/S4G/galaxies/NGC1248/P4/NGC1248.phot.1_nonan.fits.gz
404	https://irsa.ipac.caltech.edu/data/SPITZER/S4G/galaxies/NGC1289/P4/NGC1289.phot.1_nonan.fits.gz
404	https://irsa.ipac.caltech.edu/data/SPITZER/S4G/galaxies/NGC1315/P4/NGC1315.phot.1_nonan.fits.gz
404	https://irsa.ipac.caltech.edu/data/SPITZER/S4G/galaxies/NGC1336/P4/NGC1336.phot.1_nonan.fits.gz
200	https://irsa.ipac.caltech.edu/data/SPITZER/S4G/galaxies/ESO286-044/P4/ESO286-044.phot.1_nonan.fits.gz
200	https://irsa.ipac.caltech.edu/data/SPITZER/S4G/galaxies/ESO287-009/P4/ESO287-009.phot.1_nonan.fits.gz
200	https://irsa.ipac.caltech.edu/data/SPITZER/S4G/galaxies/ESO288-013/P4/ESO288-013.phot.1_nonan.fits.gz
200	https://irsa.ipac.caltech.edu/data/SPITZER/S4G/galaxies/ESO287-043/P4/ESO287-043.phot.1_nonan.fits.gz
200	https://irsa.ipac.caltech.edu/data/SPITZER/S4G/galaxies/ESO287-037/P4/ESO287-037.phot.1_nonan.fits.gz
200	https://irsa.ipac.caltech.edu/data/SPITZER/S4G/galaxies/IC3611/P4/IC3611.phot.1_nonan.fits.gz
200	https://irsa.ipac.caltech.edu/data/SPITZER/S4G/galaxies/IC3687/P4/IC3687.phot.1_nonan.fits.gz
200	https://irsa.ipac.caltech.edu/data/SPITZER/S4G/galaxies/IC3727/P4/IC3727.phot.1_nonan.fits.gz
200	https://irsa.ipac.caltech.edu/data/SPITZER/S4G/galaxies/IC3631/P4/IC3631.phot.1_nonan.fits.gz
200	https://irsa.ipac.caltech.edu/data/SPITZER/S4G/galaxies/IC3718/P4/IC3718.phot.1_nonan.fits.gz
200	https://irsa.ipac.caltech.edu/data/SPITZER/S4G/galaxies/IC3806/P4/IC3806.phot.1_nonan.fits.gz
200	https://irsa.ipac.caltech.edu/data/SPITZER/S4G/galaxies/IC3908/P4/IC3908.phot.1_nonan.fits.gz
200	https://irsa.ipac.caltech.edu/data/SPITZER/S4G/galaxies/IC3881/P4/IC3881.phot.1_nonan.fits.gz
200	https://irsa.ipac.caltech.edu/data/SPITZER/S4G/galaxies/IC3742/P4/IC3742.phot.1_nonan.fits.gz
200	https://irsa.ipac.caltech.edu/data/SPITZER/S4G/galaxies/IC4213/P4/IC4213.phot.1_nonan.fits.gz
200	https://irsa.ipac.caltech.edu/data/SPITZER/S4G/galaxies/IC4182/P4/IC4182.phot.1_nonan.fits.gz
200	https://irsa.ipac.caltech.edu/data/SPITZER/S4G/galaxies/IC4216/P4/IC4216.phot.1_nonan.fits.gz
200	https://irsa.ipac.caltech.edu/data/SPITZER/S4G/galaxies/IC4214/P4/IC4214.phot.1_nonan.fits.gz
200	https://irsa.ipac.caltech.edu/data/SPITZER/S4G/galaxies/NGC4197/P4/NGC4197.phot.1_nonan.fits.gz
200	https://irsa.ipac.caltech.edu/data/SPITZER/S4G/galaxies/NGC4194/P4/NGC4194.phot.1_nonan.fits.gz
200	https://irsa.ipac.caltech.edu/data/SPITZER/S4G/galaxies/NGC4203/P4/NGC4203.phot.1_nonan.fits.gz
200	https://irsa.ipac.caltech.edu/data/SPITZER/S4G/galaxies/NGC4204/P4/NGC4204.phot.1_nonan.fits.gz
200	https://irsa.ipac.caltech.edu/data/SPITZER/S4G/galaxies/NGC4205/P4/NGC4205.phot.1_nonan.fits.gz
200	https://irsa.ipac.caltech.edu/data/SPITZER/S4G/galaxies/NGC4206/P4/NGC4206.phot.1_nonan.fits.gz
200	https://irsa.ipac.caltech.edu/data/SPITZER/S4G/galaxies/NGC4656/P4/NGC4656.phot.1_nonan.fits.gz
200	https://irsa.ipac.caltech.edu/data/SPITZER/S4G/galaxies/NGC4658/P4/NGC4658.phot.1_nonan.fits.gz
200	https://irsa.ipac.caltech.edu/data/SPITZER/S4G/galaxies/NGC4666/P4/NGC4666.phot.1_nonan.fits.gz
200	https://irsa.ipac.caltech.edu/data/SPITZER/S4G/galaxies/NGC4659/P4/NGC4659.phot.1_nonan.fits.gz
200	https://irsa.ipac.caltech.edu/data/SPITZER/S4G/galaxies/NGC4668/P4/NGC4668.phot.1_nonan.fits.gz
200	https://irsa.ipac.caltech.edu/data/SPITZER/S4G/galaxies/NGC4680/P4/NGC4680.phot.1_nonan.fits.gz
200	https://irsa.ipac.caltech.edu/data/SPITZER/S4G/galaxies/NGC4682/P4/NGC4682.phot.1_nonan.fits.gz
404	https://irsa.ipac.caltech.edu/data/SPITZER/S4G/galaxies/UGC05692/P4/UGC05692.phot.1_nonan.fits.gz
404	https://irsa.ipac.caltech.edu/data/SPITZER/S4G/galaxies/IC0127/P4/IC0127.phot.1_nonan.fits.gz
404	https://irsa.ipac.caltech.edu/data/SPITZER/S4G/galaxies/IC0277/P4/IC0277.phot.1_nonan.fits.gz
404	https://irsa.ipac.caltech.edu/data/SPITZER/S4G/galaxies/UGC05760/P4/UGC05760.phot.1_nonan.fits.gz
404	https://irsa.ipac.caltech.edu/data/SPITZER/S4G/galaxies/UGC06061/P4/UGC06061.phot.1_nonan.fits.gz
404	https://irsa.ipac.caltech.edu/data/SPITZER/S4G/galaxies/UGC05983/P4/UGC05983.phot.1_nonan.fits.gz
404	https://irsa.ipac.caltech.edu/data/SPITZER/S4G/galaxies/UGC06102/P4/UGC06102.phot.1_nonan.fits.gz
404	https://irsa.ipac.caltech.edu/data/SPITZER/S4G/galaxies/UGC06448/P4/UGC06448.phot.1_nonan.fits.gz
404	https://irsa.ipac.caltech.edu/data/SPITZER/S4G/galaxies/UGC06455/P4/UGC06455.phot.1_nonan.fits.gz
404	https://irsa.ipac.caltech.edu/data/SPITZER/S4G/galaxies/UGC06611/P4/UGC06611.phot.1_nonan.fits.gz
404	https://irsa.ipac.caltech.edu/data/SPITZER/S4G/galaxies/UGC06658/P4/UGC06658.phot.1_nonan.fits.gz
404	https://irsa.ipac.caltech.edu/data/SPITZER/S4G/galaxies/UGC05974/P4/UGC05974.phot.1_nonan.fits.gz
404	https://irsa.ipac.caltech.edu/data/SPITZER/S4G/galaxies/UGC06669/P4/UGC06669.phot.1_nonan.fits.gz
404	https://irsa.ipac.caltech.edu/data/SPITZER/S4G/galaxies/UGC06685/P4/UGC06685.phot.1_nonan.fits.gz
200	https://irsa.ipac.caltech.edu/data/SPITZER/S4G/galaxies/ESO289-010/P4/ESO289-010.phot.1_nonan.fits.gz
200	https://irsa.ipac.caltech.edu/data/SPITZER/S4G/galaxies/ESO289-048/P4/ESO289-048.phot.1_nonan.fits.gz
200	https://irsa.ipac.caltech.edu/data/SPITZER/S4G/galaxies/ESO291-024/P4/ESO291-024.phot.1_nonan.fits.gz
200	https://irsa.ipac.caltech.edu/data/SPITZER/S4G/galaxies/ESO292-014/P4/ESO292-014.phot.1_nonan.fits.gz
200	https://irsa.ipac.caltech.edu/data/SPITZER/S4G/galaxies/ESO298-015/P4/ESO298-015.phot.1_nonan.fits.gz
200	https://irsa.ipac.caltech.edu/data/SPITZER/S4G/galaxies/ESO293-045/P4/ESO293-045.phot.1_nonan.fits.gz
200	https://irsa.ipac.caltech.edu/data/SPITZER/S4G/galaxies/ESO289-026/P4/ESO289-026.phot.1_nonan.fits.gz
200	https://irsa.ipac.caltech.edu/data/SPITZER/S4G/galaxies/ESO011-005/P4/ESO011-005.phot.1_nonan.fits.gz
200	https://irsa.ipac.caltech.edu/data/SPITZER/S4G/galaxies/ESO012-010/P4/ESO012-010.phot.1_nonan.fits.gz
200	https://irsa.ipac.caltech.edu/data/SPITZER/S4G/galaxies/ESO293-034/P4/ESO293-034.phot.1_nonan.fits.gz
200	https://irsa.ipac.caltech.edu/data/SPITZER/S4G/galaxies/ESO015-001/P4/ESO015-001.phot.1_nonan.fits.gz
200	https://irsa.ipac.caltech.edu/data/SPITZER/S4G/galaxies/ESO013-016/P4/ESO013-016.phot.1_nonan.fits.gz
200	https://irsa.ipac.caltech.edu/data/SPITZER/S4G/galaxies/ESO012-014/P4/ESO012-014.phot.1_nonan.fits.gz
200	https://irsa.ipac.caltech.edu/data/SPITZER/S4G/galaxies/ESO026-001/P4/ESO026-001.phot.1_nonan.fits.gz
200	https://irsa.ipac.caltech.edu/data/SPITZER/S4G/galaxies/IC4221/P4/IC4221.phot.1_nonan.fits.gz
200	https://irsa.ipac.caltech.edu/data/SPITZER/S4G/galaxies/IC4237/P4/IC4237.phot.1_nonan.fits.gz
200	https://irsa.ipac.caltech.edu/data/SPITZER/S4G/galaxies/IC4247/P4/IC4247.phot.1_nonan.fits.gz
200	https://irsa.ipac.caltech.edu/data/SPITZER/S4G/galaxies/NGC0178/P4/NGC0178.phot.1_nonan.fits.gz
200	https://irsa.ipac.caltech.edu/data/SPITZER/S4G/galaxies/NGC0210/P4/NGC0210.phot.1_nonan.fits.gz
200	https://irsa.ipac.caltech.edu/data/SPITZER/S4G/galaxies/NGC0216/P4/NGC0216.phot.1_nonan.fits.gz
200	https://irsa.ipac.caltech.edu/data/SPITZER/S4G/galaxies/NGC0253/P4/NGC0253.phot.1_nonan.fits.gz
200	https://irsa.ipac.caltech.edu/data/SPITZER/S4G/galaxies/NGC0244/P4/NGC0244.phot.1_nonan.fits.gz
200	https://irsa.ipac.caltech.edu/data/SPITZER/S4G/galaxies/NGC0254/P4/NGC0254.phot.1_nonan.fits.gz
200	https://irsa.ipac.caltech.edu/data/SPITZER/S4G/galaxies/NGC0255/P4/NGC0255.phot.1_nonan.fits.gz
200	https://irsa.ipac.caltech.edu/data/SPITZER/S4G/galaxies/IC4231/P4/IC4231.phot.1_nonan.fits.gz
200	https://irsa.ipac.caltech.edu/data/SPITZER/S4G/galaxies/NGC0247/P4/NGC0247.phot.1_nonan.fits.gz
200	https://irsa.ipac.caltech.edu/data/SPITZER/S4G/galaxies/NGC0275/P4/NGC0275.phot.1_nonan.fits.gz
200	https://irsa.ipac.caltech.edu/data/SPITZER/S4G/galaxies/NGC0274/P4/NGC0274.phot.1_nonan.fits.gz
200	https://irsa.ipac.caltech.edu/data/SPITZER/S4G/galaxies/NGC4689/P4/NGC4689.phot.1_nonan.fits.gz
200	https://irsa.ipac.caltech.edu/data/SPITZER/S4G/galaxies/NGC4684/P4/NGC4684.phot.1_nonan.fits.gz
200	https://irsa.ipac.caltech.edu/data/SPITZER/S4G/galaxies/NGC4691/P4/NGC4691.phot.1_nonan.fits.gz
200	https://irsa.ipac.caltech.edu/data/SPITZER/S4G/galaxies/NGC4694/P4/NGC4694.phot.1_nonan.fits.gz
200	https://irsa.ipac.caltech.edu/data/SPITZER/S4G/galaxies/NGC4698/P4/NGC4698.phot.1_nonan.fits.gz
200	https://irsa.ipac.caltech.edu/data/SPITZER/S4G/galaxies/NGC5645/P4/NGC5645.phot.1_nonan.fits.gz
200	https://irsa.ipac.caltech.edu/data/SPITZER/S4G/galaxies/NGC5658/P4/NGC5658.phot.1_nonan.fits.gz
200	https://irsa.ipac.caltech.edu/data/SPITZER/S4G/galaxies/NGC5665/P4/NGC5665.phot.1_nonan.fits.gz
200	https://irsa.ipac.caltech.edu/data/SPITZER/S4G/galaxies/NGC4688/P4/NGC4688.phot.1_nonan.fits.gz
200	https://irsa.ipac.caltech.edu/data/SPITZER/S4G/galaxies/NGC5667/P4/NGC5667.phot.1_nonan.fits.gz
200	https://irsa.ipac.caltech.edu/data/SPITZER/S4G/galaxies/NGC5660/P4/NGC5660.phot.1_nonan.fits.gz
200	https://irsa.ipac.caltech.edu/data/SPITZER/S4G/galaxies/NGC5668/P4/NGC5668.phot.1_nonan.fits.gz
200	https://irsa.ipac.caltech.edu/data/SPITZER/S4G/galaxies/NGC5661/P4/NGC5661.phot.1_nonan.fits.gz
404	https://irsa.ipac.caltech.edu/data/SPITZER/S4G/galaxies/UGC06717/P4/UGC06717.phot.1_nonan.fits.gz
404	https://irsa.ipac.caltech.edu/data/SPITZER/S4G/galaxies/UGC06728/P4/UGC06728.phot.1_nonan.fits.gz
404	https://irsa.ipac.caltech.edu/data/SPITZER/S4G/galaxies/NGC1481/P4/NGC1481.phot.1_nonan.fits.gz
404	https://irsa.ipac.caltech.edu/data/SPITZER/S4G/galaxies/NGC1527/P4/NGC1527.phot.1_nonan.fits.gz
404	https://irsa.ipac.caltech.edu/data/SPITZER/S4G/galaxies/NGC1531/P4/NGC1531.phot.1_nonan.fits.gz
404	https://irsa.ipac.caltech.edu/data/SPITZER/S4G/galaxies/NGC1537/P4/NGC1537.phot.1_nonan.fits.gz
404	https://irsa.ipac.caltech.edu/data/SPITZER/S4G/galaxies/NGC1543/P4/NGC1543.phot.1_nonan.fits.gz
404	https://irsa.ipac.caltech.edu/data/SPITZER/S4G/galaxies/NGC1549/P4/NGC1549.phot.1_nonan.fits.gz
404	https://irsa.ipac.caltech.edu/data/SPITZER/S4G/galaxies/NGC1574/P4/NGC1574.phot.1_nonan.fits.gz
404	https://irsa.ipac.caltech.edu/data/SPITZER/S4G/galaxies/NGC1581/P4/NGC1581.phot.1_nonan.fits.gz
404	https://irsa.ipac.caltech.edu/data/SPITZER/S4G/galaxies/NGC1666/P4/NGC1666.phot.1_nonan.fits.gz
404	https://irsa.ipac.caltech.edu/data/SPITZER/S4G/galaxies/NGC1947/P4/NGC1947.phot.1_nonan.fits.gz
404	https://irsa.ipac.caltech.edu/data/SPITZER/S4G/galaxies/NGC2592/P4/NGC2592.phot.1_nonan.fits.gz
404	https://irsa.ipac.caltech.edu/data/SPITZER/S4G/galaxies/NGC2549/P4/NGC2549.phot.1_nonan.fits.gz
200	https://irsa.ipac.caltech.edu/data/SPITZER/S4G/galaxies/ESO027-001/P4/ESO027-001.phot.1_nonan.fits.gz
200	https://irsa.ipac.caltech.edu/data/SPITZER/S4G/galaxies/ESO027-008/P4/ESO027-008.phot.1_nonan.fits.gz
200	https://irsa.ipac.caltech.edu/data/SPITZER/S4G/galaxies/ESO054-021/P4/ESO054-021.phot.1_nonan.fits.gz
200	https://irsa.ipac.caltech.edu/data/SPITZER/S4G/galaxies/ESO048-017/P4/ESO048-017.phot.1_nonan.fits.gz
200	https://irsa.ipac.caltech.edu/data/SPITZER/S4G/galaxies/ESO079-003/P4/ESO079-003.phot.1_nonan.fits.gz
200	https://irsa.ipac.caltech.edu/data/SPITZER/S4G/galaxies/ESO079-005/P4/ESO079-005.phot.1_nonan.fits.gz
200	https://irsa.ipac.caltech.edu/data/SPITZER/S4G/galaxies/ESO085-014/P4/ESO085-014.phot.1_nonan.fits.gz
200	https://irsa.ipac.caltech.edu/data/SPITZER/S4G/galaxies/ESO079-007/P4/ESO079-007.phot.1_nonan.fits.gz
200	https://irsa.ipac.caltech.edu/data/SPITZER/S4G/galaxies/ESO085-030/P4/ESO085-030.phot.1_nonan.fits.gz
200	https://irsa.ipac.caltech.edu/data/SPITZER/S4G/galaxies/ESO085-047/P4/ESO085-047.phot.1_nonan.fits.gz
200	https://irsa.ipac.caltech.edu/data/SPITZER/S4G/galaxies/ESO114-007/P4/ESO114-007.phot.1_nonan.fits.gz
200	https://irsa.ipac.caltech.edu/data/SPITZER/S4G/galaxies/ESO107-016/P4/ESO107-016.phot.1_nonan.fits.gz
200	https://irsa.ipac.caltech.edu/data/SPITZER/S4G/galaxies/ESO115-021/P4/ESO115-021.phot.1_nonan.fits.gz
200	https://irsa.ipac.caltech.edu/data/SPITZER/S4G/galaxies/NGC0289/P4/NGC0289.phot.1_nonan.fits.gz
200	https://irsa.ipac.caltech.edu/data/SPITZER/S4G/galaxies/NGC0300/P4/NGC0300.phot.1_nonan.fits.gz
200	https://irsa.ipac.caltech.edu/data/SPITZER/S4G/galaxies/NGC0298/P4/NGC0298.phot.1_nonan.fits.gz
200	https://irsa.ipac.caltech.edu/data/SPITZER/S4G/galaxies/IC5039/P4/IC5039.phot.1_nonan.fits.gz
200	https://irsa.ipac.caltech.edu/data/SPITZER/S4G/galaxies/IC5052/P4/IC5052.phot.1_nonan.fits.gz
200	https://irsa.ipac.caltech.edu/data/SPITZER/S4G/galaxies/IC5078/P4/IC5078.phot.1_nonan.fits.gz
200	https://irsa.ipac.caltech.edu/data/SPITZER/S4G/galaxies/IC5069/P4/IC5069.phot.1_nonan.fits.gz
200	https://irsa.ipac.caltech.edu/data/SPITZER/S4G/galaxies/IC5105B/P4/IC5105B.phot.1_nonan.fits.gz
200	https://irsa.ipac.caltech.edu/data/SPITZER/S4G/galaxies/IC5152/P4/IC5152.phot.1_nonan.fits.gz
200	https://irsa.ipac.caltech.edu/data/SPITZER/S4G/galaxies/IC5170/P4/IC5170.phot.1_nonan.fits.gz
200	https://irsa.ipac.caltech.edu/data/SPITZER/S4G/galaxies/IC5156/P4/IC5156.phot.1_nonan.fits.gz
200	https://irsa.ipac.caltech.edu/data/SPITZER/S4G/galaxies/IC5176/P4/IC5176.phot.1_nonan.fits.gz
200	https://irsa.ipac.caltech.edu/data/SPITZER/S4G/galaxies/IC5201/P4/IC5201.phot.1_nonan.fits.gz
200	https://irsa.ipac.caltech.edu/data/SPITZER/S4G/galaxies/NGC5673/P4/NGC5673.phot.1_nonan.fits.gz
200	https://irsa.ipac.caltech.edu/data/SPITZER/S4G/galaxies/NGC5669/P4/NGC5669.phot.1_nonan.fits.gz
200	https://irsa.ipac.caltech.edu/data/SPITZER/S4G/galaxies/NGC5690/P4/NGC5690.phot.1_nonan.fits.gz
200	https://irsa.ipac.caltech.edu/data/SPITZER/S4G/galaxies/NGC5689/P4/NGC5689.phot.1_nonan.fits.gz
200	https://irsa.ipac.caltech.edu/data/SPITZER/S4G/galaxies/NGC3432/P4/NGC3432.phot.1_nonan.fits.gz
200	https://irsa.ipac.caltech.edu/data/SPITZER/S4G/galaxies/NGC3433/P4/NGC3433.phot.1_nonan.fits.gz
200	https://irsa.ipac.caltech.edu/data/SPITZER/S4G/galaxies/NGC5676/P4/NGC5676.phot.1_nonan.fits.gz
200	https://irsa.ipac.caltech.edu/data/SPITZER/S4G/galaxies/NGC5678/P4/NGC5678.phot.1_nonan.fits.gz
200	https://irsa.ipac.caltech.edu/data/SPITZER/S4G/galaxies/NGC3437/P4/NGC3437.phot.1_nonan.fits.gz
200	https://irsa.ipac.caltech.edu/data/SPITZER/S4G/galaxies/NGC3440/P4/NGC3440.phot.1_nonan.fits.gz
200	https://irsa.ipac.caltech.edu/data/SPITZER/S4G/galaxies/NGC3443/P4/NGC3443.phot.1_nonan.fits.gz
200	https://irsa.ipac.caltech.edu/data/SPITZER/S4G/galaxies/NGC3445/P4/NGC3445.phot.1_nonan.fits.gz
200	https://irsa.ipac.caltech.edu/data/SPITZER/S4G/galaxies/NGC3447A/P4/NGC3447A.phot.1_nonan.fits.gz
200	https://irsa.ipac.caltech.edu/data/SPITZER/S4G/galaxies/NGC3447/P4/NGC3447.phot.1_nonan.fits.gz
404	https://irsa.ipac.caltech.edu/data/SPITZER/S4G/galaxies/NGC2634/P4/NGC2634.phot.1_nonan.fits.gz
404	https://irsa.ipac.caltech.edu/data/SPITZER/S4G/galaxies/NGC7097/P4/NGC7097.phot.1_nonan.fits.gz
404	https://irsa.ipac.caltech.edu/data/SPITZER/S4G/galaxies/NGC7135/P4/NGC7135.phot.1_nonan.fits.gz
404	https://irsa.ipac.caltech.edu/data/SPITZER/S4G/galaxies/NGC7144/P4/NGC7144.phot.1_nonan.fits.gz
404	https://irsa.ipac.caltech.edu/data/SPITZER/S4G/galaxies/NGC7145/P4/NGC7145.phot.1_nonan.fits.gz
404	https://irsa.ipac.caltech.edu/data/SPITZER/S4G/galaxies/NGC7155/P4/NGC7155.phot.1_nonan.fits.gz
404	https://irsa.ipac.caltech.edu/data/SPITZER/S4G/galaxies/NGC7168/P4/NGC7168.phot.1_nonan.fits.gz
404	https://irsa.ipac.caltech.edu/data/SPITZER/S4G/galaxies/NGC7173/P4/NGC7173.phot.1_nonan.fits.gz
404	https://irsa.ipac.caltech.edu/data/SPITZER/S4G/galaxies/NGC7176/P4/NGC7176.phot.1_nonan.fits.gz
404	https://irsa.ipac.caltech.edu/data/SPITZER/S4G/galaxies/NGC7185/P4/NGC7185.phot.1_nonan.fits.gz
404	https://irsa.ipac.caltech.edu/data/SPITZER/S4G/galaxies/NGC7192/P4/NGC7192.phot.1_nonan.fits.gz
404	https://irsa.ipac.caltech.edu/data/SPITZER/S4G/galaxies/NGC7187/P4/NGC7187.phot.1_nonan.fits.gz
404	https://irsa.ipac.caltech.edu/data/SPITZER/S4G/galaxies/NGC7196/P4/NGC7196.phot.1_nonan.fits.gz
200	https://irsa.ipac.caltech.edu/data/SPITZER/S4G/galaxies/ESO116-012/P4/ESO116-012.phot.1_nonan.fits.gz
200	https://irsa.ipac.caltech.edu/data/SPITZER/S4G/galaxies/ESO120-012/P4/ESO120-012.phot.1_nonan.fits.gz
200	https://irsa.ipac.caltech.edu/data/SPITZER/S4G/galaxies/ESO119-016/P4/ESO119-016.phot.1_nonan.fits.gz
200	https://irsa.ipac.caltech.edu/data/SPITZER/S4G/galaxies/ESO120-021/P4/ESO120-021.phot.1_nonan.fits.gz
200	https://irsa.ipac.caltech.edu/data/SPITZER/S4G/galaxies/ESO145-025/P4/ESO145-025.phot.1_nonan.fits.gz
200	https://irsa.ipac.caltech.edu/data/SPITZER/S4G/galaxies/ESO146-014/P4/ESO146-014.phot.1_nonan.fits.gz
200	https://irsa.ipac.caltech.edu/data/SPITZER/S4G/galaxies/ESO149-001/P4/ESO149-001.phot.1_nonan.fits.gz
200	https://irsa.ipac.caltech.edu/data/SPITZER/S4G/galaxies/ESO361-019/P4/ESO361-019.phot.1_nonan.fits.gz
200	https://irsa.ipac.caltech.edu/data/SPITZER/S4G/galaxies/ESO362-009/P4/ESO362-009.phot.1_nonan.fits.gz
200	https://irsa.ipac.caltech.edu/data/SPITZER/S4G/galaxies/ESO362-019/P4/ESO362-019.phot.1_nonan.fits.gz
200	https://irsa.ipac.caltech.edu/data/SPITZER/S4G/galaxies/ESO362-011/P4/ESO362-011.phot.1_nonan.fits.gz
200	https://irsa.ipac.caltech.edu/data/SPITZER/S4G/galaxies/ESO399-025/P4/ESO399-025.phot.1_nonan.fits.gz
200	https://irsa.ipac.caltech.edu/data/SPITZER/S4G/galaxies/ESO400-025/P4/ESO400-025.phot.1_nonan.fits.gz
200	https://irsa.ipac.caltech.edu/data/SPITZER/S4G/galaxies/NGC3448/P4/NGC3448.phot.1_nonan.fits.gz
200	https://irsa.ipac.caltech.edu/data/SPITZER/S4G/galaxies/ESO402-025/P4/ESO402-025.phot.1_nonan.fits.gz
200	https://irsa.ipac.caltech.edu/data/SPITZER/S4G/galaxies/NGC3454/P4/NGC3454.phot.1_nonan.fits.gz
200	https://irsa.ipac.caltech.edu/data/SPITZER/S4G/galaxies/NGC3455/P4/NGC3455.phot.1_nonan.fits.gz
200	https://irsa.ipac.caltech.edu/data/SPITZER/S4G/galaxies/NGC3468/P4/NGC3468.phot.1_nonan.fits.gz
200	https://irsa.ipac.caltech.edu/data/SPITZER/S4G/galaxies/NGC3471/P4/NGC3471.phot.1_nonan.fits.gz
200	https://irsa.ipac.caltech.edu/data/SPITZER/S4G/galaxies/NGC4207/P4/NGC4207.phot.1_nonan.fits.gz
200	https://irsa.ipac.caltech.edu/data/SPITZER/S4G/galaxies/NGC4210/P4/NGC4210.phot.1_nonan.fits.gz
200	https://irsa.ipac.caltech.edu/data/SPITZER/S4G/galaxies/NGC4214/P4/NGC4214.phot.1_nonan.fits.gz
200	https://irsa.ipac.caltech.edu/data/SPITZER/S4G/galaxies/NGC4212/P4/NGC4212.phot.1_nonan.fits.gz
200	https://irsa.ipac.caltech.edu/data/SPITZER/S4G/galaxies/NGC4216/P4/NGC4216.phot.1_nonan.fits.gz
200	https://irsa.ipac.caltech.edu/data/SPITZER/S4G/galaxies/NGC4217/P4/NGC4217.phot.1_nonan.fits.gz
200	https://irsa.ipac.caltech.edu/data/SPITZER/S4G/galaxies/NGC4222/P4/NGC4222.phot.1_nonan.fits.gz
200	https://irsa.ipac.caltech.edu/data/SPITZER/S4G/galaxies/NGC4220/P4/NGC4220.phot.1_nonan.fits.gz
404	https://irsa.ipac.caltech.edu/data/SPITZER/S4G/galaxies/NGC7200/P4/NGC7200.phot.1_nonan.fits.gz
404	https://irsa.ipac.caltech.edu/data/SPITZER/S4G/galaxies/NGC7302/P4/NGC7302.phot.1_nonan.fits.gz
404	https://irsa.ipac.caltech.edu/data/SPITZER/S4G/galaxies/IC0540/P4/IC0540.phot.1_nonan.fits.gz
404	https://irsa.ipac.caltech.edu/data/SPITZER/S4G/galaxies/IC0559/P4/IC0559.phot.1_nonan.fits.gz
404	https://irsa.ipac.caltech.edu/data/SPITZER/S4G/galaxies/IC0782/P4/IC0782.phot.1_nonan.fits.gz
404	https://irsa.ipac.caltech.edu/data/SPITZER/S4G/galaxies/IC1980/P4/IC1980.phot.1_nonan.fits.gz
404	https://irsa.ipac.caltech.edu/data/SPITZER/S4G/galaxies/IC2009/P4/IC2009.phot.1_nonan.fits.gz
404	https://irsa.ipac.caltech.edu/data/SPITZER/S4G/galaxies/IC2049/P4/IC2049.phot.1_nonan.fits.gz
404	https://irsa.ipac.caltech.edu/data/SPITZER/S4G/galaxies/IC2038/P4/IC2038.phot.1_nonan.fits.gz
404	https://irsa.ipac.caltech.edu/data/SPITZER/S4G/galaxies/IC3077/P4/IC3077.phot.1_nonan.fits.gz
404	https://irsa.ipac.caltech.edu/data/SPITZER/S4G/galaxies/IC3118/P4/IC3118.phot.1_nonan.fits.gz
404	https://irsa.ipac.caltech.edu/data/SPITZER/S4G/galaxies/IC3459/P4/IC3459.phot.1_nonan.fits.gz
404	https://irsa.ipac.caltech.edu/data/SPITZER/S4G/galaxies/IC3430/P4/IC3430.phot.1_nonan.fits.gz
404	https://irsa.ipac.caltech.edu/data/SPITZER/S4G/galaxies/IC3471/P4/IC3471.phot.1_nonan.fits.gz
200	https://irsa.ipac.caltech.edu/data/SPITZER/S4G/galaxies/ESO402-026/P4/ESO402-026.phot.1_nonan.fits.gz
200	https://irsa.ipac.caltech.edu/data/SPITZER/S4G/galaxies/ESO402-030/P4/ESO402-030.phot.1_nonan.fits.gz
200	https://irsa.ipac.caltech.edu/data/SPITZER/S4G/galaxies/ESO403-024/P4/ESO403-024.phot.1_nonan.fits.gz
200	https://irsa.ipac.caltech.edu/data/SPITZER/S4G/galaxies/ESO403-031/P4/ESO403-031.phot.1_nonan.fits.gz
200	https://irsa.ipac.caltech.edu/data/SPITZER/S4G/galaxies/ESO404-003/P4/ESO404-003.phot.1_nonan.fits.gz
200	https://irsa.ipac.caltech.edu/data/SPITZER/S4G/galaxies/ESO404-012/P4/ESO404-012.phot.1_nonan.fits.gz
200	https://irsa.ipac.caltech.edu/data/SPITZER/S4G/galaxies/ESO298-023/P4/ESO298-023.phot.1_nonan.fits.gz
200	https://irsa.ipac.caltech.edu/data/SPITZER/S4G/galaxies/ESO300-014/P4/ESO300-014.phot.1_nonan.fits.gz
200	https://irsa.ipac.caltech.edu/data/SPITZER/S4G/galaxies/ESO302-009/P4/ESO302-009.phot.1_nonan.fits.gz
200	https://irsa.ipac.caltech.edu/data/SPITZER/S4G/galaxies/ESO302-021/P4/ESO302-021.phot.1_nonan.fits.gz
200	https://irsa.ipac.caltech.edu/data/SPITZER/S4G/galaxies/ESO302-014/P4/ESO302-014.phot.1_nonan.fits.gz
200	https://irsa.ipac.caltech.edu/data/SPITZER/S4G/galaxies/ESO305-009/P4/ESO305-009.phot.1_nonan.fits.gz
200	https://irsa.ipac.caltech.edu/data/SPITZER/S4G/galaxies/ESO305-017/P4/ESO305-017.phot.1_nonan.fits.gz
200	https://irsa.ipac.caltech.edu/data/SPITZER/S4G/galaxies/IC5249/P4/IC5249.phot.1_nonan.fits.gz
200	https://irsa.ipac.caltech.edu/data/SPITZER/S4G/galaxies/IC5240/P4/IC5240.phot.1_nonan.fits.gz
200	https://irsa.ipac.caltech.edu/data/SPITZER/S4G/galaxies/IC5264/P4/IC5264.phot.1_nonan.fits.gz
200	https://irsa.ipac.caltech.edu/data/SPITZER/S4G/galaxies/UGC09875/P4/UGC09875.phot.1_nonan.fits.gz
200	https://irsa.ipac.caltech.edu/data/SPITZER/S4G/galaxies/UGC09936/P4/UGC09936.phot.1_nonan.fits.gz
200	https://irsa.ipac.caltech.edu/data/SPITZER/S4G/galaxies/UGC09951/P4/UGC09951.phot.1_nonan.fits.gz
200	https://irsa.ipac.caltech.edu/data/SPITZER/S4G/galaxies/UGC09977/P4/UGC09977.phot.1_nonan.fits.gz
200	https://irsa.ipac.caltech.edu/data/SPITZER/S4G/galaxies/UGC09979/P4/UGC09979.phot.1_nonan.fits.gz
200	https://irsa.ipac.caltech.edu/data/SPITZER/S4G/galaxies/UGC09992/P4/UGC09992.phot.1_nonan.fits.gz
200	https://irsa.ipac.caltech.edu/data/SPITZER/S4G/galaxies/UGC09991/P4/UGC09991.phot.1_nonan.fits.gz
200	https://irsa.ipac.caltech.edu/data/SPITZER/S4G/galaxies/UGC10014/P4/UGC10014.phot.1_nonan.fits.gz
200	https://irsa.ipac.caltech.edu/data/SPITZER/S4G/galaxies/UGC10020/P4/UGC10020.phot.1_nonan.fits.gz
200	https://irsa.ipac.caltech.edu/data/SPITZER/S4G/galaxies/UGC10041/P4/UGC10041.phot.1_nonan.fits.gz
200	https://irsa.ipac.caltech.edu/data/SPITZER/S4G/galaxies/UGC10025/P4/UGC10025.phot.1_nonan.fits.gz
200	https://irsa.ipac.caltech.edu/data/SPITZER/S4G/galaxies/UGC10043/P4/UGC10043.phot.1_nonan.fits.gz
200	https://irsa.ipac.caltech.edu/data/SPITZER/S4G/galaxies/UGC10054/P4/UGC10054.phot.1_nonan.fits.gz
200	https://irsa.ipac.caltech.edu/data/SPITZER/S4G/galaxies/NGC7817/P4/NGC7817.phot.1_nonan.fits.gz
200	https://irsa.ipac.caltech.edu/data/SPITZER/S4G/galaxies/PGC002492/P4/PGC002492.phot.1_nonan.fits.gz
200	https://irsa.ipac.caltech.edu/data/SPITZER/S4G/galaxies/PGC000143/P4/PGC000143.phot.1_nonan.fits.gz
200	https://irsa.ipac.caltech.edu/data/SPITZER/S4G/galaxies/PGC002689/P4/PGC002689.phot.1_nonan.fits.gz
200	https://irsa.ipac.caltech.edu/data/SPITZER/S4G/galaxies/PGC002805/P4/PGC002805.phot.1_nonan.fits.gz
200	https://irsa.ipac.caltech.edu/data/SPITZER/S4G/galaxies/PGC003853/P4/PGC003853.phot.1_nonan.fits.gz
200	https://irsa.ipac.caltech.edu/data/SPITZER/S4G/galaxies/PGC003062/P4/PGC003062.phot.1_nonan.fits.gz
200	https://irsa.ipac.caltech.edu/data/SPITZER/S4G/galaxies/PGC003855/P4/PGC003855.phot.1_nonan.fits.gz
200	https://irsa.ipac.caltech.edu/data/SPITZER/S4G/galaxies/PGC004143/P4/PGC004143.phot.1_nonan.fits.gz
200	https://irsa.ipac.caltech.edu/data/SPITZER/S4G/galaxies/PGC005341/P4/PGC005341.phot.1_nonan.fits.gz
200	https://irsa.ipac.caltech.edu/data/SPITZER/S4G/galaxies/PGC005329/P4/PGC005329.phot.1_nonan.fits.gz
200	https://irsa.ipac.caltech.edu/data/SPITZER/S4G/galaxies/NGC4224/P4/NGC4224.phot.1_nonan.fits.gz
200	https://irsa.ipac.caltech.edu/data/SPITZER/S4G/galaxies/NGC4235/P4/NGC4235.phot.1_nonan.fits.gz
200	https://irsa.ipac.caltech.edu/data/SPITZER/S4G/galaxies/NGC4234/P4/NGC4234.phot.1_nonan.fits.gz
200	https://irsa.ipac.caltech.edu/data/SPITZER/S4G/galaxies/NGC4236/P4/NGC4236.phot.1_nonan.fits.gz
200	https://irsa.ipac.caltech.edu/data/SPITZER/S4G/galaxies/NGC4237/P4/NGC4237.phot.1_nonan.fits.gz
200	https://irsa.ipac.caltech.edu/data/SPITZER/S4G/galaxies/IC1447/P4/IC1447.phot.1_nonan.fits.gz
200	https://irsa.ipac.caltech.edu/data/SPITZER/S4G/galaxies/IC1438/P4/IC1438.phot.1_nonan.fits.gz
200	https://irsa.ipac.caltech.edu/data/SPITZER/S4G/galaxies/IC1532/P4/IC1532.phot.1_nonan.fits.gz
200	https://irsa.ipac.caltech.edu/data/SPITZER/S4G/galaxies/IC1553/P4/IC1553.phot.1_nonan.fits.gz
200	https://irsa.ipac.caltech.edu/data/SPITZER/S4G/galaxies/IC1574/P4/IC1574.phot.1_nonan.fits.gz
200	https://irsa.ipac.caltech.edu/data/SPITZER/S4G/galaxies/IC1558/P4/IC1558.phot.1_nonan.fits.gz
200	https://irsa.ipac.caltech.edu/data/SPITZER/S4G/galaxies/IC1555/P4/IC1555.phot.1_nonan.fits.gz
200	https://irsa.ipac.caltech.edu/data/SPITZER/S4G/galaxies/IC1596/P4/IC1596.phot.1_nonan.fits.gz
404	https://irsa.ipac.caltech.edu/data/SPITZER/S4G/galaxies/IC3530/P4/IC3530.phot.1_nonan.fits.gz
404	https://irsa.ipac.caltech.edu/data/SPITZER/S4G/galaxies/IC3518/P4/IC3518.phot.1_nonan.fits.gz
200	https://irsa.ipac.caltech.edu/data/SPITZER/S4G/galaxies/IC1613/P4/IC1613.phot.1_nonan.fits.gz
404	https://irsa.ipac.caltech.edu/data/SPITZER/S4G/galaxies/UGC06756/P4/UGC06756.phot.1_nonan.fits.gz
404	https://irsa.ipac.caltech.edu/data/SPITZER/S4G/galaxies/UGC06764/P4/UGC06764.phot.1_nonan.fits.gz
404	https://irsa.ipac.caltech.edu/data/SPITZER/S4G/galaxies/UGC06919/P4/UGC06919.phot.1_nonan.fits.gz
404	https://irsa.ipac.caltech.edu/data/SPITZER/S4G/galaxies/UGC06881/P4/UGC06881.phot.1_nonan.fits.gz
404	https://irsa.ipac.caltech.edu/data/SPITZER/S4G/galaxies/UGC06988/P4/UGC06988.phot.1_nonan.fits.gz
404	https://irsa.ipac.caltech.edu/data/SPITZER/S4G/galaxies/UGC06998/P4/UGC06998.phot.1_nonan.fits.gz
404	https://irsa.ipac.caltech.edu/data/SPITZER/S4G/galaxies/UGC06992/P4/UGC06992.phot.1_nonan.fits.gz
404	https://irsa.ipac.caltech.edu/data/SPITZER/S4G/galaxies/UGC07038/P4/UGC07038.phot.1_nonan.fits.gz
404	https://irsa.ipac.caltech.edu/data/SPITZER/S4G/galaxies/UGC07138/P4/UGC07138.phot.1_nonan.fits.gz
200	https://irsa.ipac.caltech.edu/data/SPITZER/S4G/galaxies/ESO149-003/P4/ESO149-003.phot.1_nonan.fits.gz
200	https://irsa.ipac.caltech.edu/data/SPITZER/S4G/galaxies/ESO150-005/P4/ESO150-005.phot.1_nonan.fits.gz
200	https://irsa.ipac.caltech.edu/data/SPITZER/S4G/galaxies/ESO154-023/P4/ESO154-023.phot.1_nonan.fits.gz
200	https://irsa.ipac.caltech.edu/data/SPITZER/S4G/galaxies/ESO340-008/P4/ESO340-008.phot.1_nonan.fits.gz
200	https://irsa.ipac.caltech.edu/data/SPITZER/S4G/galaxies/ESO340-009/P4/ESO340-009.phot.1_nonan.fits.gz
200	https://irsa.ipac.caltech.edu/data/SPITZER/S4G/galaxies/ESO340-017/P4/ESO340-017.phot.1_nonan.fits.gz
200	https://irsa.ipac.caltech.edu/data/SPITZER/S4G/galaxies/ESO340-042/P4/ESO340-042.phot.1_nonan.fits.gz
200	https://irsa.ipac.caltech.edu/data/SPITZER/S4G/galaxies/ESO341-032/P4/ESO341-032.phot.1_nonan.fits.gz
200	https://irsa.ipac.caltech.edu/data/SPITZER/S4G/galaxies/ESO342-013/P4/ESO342-013.phot.1_nonan.fits.gz
200	https://irsa.ipac.caltech.edu/data/SPITZER/S4G/galaxies/ESO342-050/P4/ESO342-050.phot.1_nonan.fits.gz
200	https://irsa.ipac.caltech.edu/data/SPITZER/S4G/galaxies/ESO345-046/P4/ESO345-046.phot.1_nonan.fits.gz
200	https://irsa.ipac.caltech.edu/data/SPITZER/S4G/galaxies/ESO346-001/P4/ESO346-001.phot.1_nonan.fits.gz
200	https://irsa.ipac.caltech.edu/data/SPITZER/S4G/galaxies/ESO347-017/P4/ESO347-017.phot.1_nonan.fits.gz
200	https://irsa.ipac.caltech.edu/data/SPITZER/S4G/galaxies/ESO347-008/P4/ESO347-008.phot.1_nonan.fits.gz
200	https://irsa.ipac.caltech.edu/data/SPITZER/S4G/galaxies/ESO346-014/P4/ESO346-014.phot.1_nonan.fits.gz
200	https://irsa.ipac.caltech.edu/data/SPITZER/S4G/galaxies/ESO347-029/P4/ESO347-029.phot.1_nonan.fits.gz
200	https://irsa.ipac.caltech.edu/data/SPITZER/S4G/galaxies/PGC006190/P4/PGC006190.phot.1_nonan.fits.gz
200	https://irsa.ipac.caltech.edu/data/SPITZER/S4G/galaxies/PGC006048/P4/PGC006048.phot.1_nonan.fits.gz
200	https://irsa.ipac.caltech.edu/data/SPITZER/S4G/galaxies/UGC01176/P4/UGC01176.phot.1_nonan.fits.gz
200	https://irsa.ipac.caltech.edu/data/SPITZER/S4G/galaxies/UGC01195/P4/UGC01195.phot.1_nonan.fits.gz
200	https://irsa.ipac.caltech.edu/data/SPITZER/S4G/galaxies/UGC01200/P4/UGC01200.phot.1_nonan.fits.gz
200	https://irsa.ipac.caltech.edu/data/SPITZER/S4G/galaxies/UGC01197/P4/UGC01197.phot.1_nonan.fits.gz
200	https://irsa.ipac.caltech.edu/data/SPITZER/S4G/galaxies/UGC01240/P4/UGC01240.phot.1_nonan.fits.gz
200	https://irsa.ipac.caltech.edu/data/SPITZER/S4G/galaxies/UGC01500/P4/UGC01500.phot.1_nonan.fits.gz
200	https://irsa.ipac.caltech.edu/data/SPITZER/S4G/galaxies/UGC01551/P4/UGC01551.phot.1_nonan.fits.gz
200	https://irsa.ipac.caltech.edu/data/SPITZER/S4G/galaxies/UGC01547/P4/UGC01547.phot.1_nonan.fits.gz
200	https://irsa.ipac.caltech.edu/data/SPITZER/S4G/galaxies/UGC01670/P4/UGC01670.phot.1_nonan.fits.gz
200	https://irsa.ipac.caltech.edu/data/SPITZER/S4G/galaxies/UGC01753/P4/UGC01753.phot.1_nonan.fits.gz
200	https://irsa.ipac.caltech.edu/data/SPITZER/S4G/galaxies/UGC01839/P4/UGC01839.phot.1_nonan.fits.gz
200	https://irsa.ipac.caltech.edu/data/SPITZER/S4G/galaxies/UGC01803/P4/UGC01803.phot.1_nonan.fits.gz
200	https://irsa.ipac.caltech.edu/data/SPITZER/S4G/galaxies/IC1711/P4/IC1711.phot.1_nonan.fits.gz
200	https://irsa.ipac.caltech.edu/data/SPITZER/S4G/galaxies/IC1727/P4/IC1727.phot.1_nonan.fits.gz
200	https://irsa.ipac.caltech.edu/data/SPITZER/S4G/galaxies/IC1892/P4/IC1892.phot.1_nonan.fits.gz
200	https://irsa.ipac.caltech.edu/data/SPITZER/S4G/galaxies/IC1826/P4/IC1826.phot.1_nonan.fits.gz
200	https://irsa.ipac.caltech.edu/data/SPITZER/S4G/galaxies/IC1870/P4/IC1870.phot.1_nonan.fits.gz
200	https://irsa.ipac.caltech.edu/data/SPITZER/S4G/galaxies/IC3023/P4/IC3023.phot.1_nonan.fits.gz
200	https://irsa.ipac.caltech.edu/data/SPITZER/S4G/galaxies/IC3044/P4/IC3044.phot.1_nonan.fits.gz
200	https://irsa.ipac.caltech.edu/data/SPITZER/S4G/galaxies/IC3059/P4/IC3059.phot.1_nonan.fits.gz
200	https://irsa.ipac.caltech.edu/data/SPITZER/S4G/galaxies/IC3033/P4/IC3033.phot.1_nonan.fits.gz
200	https://irsa.ipac.caltech.edu/data/SPITZER/S4G/galaxies/IC3061/P4/IC3061.phot.1_nonan.fits.gz
200	https://irsa.ipac.caltech.edu/data/SPITZER/S4G/galaxies/IC3099/P4/IC3099.phot.1_nonan.fits.gz
200	https://irsa.ipac.caltech.edu/data/SPITZER/S4G/galaxies/IC3102/P4/IC3102.phot.1_nonan.fits.gz
200	https://irsa.ipac.caltech.edu/data/SPITZER/S4G/galaxies/IC3105/P4/IC3105.phot.1_nonan.fits.gz
200	https://irsa.ipac.caltech.edu/data/SPITZER/S4G/galaxies/ESO157-049/P4/ESO157-049.phot.1_nonan.fits.gz
200	https://irsa.ipac.caltech.edu/data/SPITZER/S4G/galaxies/ESO187-051/P4/ESO187-051.phot.1_nonan.fits.gz
200	https://irsa.ipac.caltech.edu/data/SPITZER/S4G/galaxies/ESO187-035/P4/ESO187-035.phot.1_nonan.fits.gz
200	https://irsa.ipac.caltech.edu/data/SPITZER/S4G/galaxies/ESO159-025/P4/ESO159-025.phot.1_nonan.fits.gz
200	https://irsa.ipac.caltech.edu/data/SPITZER/S4G/galaxies/ESO202-035/P4/ESO202-035.phot.1_nonan.fits.gz
200	https://irsa.ipac.caltech.edu/data/SPITZER/S4G/galaxies/ESO234-049/P4/ESO234-049.phot.1_nonan.fits.gz
200	https://irsa.ipac.caltech.edu/data/SPITZER/S4G/galaxies/ESO202-041/P4/ESO202-041.phot.1_nonan.fits.gz
200	https://irsa.ipac.caltech.edu/data/SPITZER/S4G/galaxies/ESO234-043/P4/ESO234-043.phot.1_nonan.fits.gz
200	https://irsa.ipac.caltech.edu/data/SPITZER/S4G/galaxies/ESO236-039/P4/ESO236-039.phot.1_nonan.fits.gz
200	https://irsa.ipac.caltech.edu/data/SPITZER/S4G/galaxies/ESO237-052/P4/ESO237-052.phot.1_nonan.fits.gz
200	https://irsa.ipac.caltech.edu/data/SPITZER/S4G/galaxies/ESO237-049/P4/ESO237-049.phot.1_nonan.fits.gz
200	https://irsa.ipac.caltech.edu/data/SPITZER/S4G/galaxies/ESO238-018/P4/ESO238-018.phot.1_nonan.fits.gz
200	https://irsa.ipac.caltech.edu/data/SPITZER/S4G/galaxies/ESO240-004/P4/ESO240-004.phot.1_nonan.fits.gz
200	https://irsa.ipac.caltech.edu/data/SPITZER/S4G/galaxies/ESO355-026/P4/ESO355-026.phot.1_nonan.fits.gz
200	https://irsa.ipac.caltech.edu/data/SPITZER/S4G/galaxies/ESO356-018/P4/ESO356-018.phot.1_nonan.fits.gz
200	https://irsa.ipac.caltech.edu/data/SPITZER/S4G/galaxies/ESO357-007/P4/ESO357-007.phot.1_nonan.fits.gz
200	https://irsa.ipac.caltech.edu/data/SPITZER/S4G/galaxies/ESO357-012/P4/ESO357-012.phot.1_nonan.fits.gz
200	https://irsa.ipac.caltech.edu/data/SPITZER/S4G/galaxies/ESO357-025/P4/ESO357-025.phot.1_nonan.fits.gz
200	https://irsa.ipac.caltech.edu/data/SPITZER/S4G/galaxies/ESO358-015/P4/ESO358-015.phot.1_nonan.fits.gz
200	https://irsa.ipac.caltech.edu/data/SPITZER/S4G/galaxies/ESO358-005/P4/ESO358-005.phot.1_nonan.fits.gz
200	https://irsa.ipac.caltech.edu/data/SPITZER/S4G/galaxies/ESO358-051/P4/ESO358-051.phot.1_nonan.fits.gz
200	https://irsa.ipac.caltech.edu/data/SPITZER/S4G/galaxies/ESO358-020/P4/ESO358-020.phot.1_nonan.fits.gz
200	https://irsa.ipac.caltech.edu/data/SPITZER/S4G/galaxies/ESO358-054/P4/ESO358-054.phot.1_nonan.fits.gz
200	https://irsa.ipac.caltech.edu/data/SPITZER/S4G/galaxies/ESO358-025/P4/ESO358-025.phot.1_nonan.fits.gz
200	https://irsa.ipac.caltech.edu/data/SPITZER/S4G/galaxies/ESO358-060/P4/ESO358-060.phot.1_nonan.fits.gz
200	https://irsa.ipac.caltech.edu/data/SPITZER/S4G/galaxies/ESO358-063/P4/ESO358-063.phot.1_nonan.fits.gz
200	https://irsa.ipac.caltech.edu/data/SPITZER/S4G/galaxies/ESO359-003/P4/ESO359-003.phot.1_nonan.fits.gz
200	https://irsa.ipac.caltech.edu/data/SPITZER/S4G/galaxies/UGC01862/P4/UGC01862.phot.1_nonan.fits.gz
200	https://irsa.ipac.caltech.edu/data/SPITZER/S4G/galaxies/UGC06816/P4/UGC06816.phot.1_nonan.fits.gz
200	https://irsa.ipac.caltech.edu/data/SPITZER/S4G/galaxies/UGC06818/P4/UGC06818.phot.1_nonan.fits.gz
200	https://irsa.ipac.caltech.edu/data/SPITZER/S4G/galaxies/UGC06817/P4/UGC06817.phot.1_nonan.fits.gz
200	https://irsa.ipac.caltech.edu/data/SPITZER/S4G/galaxies/UGC06840/P4/UGC06840.phot.1_nonan.fits.gz
200	https://irsa.ipac.caltech.edu/data/SPITZER/S4G/galaxies/UGC06862/P4/UGC06862.phot.1_nonan.fits.gz
200	https://irsa.ipac.caltech.edu/data/SPITZER/S4G/galaxies/UGC06849/P4/UGC06849.phot.1_nonan.fits.gz
200	https://irsa.ipac.caltech.edu/data/SPITZER/S4G/galaxies/UGC06879/P4/UGC06879.phot.1_nonan.fits.gz
200	https://irsa.ipac.caltech.edu/data/SPITZER/S4G/galaxies/UGC06894/P4/UGC06894.phot.1_nonan.fits.gz
200	https://irsa.ipac.caltech.edu/data/SPITZER/S4G/galaxies/UGC06900/P4/UGC06900.phot.1_nonan.fits.gz
200	https://irsa.ipac.caltech.edu/data/SPITZER/S4G/galaxies/UGC06903/P4/UGC06903.phot.1_nonan.fits.gz
200	https://irsa.ipac.caltech.edu/data/SPITZER/S4G/galaxies/UGC06912/P4/UGC06912.phot.1_nonan.fits.gz
200	https://irsa.ipac.caltech.edu/data/SPITZER/S4G/galaxies/UGC06917/P4/UGC06917.phot.1_nonan.fits.gz
200	https://irsa.ipac.caltech.edu/data/SPITZER/S4G/galaxies/IC3115/P4/IC3115.phot.1_nonan.fits.gz
200	https://irsa.ipac.caltech.edu/data/SPITZER/S4G/galaxies/IC3215/P4/IC3215.phot.1_nonan.fits.gz
200	https://irsa.ipac.caltech.edu/data/SPITZER/S4G/galaxies/IC3247/P4/IC3247.phot.1_nonan.fits.gz
200	https://irsa.ipac.caltech.edu/data/SPITZER/S4G/galaxies/IC2006/P4/IC2006.phot.1_nonan.fits.gz
200	https://irsa.ipac.caltech.edu/data/SPITZER/S4G/galaxies/IC3155/P4/IC3155.phot.1_nonan.fits.gz
200	https://irsa.ipac.caltech.edu/data/SPITZER/S4G/galaxies/IC2032/P4/IC2032.phot.1_nonan.fits.gz
200	https://irsa.ipac.caltech.edu/data/SPITZER/S4G/galaxies/IC2007/P4/IC2007.phot.1_nonan.fits.gz
200	https://irsa.ipac.caltech.edu/data/SPITZER/S4G/galaxies/IC3229/P4/IC3229.phot.1_nonan.fits.gz
200	https://irsa.ipac.caltech.edu/data/SPITZER/S4G/galaxies/IC2035/P4/IC2035.phot.1_nonan.fits.gz
200	https://irsa.ipac.caltech.edu/data/SPITZER/S4G/galaxies/IC2040/P4/IC2040.phot.1_nonan.fits.gz
200	https://irsa.ipac.caltech.edu/data/SPITZER/S4G/galaxies/IC2051/P4/IC2051.phot.1_nonan.fits.gz
200	https://irsa.ipac.caltech.edu/data/SPITZER/S4G/galaxies/IC2056/P4/IC2056.phot.1_nonan.fits.gz
200	https://irsa.ipac.caltech.edu/data/SPITZER/S4G/galaxies/IC2058/P4/IC2058.phot.1_nonan.fits.gz
200	https://irsa.ipac.caltech.edu/data/SPITZER/S4G/galaxies/IC2085/P4/IC2085.phot.1_nonan.fits.gz
200	https://irsa.ipac.caltech.edu/data/SPITZER/S4G/galaxies/ESO240-011/P4/ESO240-011.phot.1_nonan.fits.gz
200	https://irsa.ipac.caltech.edu/data/SPITZER/S4G/galaxies/ESO245-005/P4/ESO245-005.phot.1_nonan.fits.gz
200	https://irsa.ipac.caltech.edu/data/SPITZER/S4G/galaxies/ESO245-007/P4/ESO245-007.phot.1_nonan.fits.gz
200	https://irsa.ipac.caltech.edu/data/SPITZER/S4G/galaxies/ESO248-002/P4/ESO248-002.phot.1_nonan.fits.gz
200	https://irsa.ipac.caltech.edu/data/SPITZER/S4G/galaxies/ESO249-008/P4/ESO249-008.phot.1_nonan.fits.gz
200	https://irsa.ipac.caltech.edu/data/SPITZER/S4G/galaxies/ESO249-026/P4/ESO249-026.phot.1_nonan.fits.gz
200	https://irsa.ipac.caltech.edu/data/SPITZER/S4G/galaxies/ESO249-027/P4/ESO249-027.phot.1_nonan.fits.gz
200	https://irsa.ipac.caltech.edu/data/SPITZER/S4G/galaxies/ESO249-036/P4/ESO249-036.phot.1_nonan.fits.gz
200	https://irsa.ipac.caltech.edu/data/SPITZER/S4G/galaxies/ESO249-035/P4/ESO249-035.phot.1_nonan.fits.gz
200	https://irsa.ipac.caltech.edu/data/SPITZER/S4G/galaxies/ESO285-048/P4/ESO285-048.phot.1_nonan.fits.gz
200	https://irsa.ipac.caltech.edu/data/SPITZER/S4G/galaxies/NGC2551/P4/NGC2551.phot.1_nonan.fits.gz
200	https://irsa.ipac.caltech.edu/data/SPITZER/S4G/galaxies/NGC2591/P4/NGC2591.phot.1_nonan.fits.gz
200	https://irsa.ipac.caltech.edu/data/SPITZER/S4G/galaxies/NGC2552/P4/NGC2552.phot.1_nonan.fits.gz
200	https://irsa.ipac.caltech.edu/data/SPITZER/S4G/galaxies/NGC2604/P4/NGC2604.phot.1_nonan.fits.gz
200	https://irsa.ipac.caltech.edu/data/SPITZER/S4G/galaxies/ESO359-022/P4/ESO359-022.phot.1_nonan.fits.gz
200	https://irsa.ipac.caltech.edu/data/SPITZER/S4G/galaxies/ESO359-029/P4/ESO359-029.phot.1_nonan.fits.gz
200	https://irsa.ipac.caltech.edu/data/SPITZER/S4G/galaxies/ESO359-031/P4/ESO359-031.phot.1_nonan.fits.gz
200	https://irsa.ipac.caltech.edu/data/SPITZER/S4G/galaxies/ESO361-009/P4/ESO361-009.phot.1_nonan.fits.gz
200	https://irsa.ipac.caltech.edu/data/SPITZER/S4G/galaxies/ESO361-015/P4/ESO361-015.phot.1_nonan.fits.gz
200	https://irsa.ipac.caltech.edu/data/SPITZER/S4G/galaxies/ESO443-080/P4/ESO443-080.phot.1_nonan.fits.gz
200	https://irsa.ipac.caltech.edu/data/SPITZER/S4G/galaxies/ESO443-079/P4/ESO443-079.phot.1_nonan.fits.gz
200	https://irsa.ipac.caltech.edu/data/SPITZER/S4G/galaxies/ESO443-085/P4/ESO443-085.phot.1_nonan.fits.gz
200	https://irsa.ipac.caltech.edu/data/SPITZER/S4G/galaxies/ESO444-033/P4/ESO444-033.phot.1_nonan.fits.gz
200	https://irsa.ipac.caltech.edu/data/SPITZER/S4G/galaxies/ESO444-037/P4/ESO444-037.phot.1_nonan.fits.gz
200	https://irsa.ipac.caltech.edu/data/SPITZER/S4G/galaxies/ESO444-078/P4/ESO444-078.phot.1_nonan.fits.gz
200	https://irsa.ipac.caltech.edu/data/SPITZER/S4G/galaxies/ESO445-089/P4/ESO445-089.phot.1_nonan.fits.gz
200	https://irsa.ipac.caltech.edu/data/SPITZER/S4G/galaxies/ESO462-031/P4/ESO462-031.phot.1_nonan.fits.gz
200	https://irsa.ipac.caltech.edu/data/SPITZER/S4G/galaxies/IC2135/P4/IC2135.phot.1_nonan.fits.gz
200	https://irsa.ipac.caltech.edu/data/SPITZER/S4G/galaxies/IC2233/P4/IC2233.phot.1_nonan.fits.gz
200	https://irsa.ipac.caltech.edu/data/SPITZER/S4G/galaxies/IC2361/P4/IC2361.phot.1_nonan.fits.gz
200	https://irsa.ipac.caltech.edu/data/SPITZER/S4G/galaxies/IC2389/P4/IC2389.phot.1_nonan.fits.gz
200	https://irsa.ipac.caltech.edu/data/SPITZER/S4G/galaxies/IC2461/P4/IC2461.phot.1_nonan.fits.gz
200	https://irsa.ipac.caltech.edu/data/SPITZER/S4G/galaxies/IC2574/P4/IC2574.phot.1_nonan.fits.gz
200	https://irsa.ipac.caltech.edu/data/SPITZER/S4G/galaxies/IC2604/P4/IC2604.phot.1_nonan.fits.gz
200	https://irsa.ipac.caltech.edu/data/SPITZER/S4G/galaxies/IC2627/P4/IC2627.phot.1_nonan.fits.gz
200	https://irsa.ipac.caltech.edu/data/SPITZER/S4G/galaxies/IC2764/P4/IC2764.phot.1_nonan.fits.gz
200	https://irsa.ipac.caltech.edu/data/SPITZER/S4G/galaxies/IC2763/P4/IC2763.phot.1_nonan.fits.gz
200	https://irsa.ipac.caltech.edu/data/SPITZER/S4G/galaxies/IC2828/P4/IC2828.phot.1_nonan.fits.gz
200	https://irsa.ipac.caltech.edu/data/SPITZER/S4G/galaxies/IC2963/P4/IC2963.phot.1_nonan.fits.gz
200	https://irsa.ipac.caltech.edu/data/SPITZER/S4G/galaxies/IC2969/P4/IC2969.phot.1_nonan.fits.gz
200	https://irsa.ipac.caltech.edu/data/SPITZER/S4G/galaxies/NGC2608/P4/NGC2608.phot.1_nonan.fits.gz
200	https://irsa.ipac.caltech.edu/data/SPITZER/S4G/galaxies/NGC2633/P4/NGC2633.phot.1_nonan.fits.gz
200	https://irsa.ipac.caltech.edu/data/SPITZER/S4G/galaxies/NGC2634A/P4/NGC2634A.phot.1_nonan.fits.gz
200	https://irsa.ipac.caltech.edu/data/SPITZER/S4G/galaxies/NGC2648/P4/NGC2648.phot.1_nonan.fits.gz
200	https://irsa.ipac.caltech.edu/data/SPITZER/S4G/galaxies/NGC2654/P4/NGC2654.phot.1_nonan.fits.gz
200	https://irsa.ipac.caltech.edu/data/SPITZER/S4G/galaxies/NGC2655/P4/NGC2655.phot.1_nonan.fits.gz
200	https://irsa.ipac.caltech.edu/data/SPITZER/S4G/galaxies/NGC2681/P4/NGC2681.phot.1_nonan.fits.gz
200	https://irsa.ipac.caltech.edu/data/SPITZER/S4G/galaxies/NGC2684/P4/NGC2684.phot.1_nonan.fits.gz
200	https://irsa.ipac.caltech.edu/data/SPITZER/S4G/galaxies/NGC2683/P4/NGC2683.phot.1_nonan.fits.gz
200	https://irsa.ipac.caltech.edu/data/SPITZER/S4G/galaxies/NGC2685/P4/NGC2685.phot.1_nonan.fits.gz
200	https://irsa.ipac.caltech.edu/data/SPITZER/S4G/galaxies/NGC2701/P4/NGC2701.phot.1_nonan.fits.gz
200	https://irsa.ipac.caltech.edu/data/SPITZER/S4G/galaxies/NGC2710/P4/NGC2710.phot.1_nonan.fits.gz
200	https://irsa.ipac.caltech.edu/data/SPITZER/S4G/galaxies/NGC2712/P4/NGC2712.phot.1_nonan.fits.gz
200	https://irsa.ipac.caltech.edu/data/SPITZER/S4G/galaxies/ESO466-014/P4/ESO466-014.phot.1_nonan.fits.gz
200	https://irsa.ipac.caltech.edu/data/SPITZER/S4G/galaxies/ESO466-036/P4/ESO466-036.phot.1_nonan.fits.gz
200	https://irsa.ipac.caltech.edu/data/SPITZER/S4G/galaxies/ESO469-008/P4/ESO469-008.phot.1_nonan.fits.gz
200	https://irsa.ipac.caltech.edu/data/SPITZER/S4G/galaxies/ESO467-051/P4/ESO467-051.phot.1_nonan.fits.gz
200	https://irsa.ipac.caltech.edu/data/SPITZER/S4G/galaxies/ESO469-015/P4/ESO469-015.phot.1_nonan.fits.gz
200	https://irsa.ipac.caltech.edu/data/SPITZER/S4G/galaxies/ESO404-017/P4/ESO404-017.phot.1_nonan.fits.gz
200	https://irsa.ipac.caltech.edu/data/SPITZER/S4G/galaxies/ESO404-027/P4/ESO404-027.phot.1_nonan.fits.gz
200	https://irsa.ipac.caltech.edu/data/SPITZER/S4G/galaxies/ESO404-018/P4/ESO404-018.phot.1_nonan.fits.gz
200	https://irsa.ipac.caltech.edu/data/SPITZER/S4G/galaxies/ESO406-042/P4/ESO406-042.phot.1_nonan.fits.gz
200	https://irsa.ipac.caltech.edu/data/SPITZER/S4G/galaxies/ESO407-007/P4/ESO407-007.phot.1_nonan.fits.gz
200	https://irsa.ipac.caltech.edu/data/SPITZER/S4G/galaxies/ESO407-009/P4/ESO407-009.phot.1_nonan.fits.gz
200	https://irsa.ipac.caltech.edu/data/SPITZER/S4G/galaxies/ESO407-014/P4/ESO407-014.phot.1_nonan.fits.gz
200	https://irsa.ipac.caltech.edu/data/SPITZER/S4G/galaxies/ESO407-018/P4/ESO407-018.phot.1_nonan.fits.gz
200	https://irsa.ipac.caltech.edu/data/SPITZER/S4G/galaxies/ESO408-012/P4/ESO408-012.phot.1_nonan.fits.gz
200	https://irsa.ipac.caltech.edu/data/SPITZER/S4G/galaxies/UGC06922/P4/UGC06922.phot.1_nonan.fits.gz
200	https://irsa.ipac.caltech.edu/data/SPITZER/S4G/galaxies/UGC10061/P4/UGC10061.phot.1_nonan.fits.gz
200	https://irsa.ipac.caltech.edu/data/SPITZER/S4G/galaxies/UGC10194/P4/UGC10194.phot.1_nonan.fits.gz
200	https://irsa.ipac.caltech.edu/data/SPITZER/S4G/galaxies/UGC10288/P4/UGC10288.phot.1_nonan.fits.gz
200	https://irsa.ipac.caltech.edu/data/SPITZER/S4G/galaxies/UGC10290/P4/UGC10290.phot.1_nonan.fits.gz
200	https://irsa.ipac.caltech.edu/data/SPITZER/S4G/galaxies/UGC10297/P4/UGC10297.phot.1_nonan.fits.gz
200	https://irsa.ipac.caltech.edu/data/SPITZER/S4G/galaxies/UGC10310/P4/UGC10310.phot.1_nonan.fits.gz
200	https://irsa.ipac.caltech.edu/data/SPITZER/S4G/galaxies/UGC10413/P4/UGC10413.phot.1_nonan.fits.gz
200	https://irsa.ipac.caltech.edu/data/SPITZER/S4G/galaxies/UGC10445/P4/UGC10445.phot.1_nonan.fits.gz
200	https://irsa.ipac.caltech.edu/data/SPITZER/S4G/galaxies/UGC10437/P4/UGC10437.phot.1_nonan.fits.gz
200	https://irsa.ipac.caltech.edu/data/SPITZER/S4G/galaxies/UGC10477/P4/UGC10477.phot.1_nonan.fits.gz
200	https://irsa.ipac.caltech.edu/data/SPITZER/S4G/galaxies/UGC10608/P4/UGC10608.phot.1_nonan.fits.gz
200	https://irsa.ipac.caltech.edu/data/SPITZER/S4G/galaxies/UGC10713/P4/UGC10713.phot.1_nonan.fits.gz
200	https://irsa.ipac.caltech.edu/data/SPITZER/S4G/galaxies/UGC10650/P4/UGC10650.phot.1_nonan.fits.gz
200	https://irsa.ipac.caltech.edu/data/SPITZER/S4G/galaxies/IC2995/P4/IC2995.phot.1_nonan.fits.gz
200	https://irsa.ipac.caltech.edu/data/SPITZER/S4G/galaxies/IC2996/P4/IC2996.phot.1_nonan.fits.gz
200	https://irsa.ipac.caltech.edu/data/SPITZER/S4G/galaxies/IC3005/P4/IC3005.phot.1_nonan.fits.gz
200	https://irsa.ipac.caltech.edu/data/SPITZER/S4G/galaxies/IC3021/P4/IC3021.phot.1_nonan.fits.gz
200	https://irsa.ipac.caltech.edu/data/SPITZER/S4G/galaxies/IC4263/P4/IC4263.phot.1_nonan.fits.gz
200	https://irsa.ipac.caltech.edu/data/SPITZER/S4G/galaxies/IC4407/P4/IC4407.phot.1_nonan.fits.gz
200	https://irsa.ipac.caltech.edu/data/SPITZER/S4G/galaxies/IC4468/P4/IC4468.phot.1_nonan.fits.gz
200	https://irsa.ipac.caltech.edu/data/SPITZER/S4G/galaxies/IC4536/P4/IC4536.phot.1_nonan.fits.gz
200	https://irsa.ipac.caltech.edu/data/SPITZER/S4G/galaxies/IC4582/P4/IC4582.phot.1_nonan.fits.gz
200	https://irsa.ipac.caltech.edu/data/SPITZER/S4G/galaxies/IC4660/P4/IC4660.phot.1_nonan.fits.gz
200	https://irsa.ipac.caltech.edu/data/SPITZER/S4G/galaxies/IC4901/P4/IC4901.phot.1_nonan.fits.gz
200	https://irsa.ipac.caltech.edu/data/SPITZER/S4G/galaxies/IC4951/P4/IC4951.phot.1_nonan.fits.gz
200	https://irsa.ipac.caltech.edu/data/SPITZER/S4G/galaxies/NGC2715/P4/NGC2715.phot.1_nonan.fits.gz
200	https://irsa.ipac.caltech.edu/data/SPITZER/S4G/galaxies/NGC2726/P4/NGC2726.phot.1_nonan.fits.gz
200	https://irsa.ipac.caltech.edu/data/SPITZER/S4G/galaxies/NGC2731/P4/NGC2731.phot.1_nonan.fits.gz
200	https://irsa.ipac.caltech.edu/data/SPITZER/S4G/galaxies/IC4351/P4/IC4351.phot.1_nonan.fits.gz
200	https://irsa.ipac.caltech.edu/data/SPITZER/S4G/galaxies/IC4316/P4/IC4316.phot.1_nonan.fits.gz
200	https://irsa.ipac.caltech.edu/data/SPITZER/S4G/galaxies/NGC2732/P4/NGC2732.phot.1_nonan.fits.gz
200	https://irsa.ipac.caltech.edu/data/SPITZER/S4G/galaxies/NGC2735/P4/NGC2735.phot.1_nonan.fits.gz
200	https://irsa.ipac.caltech.edu/data/SPITZER/S4G/galaxies/NGC2743/P4/NGC2743.phot.1_nonan.fits.gz
200	https://irsa.ipac.caltech.edu/data/SPITZER/S4G/galaxies/NGC2748/P4/NGC2748.phot.1_nonan.fits.gz
200	https://irsa.ipac.caltech.edu/data/SPITZER/S4G/galaxies/NGC2742/P4/NGC2742.phot.1_nonan.fits.gz
200	https://irsa.ipac.caltech.edu/data/SPITZER/S4G/galaxies/NGC2750/P4/NGC2750.phot.1_nonan.fits.gz
200	https://irsa.ipac.caltech.edu/data/SPITZER/S4G/galaxies/NGC2764/P4/NGC2764.phot.1_nonan.fits.gz
200	https://irsa.ipac.caltech.edu/data/SPITZER/S4G/galaxies/NGC2768/P4/NGC2768.phot.1_nonan.fits.gz
200	https://irsa.ipac.caltech.edu/data/SPITZER/S4G/galaxies/NGC2770/P4/NGC2770.phot.1_nonan.fits.gz
200	https://irsa.ipac.caltech.edu/data/SPITZER/S4G/galaxies/NGC2775/P4/NGC2775.phot.1_nonan.fits.gz
200	https://irsa.ipac.caltech.edu/data/SPITZER/S4G/galaxies/ESO410-012/P4/ESO410-012.phot.1_nonan.fits.gz
200	https://irsa.ipac.caltech.edu/data/SPITZER/S4G/galaxies/NGC2776/P4/NGC2776.phot.1_nonan.fits.gz
200	https://irsa.ipac.caltech.edu/data/SPITZER/S4G/galaxies/ESO409-015/P4/ESO409-015.phot.1_nonan.fits.gz
200	https://irsa.ipac.caltech.edu/data/SPITZER/S4G/galaxies/ESO410-018/P4/ESO410-018.phot.1_nonan.fits.gz
200	https://irsa.ipac.caltech.edu/data/SPITZER/S4G/galaxies/ESO411-013/P4/ESO411-013.phot.1_nonan.fits.gz
200	https://irsa.ipac.caltech.edu/data/SPITZER/S4G/galaxies/ESO411-026/P4/ESO411-026.phot.1_nonan.fits.gz
200	https://irsa.ipac.caltech.edu/data/SPITZER/S4G/galaxies/ESO418-008/P4/ESO418-008.phot.1_nonan.fits.gz
200	https://irsa.ipac.caltech.edu/data/SPITZER/S4G/galaxies/ESO418-009/P4/ESO418-009.phot.1_nonan.fits.gz
200	https://irsa.ipac.caltech.edu/data/SPITZER/S4G/galaxies/ESO420-009/P4/ESO420-009.phot.1_nonan.fits.gz
200	https://irsa.ipac.caltech.edu/data/SPITZER/S4G/galaxies/ESO419-013/P4/ESO419-013.phot.1_nonan.fits.gz
200	https://irsa.ipac.caltech.edu/data/SPITZER/S4G/galaxies/ESO420-006/P4/ESO420-006.phot.1_nonan.fits.gz
200	https://irsa.ipac.caltech.edu/data/SPITZER/S4G/galaxies/ESO421-019/P4/ESO421-019.phot.1_nonan.fits.gz
200	https://irsa.ipac.caltech.edu/data/SPITZER/S4G/galaxies/ESO422-005/P4/ESO422-005.phot.1_nonan.fits.gz
200	https://irsa.ipac.caltech.edu/data/SPITZER/S4G/galaxies/ESO422-033/P4/ESO422-033.phot.1_nonan.fits.gz
200	https://irsa.ipac.caltech.edu/data/SPITZER/S4G/galaxies/IC5267/P4/IC5267.phot.1_nonan.fits.gz
200	https://irsa.ipac.caltech.edu/data/SPITZER/S4G/galaxies/IC5269/P4/IC5269.phot.1_nonan.fits.gz
200	https://irsa.ipac.caltech.edu/data/SPITZER/S4G/galaxies/IC5269A/P4/IC5269A.phot.1_nonan.fits.gz
200	https://irsa.ipac.caltech.edu/data/SPITZER/S4G/galaxies/IC5269B/P4/IC5269B.phot.1_nonan.fits.gz
200	https://irsa.ipac.caltech.edu/data/SPITZER/S4G/galaxies/IC5269C/P4/IC5269C.phot.1_nonan.fits.gz
200	https://irsa.ipac.caltech.edu/data/SPITZER/S4G/galaxies/IC5270/P4/IC5270.phot.1_nonan.fits.gz
200	https://irsa.ipac.caltech.edu/data/SPITZER/S4G/galaxies/IC5271/P4/IC5271.phot.1_nonan.fits.gz
200	https://irsa.ipac.caltech.edu/data/SPITZER/S4G/galaxies/IC5273/P4/IC5273.phot.1_nonan.fits.gz
200	https://irsa.ipac.caltech.edu/data/SPITZER/S4G/galaxies/IC5321/P4/IC5321.phot.1_nonan.fits.gz
200	https://irsa.ipac.caltech.edu/data/SPITZER/S4G/galaxies/IC5332/P4/IC5332.phot.1_nonan.fits.gz
200	https://irsa.ipac.caltech.edu/data/SPITZER/S4G/galaxies/IC5325/P4/IC5325.phot.1_nonan.fits.gz
200	https://irsa.ipac.caltech.edu/data/SPITZER/S4G/galaxies/IC5333/P4/IC5333.phot.1_nonan.fits.gz
200	https://irsa.ipac.caltech.edu/data/SPITZER/S4G/galaxies/IC5334/P4/IC5334.phot.1_nonan.fits.gz
200	https://irsa.ipac.caltech.edu/data/SPITZER/S4G/galaxies/NGC0007/P4/NGC0007.phot.1_nonan.fits.gz
200	https://irsa.ipac.caltech.edu/data/SPITZER/S4G/galaxies/NGC0014/P4/NGC0014.phot.1_nonan.fits.gz
200	https://irsa.ipac.caltech.edu/data/SPITZER/S4G/galaxies/NGC0024/P4/NGC0024.phot.1_nonan.fits.gz
200	https://irsa.ipac.caltech.edu/data/SPITZER/S4G/galaxies/NGC0045/P4/NGC0045.phot.1_nonan.fits.gz
200	https://irsa.ipac.caltech.edu/data/SPITZER/S4G/galaxies/NGC0059/P4/NGC0059.phot.1_nonan.fits.gz
200	https://irsa.ipac.caltech.edu/data/SPITZER/S4G/galaxies/NGC0100/P4/NGC0100.phot.1_nonan.fits.gz
200	https://irsa.ipac.caltech.edu/data/SPITZER/S4G/galaxies/NGC0063/P4/NGC0063.phot.1_nonan.fits.gz
200	https://irsa.ipac.caltech.edu/data/SPITZER/S4G/galaxies/NGC0055/P4/NGC0055.phot.1_nonan.fits.gz
200	https://irsa.ipac.caltech.edu/data/SPITZER/S4G/galaxies/NGC0134/P4/NGC0134.phot.1_nonan.fits.gz
200	https://irsa.ipac.caltech.edu/data/SPITZER/S4G/galaxies/NGC0131/P4/NGC0131.phot.1_nonan.fits.gz
200	https://irsa.ipac.caltech.edu/data/SPITZER/S4G/galaxies/NGC0148/P4/NGC0148.phot.1_nonan.fits.gz
200	https://irsa.ipac.caltech.edu/data/SPITZER/S4G/galaxies/NGC0150/P4/NGC0150.phot.1_nonan.fits.gz
200	https://irsa.ipac.caltech.edu/data/SPITZER/S4G/galaxies/NGC0115/P4/NGC0115.phot.1_nonan.fits.gz
200	https://irsa.ipac.caltech.edu/data/SPITZER/S4G/galaxies/NGC0772/P4/NGC0772.phot.1_nonan.fits.gz
200	https://irsa.ipac.caltech.edu/data/SPITZER/S4G/galaxies/NGC0779/P4/NGC0779.phot.1_nonan.fits.gz
200	https://irsa.ipac.caltech.edu/data/SPITZER/S4G/galaxies/NGC0814/P4/NGC0814.phot.1_nonan.fits.gz
200	https://irsa.ipac.caltech.edu/data/SPITZER/S4G/galaxies/NGC0157/P4/NGC0157.phot.1_nonan.fits.gz
200	https://irsa.ipac.caltech.edu/data/SPITZER/S4G/galaxies/NGC0803/P4/NGC0803.phot.1_nonan.fits.gz
200	https://irsa.ipac.caltech.edu/data/SPITZER/S4G/galaxies/NGC0784/P4/NGC0784.phot.1_nonan.fits.gz
200	https://irsa.ipac.caltech.edu/data/SPITZER/S4G/galaxies/NGC0864/P4/NGC0864.phot.1_nonan.fits.gz
200	https://irsa.ipac.caltech.edu/data/SPITZER/S4G/galaxies/NGC0855/P4/NGC0855.phot.1_nonan.fits.gz
200	https://irsa.ipac.caltech.edu/data/SPITZER/S4G/galaxies/NGC0865/P4/NGC0865.phot.1_nonan.fits.gz
200	https://irsa.ipac.caltech.edu/data/SPITZER/S4G/galaxies/NGC0895/P4/NGC0895.phot.1_nonan.fits.gz
200	https://irsa.ipac.caltech.edu/data/SPITZER/S4G/galaxies/NGC0907/P4/NGC0907.phot.1_nonan.fits.gz
200	https://irsa.ipac.caltech.edu/data/SPITZER/S4G/galaxies/NGC0908/P4/NGC0908.phot.1_nonan.fits.gz
200	https://irsa.ipac.caltech.edu/data/SPITZER/S4G/galaxies/NGC0899/P4/NGC0899.phot.1_nonan.fits.gz
200	https://irsa.ipac.caltech.edu/data/SPITZER/S4G/galaxies/NGC0918/P4/NGC0918.phot.1_nonan.fits.gz
200	https://irsa.ipac.caltech.edu/data/SPITZER/S4G/galaxies/IC4986/P4/IC4986.phot.1_nonan.fits.gz
200	https://irsa.ipac.caltech.edu/data/SPITZER/S4G/galaxies/NGC0660/P4/NGC0660.phot.1_nonan.fits.gz
200	https://irsa.ipac.caltech.edu/data/SPITZER/S4G/galaxies/IC5007/P4/IC5007.phot.1_nonan.fits.gz
200	https://irsa.ipac.caltech.edu/data/SPITZER/S4G/galaxies/NGC0672/P4/NGC0672.phot.1_nonan.fits.gz
200	https://irsa.ipac.caltech.edu/data/SPITZER/S4G/galaxies/NGC0676/P4/NGC0676.phot.1_nonan.fits.gz
200	https://irsa.ipac.caltech.edu/data/SPITZER/S4G/galaxies/IC5026/P4/IC5026.phot.1_nonan.fits.gz
200	https://irsa.ipac.caltech.edu/data/SPITZER/S4G/galaxies/NGC0678/P4/NGC0678.phot.1_nonan.fits.gz
200	https://irsa.ipac.caltech.edu/data/SPITZER/S4G/galaxies/NGC0681/P4/NGC0681.phot.1_nonan.fits.gz
200	https://irsa.ipac.caltech.edu/data/SPITZER/S4G/galaxies/NGC0680/P4/NGC0680.phot.1_nonan.fits.gz
200	https://irsa.ipac.caltech.edu/data/SPITZER/S4G/galaxies/NGC0685/P4/NGC0685.phot.1_nonan.fits.gz
200	https://irsa.ipac.caltech.edu/data/SPITZER/S4G/galaxies/NGC0701/P4/NGC0701.phot.1_nonan.fits.gz
200	https://irsa.ipac.caltech.edu/data/SPITZER/S4G/galaxies/NGC0693/P4/NGC0693.phot.1_nonan.fits.gz
200	https://irsa.ipac.caltech.edu/data/SPITZER/S4G/galaxies/NGC0691/P4/NGC0691.phot.1_nonan.fits.gz
200	https://irsa.ipac.caltech.edu/data/SPITZER/S4G/galaxies/NGC2780/P4/NGC2780.phot.1_nonan.fits.gz
200	https://irsa.ipac.caltech.edu/data/SPITZER/S4G/galaxies/NGC2782/P4/NGC2782.phot.1_nonan.fits.gz
200	https://irsa.ipac.caltech.edu/data/SPITZER/S4G/galaxies/NGC2793/P4/NGC2793.phot.1_nonan.fits.gz
200	https://irsa.ipac.caltech.edu/data/SPITZER/S4G/galaxies/NGC2787/P4/NGC2787.phot.1_nonan.fits.gz
200	https://irsa.ipac.caltech.edu/data/SPITZER/S4G/galaxies/NGC2798/P4/NGC2798.phot.1_nonan.fits.gz
200	https://irsa.ipac.caltech.edu/data/SPITZER/S4G/galaxies/NGC2799/P4/NGC2799.phot.1_nonan.fits.gz
200	https://irsa.ipac.caltech.edu/data/SPITZER/S4G/galaxies/NGC2805/P4/NGC2805.phot.1_nonan.fits.gz
200	https://irsa.ipac.caltech.edu/data/SPITZER/S4G/galaxies/NGC2814/P4/NGC2814.phot.1_nonan.fits.gz
404	https://irsa.ipac.caltech.edu/data/SPITZER/S4G/galaxies/NGC5858/P4/NGC5858.phot.1_nonan.fits.gz
404	https://irsa.ipac.caltech.edu/data/SPITZER/S4G/galaxies/NGC5869/P4/NGC5869.phot.1_nonan.fits.gz
404	https://irsa.ipac.caltech.edu/data/SPITZER/S4G/galaxies/NGC5870/P4/NGC5870.phot.1_nonan.fits.gz
404	https://irsa.ipac.caltech.edu/data/SPITZER/S4G/galaxies/NGC5890/P4/NGC5890.phot.1_nonan.fits.gz
404	https://irsa.ipac.caltech.edu/data/SPITZER/S4G/galaxies/NGC5982/P4/NGC5982.phot.1_nonan.fits.gz
200	https://irsa.ipac.caltech.edu/data/SPITZER/S4G/galaxies/ESO423-002/P4/ESO423-002.phot.1_nonan.fits.gz
200	https://irsa.ipac.caltech.edu/data/SPITZER/S4G/galaxies/ESO422-041/P4/ESO422-041.phot.1_nonan.fits.gz
200	https://irsa.ipac.caltech.edu/data/SPITZER/S4G/galaxies/ESO438-017/P4/ESO438-017.phot.1_nonan.fits.gz
200	https://irsa.ipac.caltech.edu/data/SPITZER/S4G/galaxies/ESO440-004/P4/ESO440-004.phot.1_nonan.fits.gz
200	https://irsa.ipac.caltech.edu/data/SPITZER/S4G/galaxies/UGC07257/P4/UGC07257.phot.1_nonan.fits.gz
200	https://irsa.ipac.caltech.edu/data/SPITZER/S4G/galaxies/UGC07249/P4/UGC07249.phot.1_nonan.fits.gz
200	https://irsa.ipac.caltech.edu/data/SPITZER/S4G/galaxies/UGC07267/P4/UGC07267.phot.1_nonan.fits.gz
200	https://irsa.ipac.caltech.edu/data/SPITZER/S4G/galaxies/UGC07271/P4/UGC07271.phot.1_nonan.fits.gz
200	https://irsa.ipac.caltech.edu/data/SPITZER/S4G/galaxies/UGC07301/P4/UGC07301.phot.1_nonan.fits.gz
200	https://irsa.ipac.caltech.edu/data/SPITZER/S4G/galaxies/UGC07300/P4/UGC07300.phot.1_nonan.fits.gz
200	https://irsa.ipac.caltech.edu/data/SPITZER/S4G/galaxies/UGC07321/P4/UGC07321.phot.1_nonan.fits.gz
200	https://irsa.ipac.caltech.edu/data/SPITZER/S4G/galaxies/UGC07332/P4/UGC07332.phot.1_nonan.fits.gz
200	https://irsa.ipac.caltech.edu/data/SPITZER/S4G/galaxies/UGC07387/P4/UGC07387.phot.1_nonan.fits.gz
200	https://irsa.ipac.caltech.edu/data/SPITZER/S4G/galaxies/UGC07394/P4/UGC07394.phot.1_nonan.fits.gz
200	https://irsa.ipac.caltech.edu/data/SPITZER/S4G/galaxies/NGC0337/P4/NGC0337.phot.1_nonan.fits.gz
200	https://irsa.ipac.caltech.edu/data/SPITZER/S4G/galaxies/NGC0337A/P4/NGC0337A.phot.1_nonan.fits.gz
200	https://irsa.ipac.caltech.edu/data/SPITZER/S4G/galaxies/NGC0406/P4/NGC0406.phot.1_nonan.fits.gz
200	https://irsa.ipac.caltech.edu/data/SPITZER/S4G/galaxies/NGC0360/P4/NGC0360.phot.1_nonan.fits.gz
200	https://irsa.ipac.caltech.edu/data/SPITZER/S4G/galaxies/NGC0428/P4/NGC0428.phot.1_nonan.fits.gz
200	https://irsa.ipac.caltech.edu/data/SPITZER/S4G/galaxies/NGC0450/P4/NGC0450.phot.1_nonan.fits.gz
200	https://irsa.ipac.caltech.edu/data/SPITZER/S4G/galaxies/NGC0473/P4/NGC0473.phot.1_nonan.fits.gz
200	https://irsa.ipac.caltech.edu/data/SPITZER/S4G/galaxies/NGC0470/P4/NGC0470.phot.1_nonan.fits.gz
200	https://irsa.ipac.caltech.edu/data/SPITZER/S4G/galaxies/NGC0474/P4/NGC0474.phot.1_nonan.fits.gz
200	https://irsa.ipac.caltech.edu/data/SPITZER/S4G/galaxies/NGC0485/P4/NGC0485.phot.1_nonan.fits.gz
200	https://irsa.ipac.caltech.edu/data/SPITZER/S4G/galaxies/NGC0488/P4/NGC0488.phot.1_nonan.fits.gz
200	https://irsa.ipac.caltech.edu/data/SPITZER/S4G/galaxies/NGC0489/P4/NGC0489.phot.1_nonan.fits.gz
200	https://irsa.ipac.caltech.edu/data/SPITZER/S4G/galaxies/NGC0493/P4/NGC0493.phot.1_nonan.fits.gz
200	https://irsa.ipac.caltech.edu/data/SPITZER/S4G/galaxies/NGC0514/P4/NGC0514.phot.1_nonan.fits.gz
200	https://irsa.ipac.caltech.edu/data/SPITZER/S4G/galaxies/NGC0718/P4/NGC0718.phot.1_nonan.fits.gz
200	https://irsa.ipac.caltech.edu/data/SPITZER/S4G/galaxies/NGC0723/P4/NGC0723.phot.1_nonan.fits.gz
200	https://irsa.ipac.caltech.edu/data/SPITZER/S4G/galaxies/NGC0755/P4/NGC0755.phot.1_nonan.fits.gz
200	https://irsa.ipac.caltech.edu/data/SPITZER/S4G/galaxies/NGC1140/P4/NGC1140.phot.1_nonan.fits.gz
200	https://irsa.ipac.caltech.edu/data/SPITZER/S4G/galaxies/NGC1145/P4/NGC1145.phot.1_nonan.fits.gz
200	https://irsa.ipac.caltech.edu/data/SPITZER/S4G/galaxies/NGC1163/P4/NGC1163.phot.1_nonan.fits.gz
200	https://irsa.ipac.caltech.edu/data/SPITZER/S4G/galaxies/NGC1179/P4/NGC1179.phot.1_nonan.fits.gz
200	https://irsa.ipac.caltech.edu/data/SPITZER/S4G/galaxies/NGC1187/P4/NGC1187.phot.1_nonan.fits.gz
200	https://irsa.ipac.caltech.edu/data/SPITZER/S4G/galaxies/NGC1232/P4/NGC1232.phot.1_nonan.fits.gz
200	https://irsa.ipac.caltech.edu/data/SPITZER/S4G/galaxies/NGC1222/P4/NGC1222.phot.1_nonan.fits.gz
200	https://irsa.ipac.caltech.edu/data/SPITZER/S4G/galaxies/NGC1253/P4/NGC1253.phot.1_nonan.fits.gz
200	https://irsa.ipac.caltech.edu/data/SPITZER/S4G/galaxies/NGC1249/P4/NGC1249.phot.1_nonan.fits.gz
200	https://irsa.ipac.caltech.edu/data/SPITZER/S4G/galaxies/NGC1255/P4/NGC1255.phot.1_nonan.fits.gz
200	https://irsa.ipac.caltech.edu/data/SPITZER/S4G/galaxies/NGC1258/P4/NGC1258.phot.1_nonan.fits.gz
404	https://irsa.ipac.caltech.edu/data/SPITZER/S4G/galaxies/ESO508-003/P4/ESO508-003.phot.1_nonan.fits.gz
404	https://irsa.ipac.caltech.edu/data/SPITZER/S4G/galaxies/ESO508-004/P4/ESO508-004.phot.1_nonan.fits.gz
404	https://irsa.ipac.caltech.edu/data/SPITZER/S4G/galaxies/ESO508-066/P4/ESO508-066.phot.1_nonan.fits.gz
404	https://irsa.ipac.caltech.edu/data/SPITZER/S4G/galaxies/ESO509-064/P4/ESO509-064.phot.1_nonan.fits.gz
404	https://irsa.ipac.caltech.edu/data/SPITZER/S4G/galaxies/ESO510-043/P4/ESO510-043.phot.1_nonan.fits.gz
404	https://irsa.ipac.caltech.edu/data/SPITZER/S4G/galaxies/ESO532-015/P4/ESO532-015.phot.1_nonan.fits.gz
404	https://irsa.ipac.caltech.edu/data/SPITZER/S4G/galaxies/ESO533-047/P4/ESO533-047.phot.1_nonan.fits.gz
404	https://irsa.ipac.caltech.edu/data/SPITZER/S4G/galaxies/ESO533-005/P4/ESO533-005.phot.1_nonan.fits.gz
404	https://irsa.ipac.caltech.edu/data/SPITZER/S4G/galaxies/ESO543-023/P4/ESO543-023.phot.1_nonan.fits.gz
404	https://irsa.ipac.caltech.edu/data/SPITZER/S4G/galaxies/ESO546-033/P4/ESO546-033.phot.1_nonan.fits.gz
404	https://irsa.ipac.caltech.edu/data/SPITZER/S4G/galaxies/ESO548-029/P4/ESO548-029.phot.1_nonan.fits.gz
404	https://irsa.ipac.caltech.edu/data/SPITZER/S4G/galaxies/ESO548-034/P4/ESO548-034.phot.1_nonan.fits.gz
404	https://irsa.ipac.caltech.edu/data/SPITZER/S4G/galaxies/ESO548-022/P4/ESO548-022.phot.1_nonan.fits.gz
404	https://irsa.ipac.caltech.edu/data/SPITZER/S4G/galaxies/ESO548-049/P4/ESO548-049.phot.1_nonan.fits.gz
200	https://irsa.ipac.caltech.edu/data/SPITZER/S4G/galaxies/UGC07396/P4/UGC07396.phot.1_nonan.fits.gz
200	https://irsa.ipac.caltech.edu/data/SPITZER/S4G/galaxies/UGC07490/P4/UGC07490.phot.1_nonan.fits.gz
200	https://irsa.ipac.caltech.edu/data/SPITZER/S4G/galaxies/UGC07408/P4/UGC07408.phot.1_nonan.fits.gz
200	https://irsa.ipac.caltech.edu/data/SPITZER/S4G/galaxies/UGC12732/P4/UGC12732.phot.1_nonan.fits.gz
200	https://irsa.ipac.caltech.edu/data/SPITZER/S4G/galaxies/UGC12791/P4/UGC12791.phot.1_nonan.fits.gz
200	https://irsa.ipac.caltech.edu/data/SPITZER/S4G/galaxies/UGC12846/P4/UGC12846.phot.1_nonan.fits.gz
200	https://irsa.ipac.caltech.edu/data/SPITZER/S4G/galaxies/UGC12843/P4/UGC12843.phot.1_nonan.fits.gz
200	https://irsa.ipac.caltech.edu/data/SPITZER/S4G/galaxies/UGC12856/P4/UGC12856.phot.1_nonan.fits.gz
200	https://irsa.ipac.caltech.edu/data/SPITZER/S4G/galaxies/UGC12857/P4/UGC12857.phot.1_nonan.fits.gz
404	https://irsa.ipac.caltech.edu/data/SPITZER/S4G/galaxies/ESO108-017/P4/ESO108-017.phot.1_nonan.fits.gz
404	https://irsa.ipac.caltech.edu/data/SPITZER/S4G/galaxies/ESO118-034/P4/ESO118-034.phot.1_nonan.fits.gz
404	https://irsa.ipac.caltech.edu/data/SPITZER/S4G/galaxies/ESO151-002/P4/ESO151-002.phot.1_nonan.fits.gz
200	https://irsa.ipac.caltech.edu/data/SPITZER/S4G/galaxies/NGC1291/P4/NGC1291.phot.1_nonan.fits.gz
200	https://irsa.ipac.caltech.edu/data/SPITZER/S4G/galaxies/NGC1292/P4/NGC1292.phot.1_nonan.fits.gz
200	https://irsa.ipac.caltech.edu/data/SPITZER/S4G/galaxies/NGC0936/P4/NGC0936.phot.1_nonan.fits.gz
200	https://irsa.ipac.caltech.edu/data/SPITZER/S4G/galaxies/UGC12893/P4/UGC12893.phot.1_nonan.fits.gz
200	https://irsa.ipac.caltech.edu/data/SPITZER/S4G/galaxies/NGC0941/P4/NGC0941.phot.1_nonan.fits.gz
200	https://irsa.ipac.caltech.edu/data/SPITZER/S4G/galaxies/NGC0955/P4/NGC0955.phot.1_nonan.fits.gz
200	https://irsa.ipac.caltech.edu/data/SPITZER/S4G/galaxies/NGC0986/P4/NGC0986.phot.1_nonan.fits.gz
200	https://irsa.ipac.caltech.edu/data/SPITZER/S4G/galaxies/NGC0986A/P4/NGC0986A.phot.1_nonan.fits.gz
200	https://irsa.ipac.caltech.edu/data/SPITZER/S4G/galaxies/NGC0988/P4/NGC0988.phot.1_nonan.fits.gz
200	https://irsa.ipac.caltech.edu/data/SPITZER/S4G/galaxies/NGC1015/P4/NGC1015.phot.1_nonan.fits.gz
200	https://irsa.ipac.caltech.edu/data/SPITZER/S4G/galaxies/NGC0991/P4/NGC0991.phot.1_nonan.fits.gz
200	https://irsa.ipac.caltech.edu/data/SPITZER/S4G/galaxies/NGC1032/P4/NGC1032.phot.1_nonan.fits.gz
200	https://irsa.ipac.caltech.edu/data/SPITZER/S4G/galaxies/NGC1022/P4/NGC1022.phot.1_nonan.fits.gz
200	https://irsa.ipac.caltech.edu/data/SPITZER/S4G/galaxies/NGC1035/P4/NGC1035.phot.1_nonan.fits.gz
404	https://irsa.ipac.caltech.edu/data/SPITZER/S4G/galaxies/UGC04832/P4/UGC04832.phot.1_nonan.fits.gz
404	https://irsa.ipac.caltech.edu/data/SPITZER/S4G/galaxies/UGC04879/P4/UGC04879.phot.1_nonan.fits.gz
404	https://irsa.ipac.caltech.edu/data/SPITZER/S4G/galaxies/UGC04883/P4/UGC04883.phot.1_nonan.fits.gz
404	https://irsa.ipac.caltech.edu/data/SPITZER/S4G/galaxies/UGC04889/P4/UGC04889.phot.1_nonan.fits.gz
404	https://irsa.ipac.caltech.edu/data/SPITZER/S4G/galaxies/UGC04788/P4/UGC04788.phot.1_nonan.fits.gz
404	https://irsa.ipac.caltech.edu/data/SPITZER/S4G/galaxies/UGC04783/P4/UGC04783.phot.1_nonan.fits.gz
404	https://irsa.ipac.caltech.edu/data/SPITZER/S4G/galaxies/UGC04906/P4/UGC04906.phot.1_nonan.fits.gz
404	https://irsa.ipac.caltech.edu/data/SPITZER/S4G/galaxies/UGC05049/P4/UGC05049.phot.1_nonan.fits.gz
404	https://irsa.ipac.caltech.edu/data/SPITZER/S4G/galaxies/UGC04990/P4/UGC04990.phot.1_nonan.fits.gz
404	https://irsa.ipac.caltech.edu/data/SPITZER/S4G/galaxies/UGC05227/P4/UGC05227.phot.1_nonan.fits.gz
404	https://irsa.ipac.caltech.edu/data/SPITZER/S4G/galaxies/UGC05348/P4/UGC05348.phot.1_nonan.fits.gz
404	https://irsa.ipac.caltech.edu/data/SPITZER/S4G/galaxies/UGC05454/P4/UGC05454.phot.1_nonan.fits.gz
404	https://irsa.ipac.caltech.edu/data/SPITZER/S4G/galaxies/UGC05479/P4/UGC05479.phot.1_nonan.fits.gz
404	https://irsa.ipac.caltech.edu/data/SPITZER/S4G/galaxies/UGC05369/P4/UGC05369.phot.1_nonan.fits.gz
404	https://irsa.ipac.caltech.edu/data/SPITZER/S4G/galaxies/ESO157-030/P4/ESO157-030.phot.1_nonan.fits.gz
404	https://irsa.ipac.caltech.edu/data/SPITZER/S4G/galaxies/ESO157-047/P4/ESO157-047.phot.1_nonan.fits.gz
404	https://irsa.ipac.caltech.edu/data/SPITZER/S4G/galaxies/ESO185-027/P4/ESO185-027.phot.1_nonan.fits.gz
200	https://irsa.ipac.caltech.edu/data/SPITZER/S4G/galaxies/PGC014626/P4/PGC014626.phot.1_nonan.fits.gz
200	https://irsa.ipac.caltech.edu/data/SPITZER/S4G/galaxies/PGC014768/P4/PGC014768.phot.1_nonan.fits.gz
200	https://irsa.ipac.caltech.edu/data/SPITZER/S4G/galaxies/PGC015214/P4/PGC015214.phot.1_nonan.fits.gz
200	https://irsa.ipac.caltech.edu/data/SPITZER/S4G/galaxies/PGC015625/P4/PGC015625.phot.1_nonan.fits.gz
200	https://irsa.ipac.caltech.edu/data/SPITZER/S4G/galaxies/PGC014600/P4/PGC014600.phot.1_nonan.fits.gz
200	https://irsa.ipac.caltech.edu/data/SPITZER/S4G/galaxies/PGC015869/P4/PGC015869.phot.1_nonan.fits.gz
200	https://irsa.ipac.caltech.edu/data/SPITZER/S4G/galaxies/PGC016389/P4/PGC016389.phot.1_nonan.fits.gz
200	https://irsa.ipac.caltech.edu/data/SPITZER/S4G/galaxies/PGC016090/P4/PGC016090.phot.1_nonan.fits.gz
200	https://irsa.ipac.caltech.edu/data/SPITZER/S4G/galaxies/PGC016784/P4/PGC016784.phot.1_nonan.fits.gz
200	https://irsa.ipac.caltech.edu/data/SPITZER/S4G/galaxies/PGC024469/P4/PGC024469.phot.1_nonan.fits.gz
200	https://irsa.ipac.caltech.edu/data/SPITZER/S4G/galaxies/NGC0518/P4/NGC0518.phot.1_nonan.fits.gz
200	https://irsa.ipac.caltech.edu/data/SPITZER/S4G/galaxies/PGC027616/P4/PGC027616.phot.1_nonan.fits.gz
200	https://irsa.ipac.caltech.edu/data/SPITZER/S4G/galaxies/NGC0520/P4/NGC0520.phot.1_nonan.fits.gz
200	https://irsa.ipac.caltech.edu/data/SPITZER/S4G/galaxies/NGC0532/P4/NGC0532.phot.1_nonan.fits.gz
200	https://irsa.ipac.caltech.edu/data/SPITZER/S4G/galaxies/NGC0578/P4/NGC0578.phot.1_nonan.fits.gz
200	https://irsa.ipac.caltech.edu/data/SPITZER/S4G/galaxies/NGC0584/P4/NGC0584.phot.1_nonan.fits.gz
200	https://irsa.ipac.caltech.edu/data/SPITZER/S4G/galaxies/NGC0522/P4/NGC0522.phot.1_nonan.fits.gz
200	https://irsa.ipac.caltech.edu/data/SPITZER/S4G/galaxies/NGC0600/P4/NGC0600.phot.1_nonan.fits.gz
200	https://irsa.ipac.caltech.edu/data/SPITZER/S4G/galaxies/NGC0613/P4/NGC0613.phot.1_nonan.fits.gz
200	https://irsa.ipac.caltech.edu/data/SPITZER/S4G/galaxies/NGC0615/P4/NGC0615.phot.1_nonan.fits.gz
200	https://irsa.ipac.caltech.edu/data/SPITZER/S4G/galaxies/NGC0625/P4/NGC0625.phot.1_nonan.fits.gz
200	https://irsa.ipac.caltech.edu/data/SPITZER/S4G/galaxies/NGC0628/P4/NGC0628.phot.1_nonan.fits.gz
200	https://irsa.ipac.caltech.edu/data/SPITZER/S4G/galaxies/NGC0658/P4/NGC0658.phot.1_nonan.fits.gz
200	https://irsa.ipac.caltech.edu/data/SPITZER/S4G/galaxies/UGC07673/P4/UGC07673.phot.1_nonan.fits.gz
200	https://irsa.ipac.caltech.edu/data/SPITZER/S4G/galaxies/NGC1036/P4/NGC1036.phot.1_nonan.fits.gz
200	https://irsa.ipac.caltech.edu/data/SPITZER/S4G/galaxies/NGC1042/P4/NGC1042.phot.1_nonan.fits.gz
200	https://irsa.ipac.caltech.edu/data/SPITZER/S4G/galaxies/NGC1047/P4/NGC1047.phot.1_nonan.fits.gz
200	https://irsa.ipac.caltech.edu/data/SPITZER/S4G/galaxies/NGC1051/P4/NGC1051.phot.1_nonan.fits.gz
200	https://irsa.ipac.caltech.edu/data/SPITZER/S4G/galaxies/NGC1052/P4/NGC1052.phot.1_nonan.fits.gz
200	https://irsa.ipac.caltech.edu/data/SPITZER/S4G/galaxies/NGC1055/P4/NGC1055.phot.1_nonan.fits.gz
200	https://irsa.ipac.caltech.edu/data/SPITZER/S4G/galaxies/NGC1068/P4/NGC1068.phot.1_nonan.fits.gz
200	https://irsa.ipac.caltech.edu/data/SPITZER/S4G/galaxies/NGC1073/P4/NGC1073.phot.1_nonan.fits.gz
200	https://irsa.ipac.caltech.edu/data/SPITZER/S4G/galaxies/NGC1076/P4/NGC1076.phot.1_nonan.fits.gz
200	https://irsa.ipac.caltech.edu/data/SPITZER/S4G/galaxies/NGC1079/P4/NGC1079.phot.1_nonan.fits.gz
200	https://irsa.ipac.caltech.edu/data/SPITZER/S4G/galaxies/NGC1084/P4/NGC1084.phot.1_nonan.fits.gz
200	https://irsa.ipac.caltech.edu/data/SPITZER/S4G/galaxies/NGC1090/P4/NGC1090.phot.1_nonan.fits.gz
200	https://irsa.ipac.caltech.edu/data/SPITZER/S4G/galaxies/NGC1087/P4/NGC1087.phot.1_nonan.fits.gz
404	https://irsa.ipac.caltech.edu/data/SPITZER/S4G/galaxies/NGC1401/P4/NGC1401.phot.1_nonan.fits.gz
404	https://irsa.ipac.caltech.edu/data/SPITZER/S4G/galaxies/NGC1403/P4/NGC1403.phot.1_nonan.fits.gz
404	https://irsa.ipac.caltech.edu/data/SPITZER/S4G/galaxies/NGC1407/P4/NGC1407.phot.1_nonan.fits.gz
404	https://irsa.ipac.caltech.edu/data/SPITZER/S4G/galaxies/NGC1405/P4/NGC1405.phot.1_nonan.fits.gz
404	https://irsa.ipac.caltech.edu/data/SPITZER/S4G/galaxies/NGC1412/P4/NGC1412.phot.1_nonan.fits.gz
404	https://irsa.ipac.caltech.edu/data/SPITZER/S4G/galaxies/NGC1416/P4/NGC1416.phot.1_nonan.fits.gz
404	https://irsa.ipac.caltech.edu/data/SPITZER/S4G/galaxies/NGC1426/P4/NGC1426.phot.1_nonan.fits.gz
404	https://irsa.ipac.caltech.edu/data/SPITZER/S4G/galaxies/NGC1419/P4/NGC1419.phot.1_nonan.fits.gz
404	https://irsa.ipac.caltech.edu/data/SPITZER/S4G/galaxies/NGC1428/P4/NGC1428.phot.1_nonan.fits.gz
404	https://irsa.ipac.caltech.edu/data/SPITZER/S4G/galaxies/NGC1440/P4/NGC1440.phot.1_nonan.fits.gz
404	https://irsa.ipac.caltech.edu/data/SPITZER/S4G/galaxies/NGC1439/P4/NGC1439.phot.1_nonan.fits.gz
404	https://irsa.ipac.caltech.edu/data/SPITZER/S4G/galaxies/NGC1427/P4/NGC1427.phot.1_nonan.fits.gz
200	https://irsa.ipac.caltech.edu/data/SPITZER/S4G/galaxies/PGC027810/P4/PGC027810.phot.1_nonan.fits.gz
404	https://irsa.ipac.caltech.edu/data/SPITZER/S4G/galaxies/NGC1460/P4/NGC1460.phot.1_nonan.fits.gz
200	https://irsa.ipac.caltech.edu/data/SPITZER/S4G/galaxies/PGC027747/P4/PGC027747.phot.1_nonan.fits.gz
200	https://irsa.ipac.caltech.edu/data/SPITZER/S4G/galaxies/UGC04714/P4/UGC04714.phot.1_nonan.fits.gz
200	https://irsa.ipac.caltech.edu/data/SPITZER/S4G/galaxies/UGC04725/P4/UGC04725.phot.1_nonan.fits.gz
200	https://irsa.ipac.caltech.edu/data/SPITZER/S4G/galaxies/UGC04777/P4/UGC04777.phot.1_nonan.fits.gz
200	https://irsa.ipac.caltech.edu/data/SPITZER/S4G/galaxies/UGC04722/P4/UGC04722.phot.1_nonan.fits.gz
200	https://irsa.ipac.caltech.edu/data/SPITZER/S4G/galaxies/UGC04753/P4/UGC04753.phot.1_nonan.fits.gz
200	https://irsa.ipac.caltech.edu/data/SPITZER/S4G/galaxies/UGC04787/P4/UGC04787.phot.1_nonan.fits.gz
200	https://irsa.ipac.caltech.edu/data/SPITZER/S4G/galaxies/UGC04797/P4/UGC04797.phot.1_nonan.fits.gz
200	https://irsa.ipac.caltech.edu/data/SPITZER/S4G/galaxies/UGC04800/P4/UGC04800.phot.1_nonan.fits.gz
200	https://irsa.ipac.caltech.edu/data/SPITZER/S4G/galaxies/UGC04824/P4/UGC04824.phot.1_nonan.fits.gz
200	https://irsa.ipac.caltech.edu/data/SPITZER/S4G/galaxies/UGC04834/P4/UGC04834.phot.1_nonan.fits.gz
200	https://irsa.ipac.caltech.edu/data/SPITZER/S4G/galaxies/UGC04837/P4/UGC04837.phot.1_nonan.fits.gz
200	https://irsa.ipac.caltech.edu/data/SPITZER/S4G/galaxies/UGC07690/P4/UGC07690.phot.1_nonan.fits.gz
200	https://irsa.ipac.caltech.edu/data/SPITZER/S4G/galaxies/UGC07697/P4/UGC07697.phot.1_nonan.fits.gz
200	https://irsa.ipac.caltech.edu/data/SPITZER/S4G/galaxies/UGC07698/P4/UGC07698.phot.1_nonan.fits.gz
200	https://irsa.ipac.caltech.edu/data/SPITZER/S4G/galaxies/UGC07699/P4/UGC07699.phot.1_nonan.fits.gz
200	https://irsa.ipac.caltech.edu/data/SPITZER/S4G/galaxies/UGC07700/P4/UGC07700.phot.1_nonan.fits.gz
200	https://irsa.ipac.caltech.edu/data/SPITZER/S4G/galaxies/UGC07719/P4/UGC07719.phot.1_nonan.fits.gz
200	https://irsa.ipac.caltech.edu/data/SPITZER/S4G/galaxies/UGC07730/P4/UGC07730.phot.1_nonan.fits.gz
200	https://irsa.ipac.caltech.edu/data/SPITZER/S4G/galaxies/UGC07739/P4/UGC07739.phot.1_nonan.fits.gz
200	https://irsa.ipac.caltech.edu/data/SPITZER/S4G/galaxies/UGC07774/P4/UGC07774.phot.1_nonan.fits.gz
200	https://irsa.ipac.caltech.edu/data/SPITZER/S4G/galaxies/UGC07780/P4/UGC07780.phot.1_nonan.fits.gz
200	https://irsa.ipac.caltech.edu/data/SPITZER/S4G/galaxies/UGC07795/P4/UGC07795.phot.1_nonan.fits.gz
200	https://irsa.ipac.caltech.edu/data/SPITZER/S4G/galaxies/UGC07802/P4/UGC07802.phot.1_nonan.fits.gz
404	https://irsa.ipac.caltech.edu/data/SPITZER/S4G/galaxies/ESO358-010/P4/ESO358-010.phot.1_nonan.fits.gz
404	https://irsa.ipac.caltech.edu/data/SPITZER/S4G/galaxies/ESO358-019/P4/ESO358-019.phot.1_nonan.fits.gz
200	https://irsa.ipac.caltech.edu/data/SPITZER/S4G/galaxies/NGC1097/P4/NGC1097.phot.1_nonan.fits.gz
200	https://irsa.ipac.caltech.edu/data/SPITZER/S4G/galaxies/NGC1110/P4/NGC1110.phot.1_nonan.fits.gz
200	https://irsa.ipac.caltech.edu/data/SPITZER/S4G/galaxies/NGC1421/P4/NGC1421.phot.1_nonan.fits.gz
200	https://irsa.ipac.caltech.edu/data/SPITZER/S4G/galaxies/NGC1422/P4/NGC1422.phot.1_nonan.fits.gz
200	https://irsa.ipac.caltech.edu/data/SPITZER/S4G/galaxies/NGC1425/P4/NGC1425.phot.1_nonan.fits.gz
200	https://irsa.ipac.caltech.edu/data/SPITZER/S4G/galaxies/NGC1427A/P4/NGC1427A.phot.1_nonan.fits.gz
200	https://irsa.ipac.caltech.edu/data/SPITZER/S4G/galaxies/NGC1433/P4/NGC1433.phot.1_nonan.fits.gz
200	https://irsa.ipac.caltech.edu/data/SPITZER/S4G/galaxies/NGC1436/P4/NGC1436.phot.1_nonan.fits.gz
200	https://irsa.ipac.caltech.edu/data/SPITZER/S4G/galaxies/NGC1437B/P4/NGC1437B.phot.1_nonan.fits.gz
200	https://irsa.ipac.caltech.edu/data/SPITZER/S4G/galaxies/NGC1438/P4/NGC1438.phot.1_nonan.fits.gz
200	https://irsa.ipac.caltech.edu/data/SPITZER/S4G/galaxies/NGC1448/P4/NGC1448.phot.1_nonan.fits.gz
200	https://irsa.ipac.caltech.edu/data/SPITZER/S4G/galaxies/NGC1452/P4/NGC1452.phot.1_nonan.fits.gz
404	https://irsa.ipac.caltech.edu/data/SPITZER/S4G/galaxies/NGC6149/P4/NGC6149.phot.1_nonan.fits.gz
200	https://irsa.ipac.caltech.edu/data/SPITZER/S4G/galaxies/NGC1461/P4/NGC1461.phot.1_nonan.fits.gz
200	https://irsa.ipac.caltech.edu/data/SPITZER/S4G/galaxies/NGC1473/P4/NGC1473.phot.1_nonan.fits.gz
404	https://irsa.ipac.caltech.edu/data/SPITZER/S4G/galaxies/NGC6861C/P4/NGC6861C.phot.1_nonan.fits.gz
404	https://irsa.ipac.caltech.edu/data/SPITZER/S4G/galaxies/NGC6861D/P4/NGC6861D.phot.1_nonan.fits.gz
404	https://irsa.ipac.caltech.edu/data/SPITZER/S4G/galaxies/NGC6909/P4/NGC6909.phot.1_nonan.fits.gz
404	https://irsa.ipac.caltech.edu/data/SPITZER/S4G/galaxies/NGC6920/P4/NGC6920.phot.1_nonan.fits.gz
404	https://irsa.ipac.caltech.edu/data/SPITZER/S4G/galaxies/NGC6868/P4/NGC6868.phot.1_nonan.fits.gz
404	https://irsa.ipac.caltech.edu/data/SPITZER/S4G/galaxies/NGC6861/P4/NGC6861.phot.1_nonan.fits.gz
404	https://irsa.ipac.caltech.edu/data/SPITZER/S4G/galaxies/NGC6958/P4/NGC6958.phot.1_nonan.fits.gz
404	https://irsa.ipac.caltech.edu/data/SPITZER/S4G/galaxies/NGC7041/P4/NGC7041.phot.1_nonan.fits.gz
404	https://irsa.ipac.caltech.edu/data/SPITZER/S4G/galaxies/NGC7029/P4/NGC7029.phot.1_nonan.fits.gz
404	https://irsa.ipac.caltech.edu/data/SPITZER/S4G/galaxies/ESO548-065/P4/ESO548-065.phot.1_nonan.fits.gz
404	https://irsa.ipac.caltech.edu/data/SPITZER/S4G/galaxies/NGC7022/P4/NGC7022.phot.1_nonan.fits.gz
404	https://irsa.ipac.caltech.edu/data/SPITZER/S4G/galaxies/NGC7049/P4/NGC7049.phot.1_nonan.fits.gz
404	https://irsa.ipac.caltech.edu/data/SPITZER/S4G/galaxies/NGC7070A/P4/NGC7070A.phot.1_nonan.fits.gz
200	https://irsa.ipac.caltech.edu/data/SPITZER/S4G/galaxies/UGC04841/P4/UGC04841.phot.1_nonan.fits.gz
200	https://irsa.ipac.caltech.edu/data/SPITZER/S4G/galaxies/UGC04845/P4/UGC04845.phot.1_nonan.fits.gz
404	https://irsa.ipac.caltech.edu/data/SPITZER/S4G/galaxies/NGC2785/P4/NGC2785.phot.1_nonan.fits.gz
404	https://irsa.ipac.caltech.edu/data/SPITZER/S4G/galaxies/NGC2856/P4/NGC2856.phot.1_nonan.fits.gz
404	https://irsa.ipac.caltech.edu/data/SPITZER/S4G/galaxies/NGC2880/P4/NGC2880.phot.1_nonan.fits.gz
404	https://irsa.ipac.caltech.edu/data/SPITZER/S4G/galaxies/NGC3230/P4/NGC3230.phot.1_nonan.fits.gz
404	https://irsa.ipac.caltech.edu/data/SPITZER/S4G/galaxies/NGC3245/P4/NGC3245.phot.1_nonan.fits.gz
404	https://irsa.ipac.caltech.edu/data/SPITZER/S4G/galaxies/NGC3367/P4/NGC3367.phot.1_nonan.fits.gz
404	https://irsa.ipac.caltech.edu/data/SPITZER/S4G/galaxies/NGC3418/P4/NGC3418.phot.1_nonan.fits.gz
404	https://irsa.ipac.caltech.edu/data/SPITZER/S4G/galaxies/NGC3400/P4/NGC3400.phot.1_nonan.fits.gz
404	https://irsa.ipac.caltech.edu/data/SPITZER/S4G/galaxies/NGC3543/P4/NGC3543.phot.1_nonan.fits.gz
404	https://irsa.ipac.caltech.edu/data/SPITZER/S4G/galaxies/NGC3524/P4/NGC3524.phot.1_nonan.fits.gz
404	https://irsa.ipac.caltech.edu/data/SPITZER/S4G/galaxies/NGC4027A/P4/NGC4027A.phot.1_nonan.fits.gz
404	https://irsa.ipac.caltech.edu/data/SPITZER/S4G/galaxies/NGC3769A/P4/NGC3769A.phot.1_nonan.fits.gz
404	https://irsa.ipac.caltech.edu/data/SPITZER/S4G/galaxies/ESO358-022/P4/ESO358-022.phot.1_nonan.fits.gz
404	https://irsa.ipac.caltech.edu/data/SPITZER/S4G/galaxies/ESO358-042/P4/ESO358-042.phot.1_nonan.fits.gz
404	https://irsa.ipac.caltech.edu/data/SPITZER/S4G/galaxies/ESO358-043/P4/ESO358-043.phot.1_nonan.fits.gz
404	https://irsa.ipac.caltech.edu/data/SPITZER/S4G/galaxies/ESO358-050/P4/ESO358-050.phot.1_nonan.fits.gz
404	https://irsa.ipac.caltech.edu/data/SPITZER/S4G/galaxies/ESO358-056/P4/ESO358-056.phot.1_nonan.fits.gz
404	https://irsa.ipac.caltech.edu/data/SPITZER/S4G/galaxies/ESO358-059/P4/ESO358-059.phot.1_nonan.fits.gz
404	https://irsa.ipac.caltech.edu/data/SPITZER/S4G/galaxies/ESO358-066/P4/ESO358-066.phot.1_nonan.fits.gz
404	https://irsa.ipac.caltech.edu/data/SPITZER/S4G/galaxies/ESO359-002/P4/ESO359-002.phot.1_nonan.fits.gz
404	https://irsa.ipac.caltech.edu/data/SPITZER/S4G/galaxies/ESO400-030/P4/ESO400-030.phot.1_nonan.fits.gz
404	https://irsa.ipac.caltech.edu/data/SPITZER/S4G/galaxies/ESO403-029/P4/ESO403-029.phot.1_nonan.fits.gz
404	https://irsa.ipac.caltech.edu/data/SPITZER/S4G/galaxies/ESO407-002/P4/ESO407-002.phot.1_nonan.fits.gz
200	https://irsa.ipac.caltech.edu/data/SPITZER/S4G/galaxies/PGC035684/P4/PGC035684.phot.1_nonan.fits.gz
200	https://irsa.ipac.caltech.edu/data/SPITZER/S4G/galaxies/PGC035705/P4/PGC035705.phot.1_nonan.fits.gz
200	https://irsa.ipac.caltech.edu/data/SPITZER/S4G/galaxies/PGC036217/P4/PGC036217.phot.1_nonan.fits.gz
200	https://irsa.ipac.caltech.edu/data/SPITZER/S4G/galaxies/PGC036274/P4/PGC036274.phot.1_nonan.fits.gz
200	https://irsa.ipac.caltech.edu/data/SPITZER/S4G/galaxies/PGC036551/P4/PGC036551.phot.1_nonan.fits.gz
200	https://irsa.ipac.caltech.edu/data/SPITZER/S4G/galaxies/PGC036643/P4/PGC036643.phot.1_nonan.fits.gz
200	https://irsa.ipac.caltech.edu/data/SPITZER/S4G/galaxies/PGC037238/P4/PGC037238.phot.1_nonan.fits.gz
200	https://irsa.ipac.caltech.edu/data/SPITZER/S4G/galaxies/PGC037373/P4/PGC037373.phot.1_nonan.fits.gz
200	https://irsa.ipac.caltech.edu/data/SPITZER/S4G/galaxies/PGC038250/P4/PGC038250.phot.1_nonan.fits.gz
200	https://irsa.ipac.caltech.edu/data/SPITZER/S4G/galaxies/PGC039317/P4/PGC039317.phot.1_nonan.fits.gz
200	https://irsa.ipac.caltech.edu/data/SPITZER/S4G/galaxies/PGC039799/P4/PGC039799.phot.1_nonan.fits.gz
200	https://irsa.ipac.caltech.edu/data/SPITZER/S4G/galaxies/PGC040408/P4/PGC040408.phot.1_nonan.fits.gz
200	https://irsa.ipac.caltech.edu/data/SPITZER/S4G/galaxies/PGC040447/P4/PGC040447.phot.1_nonan.fits.gz
200	https://irsa.ipac.caltech.edu/data/SPITZER/S4G/galaxies/UGC05076/P4/UGC05076.phot.1_nonan.fits.gz
200	https://irsa.ipac.caltech.edu/data/SPITZER/S4G/galaxies/UGC05107/P4/UGC05107.phot.1_nonan.fits.gz
200	https://irsa.ipac.caltech.edu/data/SPITZER/S4G/galaxies/UGC05114/P4/UGC05114.phot.1_nonan.fits.gz
200	https://irsa.ipac.caltech.edu/data/SPITZER/S4G/galaxies/UGC05139/P4/UGC05139.phot.1_nonan.fits.gz
200	https://irsa.ipac.caltech.edu/data/SPITZER/S4G/galaxies/UGC05172/P4/UGC05172.phot.1_nonan.fits.gz
200	https://irsa.ipac.caltech.edu/data/SPITZER/S4G/galaxies/UGC05179/P4/UGC05179.phot.1_nonan.fits.gz
200	https://irsa.ipac.caltech.edu/data/SPITZER/S4G/galaxies/UGC05203/P4/UGC05203.phot.1_nonan.fits.gz
200	https://irsa.ipac.caltech.edu/data/SPITZER/S4G/galaxies/UGC05228/P4/UGC05228.phot.1_nonan.fits.gz
200	https://irsa.ipac.caltech.edu/data/SPITZER/S4G/galaxies/UGC05238/P4/UGC05238.phot.1_nonan.fits.gz
200	https://irsa.ipac.caltech.edu/data/SPITZER/S4G/galaxies/UGC05245/P4/UGC05245.phot.1_nonan.fits.gz
200	https://irsa.ipac.caltech.edu/data/SPITZER/S4G/galaxies/UGC05249/P4/UGC05249.phot.1_nonan.fits.gz
200	https://irsa.ipac.caltech.edu/data/SPITZER/S4G/galaxies/UGC05272/P4/UGC05272.phot.1_nonan.fits.gz
200	https://irsa.ipac.caltech.edu/data/SPITZER/S4G/galaxies/UGC05336/P4/UGC05336.phot.1_nonan.fits.gz
200	https://irsa.ipac.caltech.edu/data/SPITZER/S4G/galaxies/UGC07824/P4/UGC07824.phot.1_nonan.fits.gz
200	https://irsa.ipac.caltech.edu/data/SPITZER/S4G/galaxies/UGC07844/P4/UGC07844.phot.1_nonan.fits.gz
200	https://irsa.ipac.caltech.edu/data/SPITZER/S4G/galaxies/UGC07848/P4/UGC07848.phot.1_nonan.fits.gz
200	https://irsa.ipac.caltech.edu/data/SPITZER/S4G/galaxies/NGC1476/P4/NGC1476.phot.1_nonan.fits.gz
404	https://irsa.ipac.caltech.edu/data/SPITZER/S4G/galaxies/NGC3640/P4/NGC3640.phot.1_nonan.fits.gz
404	https://irsa.ipac.caltech.edu/data/SPITZER/S4G/galaxies/NGC3656/P4/NGC3656.phot.1_nonan.fits.gz
404	https://irsa.ipac.caltech.edu/data/SPITZER/S4G/galaxies/NGC3658/P4/NGC3658.phot.1_nonan.fits.gz
404	https://irsa.ipac.caltech.edu/data/SPITZER/S4G/galaxies/NGC3665/P4/NGC3665.phot.1_nonan.fits.gz
404	https://irsa.ipac.caltech.edu/data/SPITZER/S4G/galaxies/PGC013343/P4/PGC013343.phot.1_nonan.fits.gz
404	https://irsa.ipac.caltech.edu/data/SPITZER/S4G/galaxies/PGC013230/P4/PGC013230.phot.1_nonan.fits.gz
404	https://irsa.ipac.caltech.edu/data/SPITZER/S4G/galaxies/PGC013635/P4/PGC013635.phot.1_nonan.fits.gz
404	https://irsa.ipac.caltech.edu/data/SPITZER/S4G/galaxies/PGC027316/P4/PGC027316.phot.1_nonan.fits.gz
404	https://irsa.ipac.caltech.edu/data/SPITZER/S4G/galaxies/PGC028887/P4/PGC028887.phot.1_nonan.fits.gz
404	https://irsa.ipac.caltech.edu/data/SPITZER/S4G/galaxies/PGC029033/P4/PGC029033.phot.1_nonan.fits.gz
404	https://irsa.ipac.caltech.edu/data/SPITZER/S4G/galaxies/PGC032630/P4/PGC032630.phot.1_nonan.fits.gz
404	https://irsa.ipac.caltech.edu/data/SPITZER/S4G/galaxies/ESO548-070/P4/ESO548-070.phot.1_nonan.fits.gz
404	https://irsa.ipac.caltech.edu/data/SPITZER/S4G/galaxies/PGC033523/P4/PGC033523.phot.1_nonan.fits.gz
404	https://irsa.ipac.caltech.edu/data/SPITZER/S4G/galaxies/ESO548-073/P4/ESO548-073.phot.1_nonan.fits.gz
404	https://irsa.ipac.caltech.edu/data/SPITZER/S4G/galaxies/ESO548-079/P4/ESO548-079.phot.1_nonan.fits.gz
404	https://irsa.ipac.caltech.edu/data/SPITZER/S4G/galaxies/ESO551-020/P4/ESO551-020.phot.1_nonan.fits.gz
404	https://irsa.ipac.caltech.edu/data/SPITZER/S4G/galaxies/ESO572-011/P4/ESO572-011.phot.1_nonan.fits.gz
404	https://irsa.ipac.caltech.edu/data/SPITZER/S4G/galaxies/ESO576-037/P4/ESO576-037.phot.1_nonan.fits.gz
404	https://irsa.ipac.caltech.edu/data/SPITZER/S4G/galaxies/ESO575-023/P4/ESO575-023.phot.1_nonan.fits.gz
404	https://irsa.ipac.caltech.edu/data/SPITZER/S4G/galaxies/ESO601-001/P4/ESO601-001.phot.1_nonan.fits.gz
404	https://irsa.ipac.caltech.edu/data/SPITZER/S4G/galaxies/ESO580-005/P4/ESO580-005.phot.1_nonan.fits.gz
200	https://irsa.ipac.caltech.edu/data/SPITZER/S4G/galaxies/ESO440-011/P4/ESO440-011.phot.1_nonan.fits.gz
200	https://irsa.ipac.caltech.edu/data/SPITZER/S4G/galaxies/ESO440-027/P4/ESO440-027.phot.1_nonan.fits.gz
200	https://irsa.ipac.caltech.edu/data/SPITZER/S4G/galaxies/ESO440-044/P4/ESO440-044.phot.1_nonan.fits.gz
200	https://irsa.ipac.caltech.edu/data/SPITZER/S4G/galaxies/ESO440-037/P4/ESO440-037.phot.1_nonan.fits.gz
404	https://irsa.ipac.caltech.edu/data/SPITZER/S4G/galaxies/NGC4108A/P4/NGC4108A.phot.1_nonan.fits.gz
200	https://irsa.ipac.caltech.edu/data/SPITZER/S4G/galaxies/ESO440-046/P4/ESO440-046.phot.1_nonan.fits.gz
200	https://irsa.ipac.caltech.edu/data/SPITZER/S4G/galaxies/NGC5470/P4/NGC5470.phot.1_nonan.fits.gz
200	https://irsa.ipac.caltech.edu/data/SPITZER/S4G/galaxies/NGC5468/P4/NGC5468.phot.1_nonan.fits.gz
200	https://irsa.ipac.caltech.edu/data/SPITZER/S4G/galaxies/NGC5472/P4/NGC5472.phot.1_nonan.fits.gz
200	https://irsa.ipac.caltech.edu/data/SPITZER/S4G/galaxies/NGC5473/P4/NGC5473.phot.1_nonan.fits.gz
200	https://irsa.ipac.caltech.edu/data/SPITZER/S4G/galaxies/NGC5476/P4/NGC5476.phot.1_nonan.fits.gz
200	https://irsa.ipac.caltech.edu/data/SPITZER/S4G/galaxies/NGC5474/P4/NGC5474.phot.1_nonan.fits.gz
200	https://irsa.ipac.caltech.edu/data/SPITZER/S4G/galaxies/NGC5477/P4/NGC5477.phot.1_nonan.fits.gz
200	https://irsa.ipac.caltech.edu/data/SPITZER/S4G/galaxies/NGC5480/P4/NGC5480.phot.1_nonan.fits.gz
200	https://irsa.ipac.caltech.edu/data/SPITZER/S4G/galaxies/NGC5481/P4/NGC5481.phot.1_nonan.fits.gz
200	https://irsa.ipac.caltech.edu/data/SPITZER/S4G/galaxies/NGC5486/P4/NGC5486.phot.1_nonan.fits.gz
200	https://irsa.ipac.caltech.edu/data/SPITZER/S4G/galaxies/NGC5492/P4/NGC5492.phot.1_nonan.fits.gz
200	https://irsa.ipac.caltech.edu/data/SPITZER/S4G/galaxies/NGC5496/P4/NGC5496.phot.1_nonan.fits.gz
404	https://irsa.ipac.caltech.edu/data/SPITZER/S4G/galaxies/PGC034493/P4/PGC034493.phot.1_nonan.fits.gz
404	https://irsa.ipac.caltech.edu/data/SPITZER/S4G/galaxies/PGC035111/P4/PGC035111.phot.1_nonan.fits.gz
404	https://irsa.ipac.caltech.edu/data/SPITZER/S4G/galaxies/PGC036031/P4/PGC036031.phot.1_nonan.fits.gz
404	https://irsa.ipac.caltech.edu/data/SPITZER/S4G/galaxies/PGC038717/P4/PGC038717.phot.1_nonan.fits.gz
404	https://irsa.ipac.caltech.edu/data/SPITZER/S4G/galaxies/NGC1253A/P4/NGC1253A.phot.1_nonan.fits.gz
404	https://irsa.ipac.caltech.edu/data/SPITZER/S4G/galaxies/PGC039413/P4/PGC039413.phot.1_nonan.fits.gz
404	https://irsa.ipac.caltech.edu/data/SPITZER/S4G/galaxies/NGC1266/P4/NGC1266.phot.1_nonan.fits.gz
404	https://irsa.ipac.caltech.edu/data/SPITZER/S4G/galaxies/NGC1316/P4/NGC1316.phot.1_nonan.fits.gz
404	https://irsa.ipac.caltech.edu/data/SPITZER/S4G/galaxies/NGC1317/P4/NGC1317.phot.1_nonan.fits.gz
404	https://irsa.ipac.caltech.edu/data/SPITZER/S4G/galaxies/NGC1320/P4/NGC1320.phot.1_nonan.fits.gz
404	https://irsa.ipac.caltech.edu/data/SPITZER/S4G/galaxies/NGC1369/P4/NGC1369.phot.1_nonan.fits.gz
404	https://irsa.ipac.caltech.edu/data/SPITZER/S4G/galaxies/NGC1377/P4/NGC1377.phot.1_nonan.fits.gz
404	https://irsa.ipac.caltech.edu/data/SPITZER/S4G/galaxies/NGC1404/P4/NGC1404.phot.1_nonan.fits.gz
404	https://irsa.ipac.caltech.edu/data/SPITZER/S4G/galaxies/NGC1522/P4/NGC1522.phot.1_nonan.fits.gz
200	https://irsa.ipac.caltech.edu/data/SPITZER/S4G/galaxies/ESO440-049/P4/ESO440-049.phot.1_nonan.fits.gz
200	https://irsa.ipac.caltech.edu/data/SPITZER/S4G/galaxies/ESO441-011/P4/ESO441-011.phot.1_nonan.fits.gz
200	https://irsa.ipac.caltech.edu/data/SPITZER/S4G/galaxies/ESO441-014/P4/ESO441-014.phot.1_nonan.fits.gz
200	https://irsa.ipac.caltech.edu/data/SPITZER/S4G/galaxies/ESO441-017/P4/ESO441-017.phot.1_nonan.fits.gz
200	https://irsa.ipac.caltech.edu/data/SPITZER/S4G/galaxies/ESO442-013/P4/ESO442-013.phot.1_nonan.fits.gz
200	https://irsa.ipac.caltech.edu/data/SPITZER/S4G/galaxies/ESO443-021/P4/ESO443-021.phot.1_nonan.fits.gz
200	https://irsa.ipac.caltech.edu/data/SPITZER/S4G/galaxies/ESO443-042/P4/ESO443-042.phot.1_nonan.fits.gz
200	https://irsa.ipac.caltech.edu/data/SPITZER/S4G/galaxies/ESO443-069/P4/ESO443-069.phot.1_nonan.fits.gz
200	https://irsa.ipac.caltech.edu/data/SPITZER/S4G/galaxies/ESO504-010/P4/ESO504-010.phot.1_nonan.fits.gz
200	https://irsa.ipac.caltech.edu/data/SPITZER/S4G/galaxies/ESO504-024/P4/ESO504-024.phot.1_nonan.fits.gz
200	https://irsa.ipac.caltech.edu/data/SPITZER/S4G/galaxies/ESO504-028/P4/ESO504-028.phot.1_nonan.fits.gz
200	https://irsa.ipac.caltech.edu/data/SPITZER/S4G/galaxies/ESO505-002/P4/ESO505-002.phot.1_nonan.fits.gz
200	https://irsa.ipac.caltech.edu/data/SPITZER/S4G/galaxies/ESO505-003/P4/ESO505-003.phot.1_nonan.fits.gz
200	https://irsa.ipac.caltech.edu/data/SPITZER/S4G/galaxies/NGC5506/P4/NGC5506.phot.1_nonan.fits.gz
200	https://irsa.ipac.caltech.edu/data/SPITZER/S4G/galaxies/NGC3266/P4/NGC3266.phot.1_nonan.fits.gz
200	https://irsa.ipac.caltech.edu/data/SPITZER/S4G/galaxies/NGC3264/P4/NGC3264.phot.1_nonan.fits.gz
200	https://irsa.ipac.caltech.edu/data/SPITZER/S4G/galaxies/NGC3274/P4/NGC3274.phot.1_nonan.fits.gz
200	https://irsa.ipac.caltech.edu/data/SPITZER/S4G/galaxies/NGC3277/P4/NGC3277.phot.1_nonan.fits.gz
200	https://irsa.ipac.caltech.edu/data/SPITZER/S4G/galaxies/NGC3279/P4/NGC3279.phot.1_nonan.fits.gz
200	https://irsa.ipac.caltech.edu/data/SPITZER/S4G/galaxies/NGC3287/P4/NGC3287.phot.1_nonan.fits.gz
200	https://irsa.ipac.caltech.edu/data/SPITZER/S4G/galaxies/NGC3294/P4/NGC3294.phot.1_nonan.fits.gz
200	https://irsa.ipac.caltech.edu/data/SPITZER/S4G/galaxies/NGC3299/P4/NGC3299.phot.1_nonan.fits.gz
200	https://irsa.ipac.caltech.edu/data/SPITZER/S4G/galaxies/NGC3301/P4/NGC3301.phot.1_nonan.fits.gz
200	https://irsa.ipac.caltech.edu/data/SPITZER/S4G/galaxies/NGC3306/P4/NGC3306.phot.1_nonan.fits.gz
200	https://irsa.ipac.caltech.edu/data/SPITZER/S4G/galaxies/NGC3310/P4/NGC3310.phot.1_nonan.fits.gz
200	https://irsa.ipac.caltech.edu/data/SPITZER/S4G/galaxies/NGC3319/P4/NGC3319.phot.1_nonan.fits.gz
200	https://irsa.ipac.caltech.edu/data/SPITZER/S4G/galaxies/UGC07906/P4/UGC07906.phot.1_nonan.fits.gz
200	https://irsa.ipac.caltech.edu/data/SPITZER/S4G/galaxies/UGC07908/P4/UGC07908.phot.1_nonan.fits.gz
200	https://irsa.ipac.caltech.edu/data/SPITZER/S4G/galaxies/UGC07911/P4/UGC07911.phot.1_nonan.fits.gz
200	https://irsa.ipac.caltech.edu/data/SPITZER/S4G/galaxies/UGC07941/P4/UGC07941.phot.1_nonan.fits.gz
200	https://irsa.ipac.caltech.edu/data/SPITZER/S4G/galaxies/UGC07943/P4/UGC07943.phot.1_nonan.fits.gz
200	https://irsa.ipac.caltech.edu/data/SPITZER/S4G/galaxies/UGC07949/P4/UGC07949.phot.1_nonan.fits.gz
200	https://irsa.ipac.caltech.edu/data/SPITZER/S4G/galaxies/UGC07950/P4/UGC07950.phot.1_nonan.fits.gz
200	https://irsa.ipac.caltech.edu/data/SPITZER/S4G/galaxies/UGC07982/P4/UGC07982.phot.1_nonan.fits.gz
200	https://irsa.ipac.caltech.edu/data/SPITZER/S4G/galaxies/UGC07991/P4/UGC07991.phot.1_nonan.fits.gz
200	https://irsa.ipac.caltech.edu/data/SPITZER/S4G/galaxies/UGC08040/P4/UGC08040.phot.1_nonan.fits.gz
200	https://irsa.ipac.caltech.edu/data/SPITZER/S4G/galaxies/NGC7412/P4/NGC7412.phot.1_nonan.fits.gz
200	https://irsa.ipac.caltech.edu/data/SPITZER/S4G/galaxies/NGC7416/P4/NGC7416.phot.1_nonan.fits.gz
200	https://irsa.ipac.caltech.edu/data/SPITZER/S4G/galaxies/NGC7418/P4/NGC7418.phot.1_nonan.fits.gz
200	https://irsa.ipac.caltech.edu/data/SPITZER/S4G/galaxies/NGC7418A/P4/NGC7418A.phot.1_nonan.fits.gz
404	https://irsa.ipac.caltech.edu/data/SPITZER/S4G/galaxies/NGC1536/P4/NGC1536.phot.1_nonan.fits.gz
404	https://irsa.ipac.caltech.edu/data/SPITZER/S4G/galaxies/NGC1617/P4/NGC1617.phot.1_nonan.fits.gz
404	https://irsa.ipac.caltech.edu/data/SPITZER/S4G/galaxies/NGC1796/P4/NGC1796.phot.1_nonan.fits.gz
404	https://irsa.ipac.caltech.edu/data/SPITZER/S4G/galaxies/NGC2082/P4/NGC2082.phot.1_nonan.fits.gz
404	https://irsa.ipac.caltech.edu/data/SPITZER/S4G/galaxies/UGC08231/P4/UGC08231.phot.1_nonan.fits.gz
404	https://irsa.ipac.caltech.edu/data/SPITZER/S4G/galaxies/NGC2544/P4/NGC2544.phot.1_nonan.fits.gz
404	https://irsa.ipac.caltech.edu/data/SPITZER/S4G/galaxies/UGC08245/P4/UGC08245.phot.1_nonan.fits.gz
404	https://irsa.ipac.caltech.edu/data/SPITZER/S4G/galaxies/UGC08308/P4/UGC08308.phot.1_nonan.fits.gz
404	https://irsa.ipac.caltech.edu/data/SPITZER/S4G/galaxies/UGC08386/P4/UGC08386.phot.1_nonan.fits.gz
404	https://irsa.ipac.caltech.edu/data/SPITZER/S4G/galaxies/UGC08491/P4/UGC08491.phot.1_nonan.fits.gz
404	https://irsa.ipac.caltech.edu/data/SPITZER/S4G/galaxies/UGC08656/P4/UGC08656.phot.1_nonan.fits.gz
404	https://irsa.ipac.caltech.edu/data/SPITZER/S4G/galaxies/UGC08514/P4/UGC08514.phot.1_nonan.fits.gz
404	https://irsa.ipac.caltech.edu/data/SPITZER/S4G/galaxies/UGC08736/P4/UGC08736.phot.1_nonan.fits.gz
404	https://irsa.ipac.caltech.edu/data/SPITZER/S4G/galaxies/UGC08731/P4/UGC08731.phot.1_nonan.fits.gz
200	https://irsa.ipac.caltech.edu/data/SPITZER/S4G/galaxies/ESO505-008/P4/ESO505-008.phot.1_nonan.fits.gz
200	https://irsa.ipac.caltech.edu/data/SPITZER/S4G/galaxies/ESO505-009/P4/ESO505-009.phot.1_nonan.fits.gz
200	https://irsa.ipac.caltech.edu/data/SPITZER/S4G/galaxies/ESO505-013/P4/ESO505-013.phot.1_nonan.fits.gz
200	https://irsa.ipac.caltech.edu/data/SPITZER/S4G/galaxies/ESO505-023/P4/ESO505-023.phot.1_nonan.fits.gz
200	https://irsa.ipac.caltech.edu/data/SPITZER/S4G/galaxies/ESO506-018/P4/ESO506-018.phot.1_nonan.fits.gz
200	https://irsa.ipac.caltech.edu/data/SPITZER/S4G/galaxies/ESO506-029/P4/ESO506-029.phot.1_nonan.fits.gz
200	https://irsa.ipac.caltech.edu/data/SPITZER/S4G/galaxies/ESO506-033/P4/ESO506-033.phot.1_nonan.fits.gz
200	https://irsa.ipac.caltech.edu/data/SPITZER/S4G/galaxies/ESO507-065/P4/ESO507-065.phot.1_nonan.fits.gz
200	https://irsa.ipac.caltech.edu/data/SPITZER/S4G/galaxies/ESO471-006/P4/ESO471-006.phot.1_nonan.fits.gz
200	https://irsa.ipac.caltech.edu/data/SPITZER/S4G/galaxies/ESO476-010/P4/ESO476-010.phot.1_nonan.fits.gz
200	https://irsa.ipac.caltech.edu/data/SPITZER/S4G/galaxies/ESO477-016/P4/ESO477-016.phot.1_nonan.fits.gz
200	https://irsa.ipac.caltech.edu/data/SPITZER/S4G/galaxies/ESO479-004/P4/ESO479-004.phot.1_nonan.fits.gz
200	https://irsa.ipac.caltech.edu/data/SPITZER/S4G/galaxies/ESO479-025/P4/ESO479-025.phot.1_nonan.fits.gz
200	https://irsa.ipac.caltech.edu/data/SPITZER/S4G/galaxies/NGC3320/P4/NGC3320.phot.1_nonan.fits.gz
200	https://irsa.ipac.caltech.edu/data/SPITZER/S4G/galaxies/NGC4106/P4/NGC4106.phot.1_nonan.fits.gz
200	https://irsa.ipac.caltech.edu/data/SPITZER/S4G/galaxies/NGC4108/P4/NGC4108.phot.1_nonan.fits.gz
200	https://irsa.ipac.caltech.edu/data/SPITZER/S4G/galaxies/NGC4108B/P4/NGC4108B.phot.1_nonan.fits.gz
200	https://irsa.ipac.caltech.edu/data/SPITZER/S4G/galaxies/NGC4111/P4/NGC4111.phot.1_nonan.fits.gz
200	https://irsa.ipac.caltech.edu/data/SPITZER/S4G/galaxies/NGC4116/P4/NGC4116.phot.1_nonan.fits.gz
200	https://irsa.ipac.caltech.edu/data/SPITZER/S4G/galaxies/NGC4117/P4/NGC4117.phot.1_nonan.fits.gz
200	https://irsa.ipac.caltech.edu/data/SPITZER/S4G/galaxies/NGC4120/P4/NGC4120.phot.1_nonan.fits.gz
200	https://irsa.ipac.caltech.edu/data/SPITZER/S4G/galaxies/NGC4123/P4/NGC4123.phot.1_nonan.fits.gz
200	https://irsa.ipac.caltech.edu/data/SPITZER/S4G/galaxies/NGC4127/P4/NGC4127.phot.1_nonan.fits.gz
200	https://irsa.ipac.caltech.edu/data/SPITZER/S4G/galaxies/NGC4129/P4/NGC4129.phot.1_nonan.fits.gz
200	https://irsa.ipac.caltech.edu/data/SPITZER/S4G/galaxies/NGC4133/P4/NGC4133.phot.1_nonan.fits.gz
200	https://irsa.ipac.caltech.edu/data/SPITZER/S4G/galaxies/NGC4136/P4/NGC4136.phot.1_nonan.fits.gz
200	https://irsa.ipac.caltech.edu/data/SPITZER/S4G/galaxies/NGC4138/P4/NGC4138.phot.1_nonan.fits.gz
200	https://irsa.ipac.caltech.edu/data/SPITZER/S4G/galaxies/NGC7421/P4/NGC7421.phot.1_nonan.fits.gz
200	https://irsa.ipac.caltech.edu/data/SPITZER/S4G/galaxies/NGC7424/P4/NGC7424.phot.1_nonan.fits.gz
200	https://irsa.ipac.caltech.edu/data/SPITZER/S4G/galaxies/NGC7437/P4/NGC7437.phot.1_nonan.fits.gz
200	https://irsa.ipac.caltech.edu/data/SPITZER/S4G/galaxies/NGC7448/P4/NGC7448.phot.1_nonan.fits.gz
200	https://irsa.ipac.caltech.edu/data/SPITZER/S4G/galaxies/NGC7456/P4/NGC7456.phot.1_nonan.fits.gz
200	https://irsa.ipac.caltech.edu/data/SPITZER/S4G/galaxies/NGC7462/P4/NGC7462.phot.1_nonan.fits.gz
200	https://irsa.ipac.caltech.edu/data/SPITZER/S4G/galaxies/NGC7463/P4/NGC7463.phot.1_nonan.fits.gz
200	https://irsa.ipac.caltech.edu/data/SPITZER/S4G/galaxies/NGC7465/P4/NGC7465.phot.1_nonan.fits.gz
200	https://irsa.ipac.caltech.edu/data/SPITZER/S4G/galaxies/NGC7479/P4/NGC7479.phot.1_nonan.fits.gz
200	https://irsa.ipac.caltech.edu/data/SPITZER/S4G/galaxies/PGC067871/P4/PGC067871.phot.1_nonan.fits.gz
200	https://irsa.ipac.caltech.edu/data/SPITZER/S4G/galaxies/PGC066738/P4/PGC066738.phot.1_nonan.fits.gz
200	https://irsa.ipac.caltech.edu/data/SPITZER/S4G/galaxies/PGC068061/P4/PGC068061.phot.1_nonan.fits.gz
200	https://irsa.ipac.caltech.edu/data/SPITZER/S4G/galaxies/PGC068030/P4/PGC068030.phot.1_nonan.fits.gz
404	https://irsa.ipac.caltech.edu/data/SPITZER/S4G/galaxies/UGC08741/P4/UGC08741.phot.1_nonan.fits.gz
404	https://irsa.ipac.caltech.edu/data/SPITZER/S4G/galaxies/UGC08822/P4/UGC08822.phot.1_nonan.fits.gz
404	https://irsa.ipac.caltech.edu/data/SPITZER/S4G/galaxies/UGC08857/P4/UGC08857.phot.1_nonan.fits.gz
404	https://irsa.ipac.caltech.edu/data/SPITZER/S4G/galaxies/UGC08876/P4/UGC08876.phot.1_nonan.fits.gz
404	https://irsa.ipac.caltech.edu/data/SPITZER/S4G/galaxies/UGC08970/P4/UGC08970.phot.1_nonan.fits.gz
404	https://irsa.ipac.caltech.edu/data/SPITZER/S4G/galaxies/NGC3674/P4/NGC3674.phot.1_nonan.fits.gz
404	https://irsa.ipac.caltech.edu/data/SPITZER/S4G/galaxies/NGC3818/P4/NGC3818.phot.1_nonan.fits.gz
404	https://irsa.ipac.caltech.edu/data/SPITZER/S4G/galaxies/NGC3796/P4/NGC3796.phot.1_nonan.fits.gz
404	https://irsa.ipac.caltech.edu/data/SPITZER/S4G/galaxies/NGC3838/P4/NGC3838.phot.1_nonan.fits.gz
404	https://irsa.ipac.caltech.edu/data/SPITZER/S4G/galaxies/NGC3923/P4/NGC3923.phot.1_nonan.fits.gz
404	https://irsa.ipac.caltech.edu/data/SPITZER/S4G/galaxies/NGC3957/P4/NGC3957.phot.1_nonan.fits.gz
404	https://irsa.ipac.caltech.edu/data/SPITZER/S4G/galaxies/NGC3945/P4/NGC3945.phot.1_nonan.fits.gz
404	https://irsa.ipac.caltech.edu/data/SPITZER/S4G/galaxies/NGC3990/P4/NGC3990.phot.1_nonan.fits.gz
200	https://irsa.ipac.caltech.edu/data/SPITZER/S4G/galaxies/ESO480-020/P4/ESO480-020.phot.1_nonan.fits.gz
200	https://irsa.ipac.caltech.edu/data/SPITZER/S4G/galaxies/ESO480-025/P4/ESO480-025.phot.1_nonan.fits.gz
200	https://irsa.ipac.caltech.edu/data/SPITZER/S4G/galaxies/ESO481-014/P4/ESO481-014.phot.1_nonan.fits.gz
200	https://irsa.ipac.caltech.edu/data/SPITZER/S4G/galaxies/ESO481-018/P4/ESO481-018.phot.1_nonan.fits.gz
200	https://irsa.ipac.caltech.edu/data/SPITZER/S4G/galaxies/ESO481-030/P4/ESO481-030.phot.1_nonan.fits.gz
200	https://irsa.ipac.caltech.edu/data/SPITZER/S4G/galaxies/ESO482-005/P4/ESO482-005.phot.1_nonan.fits.gz
200	https://irsa.ipac.caltech.edu/data/SPITZER/S4G/galaxies/ESO482-011/P4/ESO482-011.phot.1_nonan.fits.gz
200	https://irsa.ipac.caltech.edu/data/SPITZER/S4G/galaxies/ESO482-013/P4/ESO482-013.phot.1_nonan.fits.gz
200	https://irsa.ipac.caltech.edu/data/SPITZER/S4G/galaxies/ESO482-035/P4/ESO482-035.phot.1_nonan.fits.gz
200	https://irsa.ipac.caltech.edu/data/SPITZER/S4G/galaxies/ESO482-046/P4/ESO482-046.phot.1_nonan.fits.gz
200	https://irsa.ipac.caltech.edu/data/SPITZER/S4G/galaxies/ESO483-008/P4/ESO483-008.phot.1_nonan.fits.gz
200	https://irsa.ipac.caltech.edu/data/SPITZER/S4G/galaxies/ESO483-013/P4/ESO483-013.phot.1_nonan.fits.gz
200	https://irsa.ipac.caltech.edu/data/SPITZER/S4G/galaxies/ESO485-021/P4/ESO485-021.phot.1_nonan.fits.gz
200	https://irsa.ipac.caltech.edu/data/SPITZER/S4G/galaxies/ESO486-003/P4/ESO486-003.phot.1_nonan.fits.gz
200	https://irsa.ipac.caltech.edu/data/SPITZER/S4G/galaxies/NGC4597/P4/NGC4597.phot.1_nonan.fits.gz
200	https://irsa.ipac.caltech.edu/data/SPITZER/S4G/galaxies/NGC4599/P4/NGC4599.phot.1_nonan.fits.gz
200	https://irsa.ipac.caltech.edu/data/SPITZER/S4G/galaxies/NGC4602/P4/NGC4602.phot.1_nonan.fits.gz
200	https://irsa.ipac.caltech.edu/data/SPITZER/S4G/galaxies/NGC4604/P4/NGC4604.phot.1_nonan.fits.gz
200	https://irsa.ipac.caltech.edu/data/SPITZER/S4G/galaxies/NGC4605/P4/NGC4605.phot.1_nonan.fits.gz
200	https://irsa.ipac.caltech.edu/data/SPITZER/S4G/galaxies/NGC4606/P4/NGC4606.phot.1_nonan.fits.gz
200	https://irsa.ipac.caltech.edu/data/SPITZER/S4G/galaxies/NGC4607/P4/NGC4607.phot.1_nonan.fits.gz
200	https://irsa.ipac.caltech.edu/data/SPITZER/S4G/galaxies/NGC4618/P4/NGC4618.phot.1_nonan.fits.gz
200	https://irsa.ipac.caltech.edu/data/SPITZER/S4G/galaxies/NGC4625/P4/NGC4625.phot.1_nonan.fits.gz
200	https://irsa.ipac.caltech.edu/data/SPITZER/S4G/galaxies/NGC4628/P4/NGC4628.phot.1_nonan.fits.gz
200	https://irsa.ipac.caltech.edu/data/SPITZER/S4G/galaxies/NGC4629/P4/NGC4629.phot.1_nonan.fits.gz
200	https://irsa.ipac.caltech.edu/data/SPITZER/S4G/galaxies/NGC4630/P4/NGC4630.phot.1_nonan.fits.gz
200	https://irsa.ipac.caltech.edu/data/SPITZER/S4G/galaxies/NGC4631/P4/NGC4631.phot.1_nonan.fits.gz
200	https://irsa.ipac.caltech.edu/data/SPITZER/S4G/galaxies/PGC068771/P4/PGC068771.phot.1_nonan.fits.gz
200	https://irsa.ipac.caltech.edu/data/SPITZER/S4G/galaxies/PGC069114/P4/PGC069114.phot.1_nonan.fits.gz
200	https://irsa.ipac.caltech.edu/data/SPITZER/S4G/galaxies/PGC069224/P4/PGC069224.phot.1_nonan.fits.gz
200	https://irsa.ipac.caltech.edu/data/SPITZER/S4G/galaxies/PGC069293/P4/PGC069293.phot.1_nonan.fits.gz
200	https://irsa.ipac.caltech.edu/data/SPITZER/S4G/galaxies/PGC069339/P4/PGC069339.phot.1_nonan.fits.gz
200	https://irsa.ipac.caltech.edu/data/SPITZER/S4G/galaxies/PGC069404/P4/PGC069404.phot.1_nonan.fits.gz
200	https://irsa.ipac.caltech.edu/data/SPITZER/S4G/galaxies/PGC069415/P4/PGC069415.phot.1_nonan.fits.gz
200	https://irsa.ipac.caltech.edu/data/SPITZER/S4G/galaxies/PGC069448/P4/PGC069448.phot.1_nonan.fits.gz
200	https://irsa.ipac.caltech.edu/data/SPITZER/S4G/galaxies/PGC069691/P4/PGC069691.phot.1_nonan.fits.gz
200	https://irsa.ipac.caltech.edu/data/SPITZER/S4G/galaxies/UGC06014/P4/UGC06014.phot.1_nonan.fits.gz
200	https://irsa.ipac.caltech.edu/data/SPITZER/S4G/galaxies/UGC06080/P4/UGC06080.phot.1_nonan.fits.gz
200	https://irsa.ipac.caltech.edu/data/SPITZER/S4G/galaxies/UGC06023/P4/UGC06023.phot.1_nonan.fits.gz
200	https://irsa.ipac.caltech.edu/data/SPITZER/S4G/galaxies/ESO486-021/P4/ESO486-021.phot.1_nonan.fits.gz
200	https://irsa.ipac.caltech.edu/data/SPITZER/S4G/galaxies/UGC06083/P4/UGC06083.phot.1_nonan.fits.gz
200	https://irsa.ipac.caltech.edu/data/SPITZER/S4G/galaxies/ESO501-079/P4/ESO501-079.phot.1_nonan.fits.gz
200	https://irsa.ipac.caltech.edu/data/SPITZER/S4G/galaxies/ESO501-080/P4/ESO501-080.phot.1_nonan.fits.gz
200	https://irsa.ipac.caltech.edu/data/SPITZER/S4G/galaxies/ESO502-016/P4/ESO502-016.phot.1_nonan.fits.gz
200	https://irsa.ipac.caltech.edu/data/SPITZER/S4G/galaxies/ESO502-020/P4/ESO502-020.phot.1_nonan.fits.gz
200	https://irsa.ipac.caltech.edu/data/SPITZER/S4G/galaxies/ESO502-023/P4/ESO502-023.phot.1_nonan.fits.gz
200	https://irsa.ipac.caltech.edu/data/SPITZER/S4G/galaxies/ESO503-022/P4/ESO503-022.phot.1_nonan.fits.gz
200	https://irsa.ipac.caltech.edu/data/SPITZER/S4G/galaxies/ESO548-025/P4/ESO548-025.phot.1_nonan.fits.gz
200	https://irsa.ipac.caltech.edu/data/SPITZER/S4G/galaxies/ESO548-032/P4/ESO548-032.phot.1_nonan.fits.gz
200	https://irsa.ipac.caltech.edu/data/SPITZER/S4G/galaxies/ESO548-063/P4/ESO548-063.phot.1_nonan.fits.gz
200	https://irsa.ipac.caltech.edu/data/SPITZER/S4G/galaxies/ESO548-082/P4/ESO548-082.phot.1_nonan.fits.gz
200	https://irsa.ipac.caltech.edu/data/SPITZER/S4G/galaxies/ESO549-002/P4/ESO549-002.phot.1_nonan.fits.gz
200	https://irsa.ipac.caltech.edu/data/SPITZER/S4G/galaxies/ESO549-018/P4/ESO549-018.phot.1_nonan.fits.gz
200	https://irsa.ipac.caltech.edu/data/SPITZER/S4G/galaxies/UGC06104/P4/UGC06104.phot.1_nonan.fits.gz
200	https://irsa.ipac.caltech.edu/data/SPITZER/S4G/galaxies/UGC06112/P4/UGC06112.phot.1_nonan.fits.gz
200	https://irsa.ipac.caltech.edu/data/SPITZER/S4G/galaxies/UGC06145/P4/UGC06145.phot.1_nonan.fits.gz
200	https://irsa.ipac.caltech.edu/data/SPITZER/S4G/galaxies/UGC06151/P4/UGC06151.phot.1_nonan.fits.gz
200	https://irsa.ipac.caltech.edu/data/SPITZER/S4G/galaxies/UGC06157/P4/UGC06157.phot.1_nonan.fits.gz
200	https://irsa.ipac.caltech.edu/data/SPITZER/S4G/galaxies/UGC06162/P4/UGC06162.phot.1_nonan.fits.gz
200	https://irsa.ipac.caltech.edu/data/SPITZER/S4G/galaxies/UGC06169/P4/UGC06169.phot.1_nonan.fits.gz
200	https://irsa.ipac.caltech.edu/data/SPITZER/S4G/galaxies/UGC06171/P4/UGC06171.phot.1_nonan.fits.gz
200	https://irsa.ipac.caltech.edu/data/SPITZER/S4G/galaxies/UGC06181/P4/UGC06181.phot.1_nonan.fits.gz
200	https://irsa.ipac.caltech.edu/data/SPITZER/S4G/galaxies/UGC09206/P4/UGC09206.phot.1_nonan.fits.gz
200	https://irsa.ipac.caltech.edu/data/SPITZER/S4G/galaxies/UGC09215/P4/UGC09215.phot.1_nonan.fits.gz
200	https://irsa.ipac.caltech.edu/data/SPITZER/S4G/galaxies/UGC09240/P4/UGC09240.phot.1_nonan.fits.gz
200	https://irsa.ipac.caltech.edu/data/SPITZER/S4G/galaxies/UGC09242/P4/UGC09242.phot.1_nonan.fits.gz
200	https://irsa.ipac.caltech.edu/data/SPITZER/S4G/galaxies/UGC09245/P4/UGC09245.phot.1_nonan.fits.gz
404	https://irsa.ipac.caltech.edu/data/SPITZER/S4G/galaxies/NGC4024/P4/NGC4024.phot.1_nonan.fits.gz
404	https://irsa.ipac.caltech.edu/data/SPITZER/S4G/galaxies/NGC4026/P4/NGC4026.phot.1_nonan.fits.gz
404	https://irsa.ipac.caltech.edu/data/SPITZER/S4G/galaxies/NGC4033/P4/NGC4033.phot.1_nonan.fits.gz
404	https://irsa.ipac.caltech.edu/data/SPITZER/S4G/galaxies/NGC4036/P4/NGC4036.phot.1_nonan.fits.gz
404	https://irsa.ipac.caltech.edu/data/SPITZER/S4G/galaxies/NGC4078/P4/NGC4078.phot.1_nonan.fits.gz
404	https://irsa.ipac.caltech.edu/data/SPITZER/S4G/galaxies/PGC040157/P4/PGC040157.phot.1_nonan.fits.gz
404	https://irsa.ipac.caltech.edu/data/SPITZER/S4G/galaxies/PGC040759/P4/PGC040759.phot.1_nonan.fits.gz
404	https://irsa.ipac.caltech.edu/data/SPITZER/S4G/galaxies/PGC040819/P4/PGC040819.phot.1_nonan.fits.gz
404	https://irsa.ipac.caltech.edu/data/SPITZER/S4G/galaxies/PGC042549/P4/PGC042549.phot.1_nonan.fits.gz
404	https://irsa.ipac.caltech.edu/data/SPITZER/S4G/galaxies/PGC042730/P4/PGC042730.phot.1_nonan.fits.gz
404	https://irsa.ipac.caltech.edu/data/SPITZER/S4G/galaxies/PGC043151/P4/PGC043151.phot.1_nonan.fits.gz
404	https://irsa.ipac.caltech.edu/data/SPITZER/S4G/galaxies/PGC044433/P4/PGC044433.phot.1_nonan.fits.gz
404	https://irsa.ipac.caltech.edu/data/SPITZER/S4G/galaxies/PGC044460/P4/PGC044460.phot.1_nonan.fits.gz
404	https://irsa.ipac.caltech.edu/data/SPITZER/S4G/galaxies/PGC044876/P4/PGC044876.phot.1_nonan.fits.gz
200	https://irsa.ipac.caltech.edu/data/SPITZER/S4G/galaxies/NGC5507/P4/NGC5507.phot.1_nonan.fits.gz
200	https://irsa.ipac.caltech.edu/data/SPITZER/S4G/galaxies/NGC5520/P4/NGC5520.phot.1_nonan.fits.gz
200	https://irsa.ipac.caltech.edu/data/SPITZER/S4G/galaxies/NGC5523/P4/NGC5523.phot.1_nonan.fits.gz
200	https://irsa.ipac.caltech.edu/data/SPITZER/S4G/galaxies/NGC5526/P4/NGC5526.phot.1_nonan.fits.gz
200	https://irsa.ipac.caltech.edu/data/SPITZER/S4G/galaxies/NGC5529/P4/NGC5529.phot.1_nonan.fits.gz
200	https://irsa.ipac.caltech.edu/data/SPITZER/S4G/galaxies/NGC5560/P4/NGC5560.phot.1_nonan.fits.gz
200	https://irsa.ipac.caltech.edu/data/SPITZER/S4G/galaxies/NGC5534/P4/NGC5534.phot.1_nonan.fits.gz
200	https://irsa.ipac.caltech.edu/data/SPITZER/S4G/galaxies/NGC5566/P4/NGC5566.phot.1_nonan.fits.gz
200	https://irsa.ipac.caltech.edu/data/SPITZER/S4G/galaxies/NGC5569/P4/NGC5569.phot.1_nonan.fits.gz
200	https://irsa.ipac.caltech.edu/data/SPITZER/S4G/galaxies/NGC5574/P4/NGC5574.phot.1_nonan.fits.gz
200	https://irsa.ipac.caltech.edu/data/SPITZER/S4G/galaxies/NGC5576/P4/NGC5576.phot.1_nonan.fits.gz
200	https://irsa.ipac.caltech.edu/data/SPITZER/S4G/galaxies/NGC5577/P4/NGC5577.phot.1_nonan.fits.gz
200	https://irsa.ipac.caltech.edu/data/SPITZER/S4G/galaxies/NGC5584/P4/NGC5584.phot.1_nonan.fits.gz
200	https://irsa.ipac.caltech.edu/data/SPITZER/S4G/galaxies/UGC09249/P4/UGC09249.phot.1_nonan.fits.gz
200	https://irsa.ipac.caltech.edu/data/SPITZER/S4G/galaxies/UGC09274/P4/UGC09274.phot.1_nonan.fits.gz
200	https://irsa.ipac.caltech.edu/data/SPITZER/S4G/galaxies/UGC09282/P4/UGC09282.phot.1_nonan.fits.gz
200	https://irsa.ipac.caltech.edu/data/SPITZER/S4G/galaxies/UGC09291/P4/UGC09291.phot.1_nonan.fits.gz
200	https://irsa.ipac.caltech.edu/data/SPITZER/S4G/galaxies/UGC09310/P4/UGC09310.phot.1_nonan.fits.gz
200	https://irsa.ipac.caltech.edu/data/SPITZER/S4G/galaxies/UGC09299/P4/UGC09299.phot.1_nonan.fits.gz
200	https://irsa.ipac.caltech.edu/data/SPITZER/S4G/galaxies/UGC09345/P4/UGC09345.phot.1_nonan.fits.gz
200	https://irsa.ipac.caltech.edu/data/SPITZER/S4G/galaxies/NGC7496/P4/NGC7496.phot.1_nonan.fits.gz
200	https://irsa.ipac.caltech.edu/data/SPITZER/S4G/galaxies/UGC09356/P4/UGC09356.phot.1_nonan.fits.gz
200	https://irsa.ipac.caltech.edu/data/SPITZER/S4G/galaxies/NGC7497/P4/NGC7497.phot.1_nonan.fits.gz
200	https://irsa.ipac.caltech.edu/data/SPITZER/S4G/galaxies/NGC7513/P4/NGC7513.phot.1_nonan.fits.gz
200	https://irsa.ipac.caltech.edu/data/SPITZER/S4G/galaxies/NGC7531/P4/NGC7531.phot.1_nonan.fits.gz
200	https://irsa.ipac.caltech.edu/data/SPITZER/S4G/galaxies/NGC7537/P4/NGC7537.phot.1_nonan.fits.gz
200	https://irsa.ipac.caltech.edu/data/SPITZER/S4G/galaxies/ESO549-035/P4/ESO549-035.phot.1_nonan.fits.gz
200	https://irsa.ipac.caltech.edu/data/SPITZER/S4G/galaxies/ESO550-005/P4/ESO550-005.phot.1_nonan.fits.gz
200	https://irsa.ipac.caltech.edu/data/SPITZER/S4G/galaxies/ESO550-024/P4/ESO550-024.phot.1_nonan.fits.gz
200	https://irsa.ipac.caltech.edu/data/SPITZER/S4G/galaxies/ESO551-016/P4/ESO551-016.phot.1_nonan.fits.gz
200	https://irsa.ipac.caltech.edu/data/SPITZER/S4G/galaxies/ESO551-031/P4/ESO551-031.phot.1_nonan.fits.gz
200	https://irsa.ipac.caltech.edu/data/SPITZER/S4G/galaxies/ESO553-017/P4/ESO553-017.phot.1_nonan.fits.gz
200	https://irsa.ipac.caltech.edu/data/SPITZER/S4G/galaxies/ESO567-048/P4/ESO567-048.phot.1_nonan.fits.gz
200	https://irsa.ipac.caltech.edu/data/SPITZER/S4G/galaxies/NGC7541/P4/NGC7541.phot.1_nonan.fits.gz
200	https://irsa.ipac.caltech.edu/data/SPITZER/S4G/galaxies/NGC7552/P4/NGC7552.phot.1_nonan.fits.gz
200	https://irsa.ipac.caltech.edu/data/SPITZER/S4G/galaxies/NGC7582/P4/NGC7582.phot.1_nonan.fits.gz
200	https://irsa.ipac.caltech.edu/data/SPITZER/S4G/galaxies/NGC7599/P4/NGC7599.phot.1_nonan.fits.gz
200	https://irsa.ipac.caltech.edu/data/SPITZER/S4G/galaxies/NGC7590/P4/NGC7590.phot.1_nonan.fits.gz
200	https://irsa.ipac.caltech.edu/data/SPITZER/S4G/galaxies/NGC7625/P4/NGC7625.phot.1_nonan.fits.gz
200	https://irsa.ipac.caltech.edu/data/SPITZER/S4G/galaxies/NGC7606/P4/NGC7606.phot.1_nonan.fits.gz
200	https://irsa.ipac.caltech.edu/data/SPITZER/S4G/galaxies/NGC7661/P4/NGC7661.phot.1_nonan.fits.gz
